Using pre-set license
Built from '2021.3/staging' branch; Version is '2021.3.24f1 (cf10dcf7010d) revision 13570268'; Using compiler version '192829333'; Build Type 'Release'
OS: 'Windows 11  (10.0.22631) 64bit Core' Language: 'ko' Physical Memory: 16010 MB
BatchMode: 1, IsHumanControllingUs: 0, StartBugReporterOnCrash: 0, Is64bit: 1, IsPro: 1

COMMAND LINE ARGUMENTS:
C:\Program Files\Unity\Hub\Editor\2021.3.24f1\Editor\Unity.exe
-adb2
-batchMode
-noUpm
-name
AssetImportWorker0
-projectPath
C:/Users/a0108/OneDrive/바탕 화면/sokovan
-logFile
Logs/AssetImportWorker0.log
-srvPort
63662
Successfully changed project path to: C:/Users/a0108/OneDrive/바탕 화면/sokovan
C:/Users/a0108/OneDrive/바탕 화면/sokovan
[UnityMemory] Configuration Parameters - Can be set up in boot.config
    "memorysetup-bucket-allocator-granularity=16"
    "memorysetup-bucket-allocator-bucket-count=8"
    "memorysetup-bucket-allocator-block-size=33554432"
    "memorysetup-bucket-allocator-block-count=8"
    "memorysetup-main-allocator-block-size=16777216"
    "memorysetup-thread-allocator-block-size=16777216"
    "memorysetup-gfx-main-allocator-block-size=16777216"
    "memorysetup-gfx-thread-allocator-block-size=16777216"
    "memorysetup-cache-allocator-block-size=4194304"
    "memorysetup-typetree-allocator-block-size=2097152"
    "memorysetup-profiler-bucket-allocator-granularity=16"
    "memorysetup-profiler-bucket-allocator-bucket-count=8"
    "memorysetup-profiler-bucket-allocator-block-size=33554432"
    "memorysetup-profiler-bucket-allocator-block-count=8"
    "memorysetup-profiler-allocator-block-size=16777216"
    "memorysetup-profiler-editor-allocator-block-size=1048576"
    "memorysetup-temp-allocator-size-main=16777216"
    "memorysetup-job-temp-allocator-block-size=2097152"
    "memorysetup-job-temp-allocator-block-size-background=1048576"
    "memorysetup-job-temp-allocator-reduction-small-platforms=262144"
    "memorysetup-temp-allocator-size-background-worker=32768"
    "memorysetup-temp-allocator-size-job-worker=262144"
    "memorysetup-temp-allocator-size-preload-manager=33554432"
    "memorysetup-temp-allocator-size-nav-mesh-worker=65536"
    "memorysetup-temp-allocator-size-audio-worker=65536"
    "memorysetup-temp-allocator-size-cloud-worker=32768"
    "memorysetup-temp-allocator-size-gi-baking-worker=262144"
    "memorysetup-temp-allocator-size-gfx=262144"
Player connection [3860] Host "[IP] 0.0.0.0 [Port] 0 [Flags] 2 [Guid] 3938132304 [EditorId] 3938132304 [Version] 1048832 [Id] WindowsEditor(7,BOOK-V0NQ3TJAQQ) [Debug] 1 [PackageName] WindowsEditor [ProjectName] Editor" joined multi-casting on [225.0.0.222:54997]...

Player connection [3860] Host "[IP] 0.0.0.0 [Port] 0 [Flags] 2 [Guid] 3938132304 [EditorId] 3938132304 [Version] 1048832 [Id] WindowsEditor(7,BOOK-V0NQ3TJAQQ) [Debug] 1 [PackageName] WindowsEditor [ProjectName] Editor" joined alternative multi-casting on [225.0.0.222:34997]...

Refreshing native plugins compatible for Editor in 75.79 ms, found 3 plugins.
Preloading 0 native plugins for Editor in 0.00 ms.
Initialize engine version: 2021.3.24f1 (cf10dcf7010d)
[Subsystems] Discovering subsystems at path C:/Program Files/Unity/Hub/Editor/2021.3.24f1/Editor/Data/Resources/UnitySubsystems
[Subsystems] Discovering subsystems at path C:/Users/a0108/OneDrive/바탕 화면/sokovan/Assets
GfxDevice: creating device client; threaded=0; jobified=0
Direct3D:
    Version:  Direct3D 11.0 [level 11.1]
    Renderer: Microsoft Basic Render Driver (ID=0x8c)
    Vendor:   Microsoft
    VRAM:     8005 MB
Initialize mono
Mono path[0] = 'C:/Program Files/Unity/Hub/Editor/2021.3.24f1/Editor/Data/Managed'
Mono path[1] = 'C:/Program Files/Unity/Hub/Editor/2021.3.24f1/Editor/Data/MonoBleedingEdge/lib/mono/unityjit-win32'
Mono config path = 'C:/Program Files/Unity/Hub/Editor/2021.3.24f1/Editor/Data/MonoBleedingEdge/etc'
Using monoOptions --debugger-agent=transport=dt_socket,embedding=1,server=y,suspend=n,address=127.0.0.1:56976
Begin MonoManager ReloadAssembly
Registering precompiled unity dll's ...
Register platform support module: C:/Program Files/Unity/Hub/Editor/2021.3.24f1/Editor/Data/PlaybackEngines/WebGLSupport/UnityEditor.WebGL.Extensions.dll
Register platform support module: C:/Program Files/Unity/Hub/Editor/2021.3.24f1/Editor/Data/PlaybackEngines/WindowsStandaloneSupport/UnityEditor.WindowsStandalone.Extensions.dll
Registered in 0.011188 seconds.
Native extension for WindowsStandalone target not found
Native extension for WebGL target not found
Refreshing native plugins compatible for Editor in 73.96 ms, found 3 plugins.
Preloading 0 native plugins for Editor in 0.00 ms.
Mono: successfully reloaded assembly
- Completed reload, in  0.693 seconds
Domain Reload Profiling:
	ReloadAssembly (694ms)
		BeginReloadAssembly (124ms)
			ExecutionOrderSort (0ms)
			DisableScriptedObjects (0ms)
			BackupInstance (0ms)
			ReleaseScriptingObjects (0ms)
			CreateAndSetChildDomain (1ms)
		EndReloadAssembly (449ms)
			LoadAssemblies (120ms)
			RebuildTransferFunctionScriptingTraits (0ms)
			SetupTypeCache (105ms)
			ReleaseScriptCaches (0ms)
			RebuildScriptCaches (26ms)
			SetupLoadedEditorAssemblies (254ms)
				LogAssemblyErrors (0ms)
				InitializePlatformSupportModulesInManaged (10ms)
				SetLoadedEditorAssemblies (0ms)
				RefreshPlugins (74ms)
				BeforeProcessingInitializeOnLoad (1ms)
				ProcessInitializeOnLoadAttributes (116ms)
				ProcessInitializeOnLoadMethodAttributes (51ms)
				AfterProcessingInitializeOnLoad (0ms)
				EditorAssembliesLoaded (0ms)
			ExecutionOrderSort2 (0ms)
			AwakeInstancesAfterBackupRestoration (0ms)
Platform modules already initialized, skipping
Registering precompiled user dll's ...
Registered in 0.012720 seconds.
Required property 'name' not set (Packages/com.unity.services.core/Runtime/Telemetry/Unity.Services.Core.Telemetry.asmdef)
Required property 'name' not set (Packages/com.unity.services.core/Runtime/Networking/Unity.Services.Core.Networking.asmdef)
Required property 'name' not set (Packages/com.unity.services.core/Runtime/Core.Internal/Unity.Services.Core.Internal.asmdef)
Required property 'name' not set (Packages/com.unity.services.core/Runtime/Configuration/Unity.Services.Core.Configuration.asmdef)
Required property 'name' not set (Packages/com.unity.services.core/Runtime/Core/Unity.Services.Core.asmdef)
Required property 'name' not set (Packages/com.unity.services.core/Editor/Core/Unity.Services.Core.Editor.asmdef)
Required property 'name' not set (Packages/com.unity.services.core/Editor/Core/Configuration/Unity.Services.Core.Configuration.Editor.asmdef)
Required property 'name' not set (Packages/com.unity.services.core/Runtime/Analytics/Unity.Services.Core.Analytics.asmdef)
Required property 'name' not set (Packages/com.unity.services.core/Runtime/Registration/Unity.Services.Core.Registration.asmdef)
Required property 'name' not set (Packages/com.unity.services.core/Runtime/Environments/Unity.Services.Core.Environments.asmdef)
Required property 'name' not set (Packages/com.unity.services.core/Runtime/Scheduler/Unity.Services.Core.Scheduler.asmdef)
Required property 'name' not set (Packages/com.unity.services.core/Runtime/Environments/Internal/Unity.Services.Core.Environments.Internal.asmdef)
Required property 'name' not set (Packages/com.unity.collab-proxy/Editor/Collaborate/Unity.CollabProxy.Editor.asmdef)
Required property 'name' not set (Packages/com.unity.collab-proxy/Tests/Editor/Collaborate/Unity.CollabProxy.EditorTests.asmdef)
Required property 'name' not set (Packages/com.unity.services.core/Runtime/Threading/Unity.Services.Core.Threading.asmdef)
Required property 'name' not set (Packages/com.unity.collab-proxy/Tests/Editor/PlasticSCM/Unity.PlasticSCM.EditorTests.asmdef)
Required property 'name' not set (Packages/com.unity.services.core/Runtime/Device/Unity.Services.Core.Device.asmdef)
Required property 'name' not set (Packages/com.unity.services.core/Runtime/Telemetry/Unity.Services.Core.Telemetry.asmdef)
Required property 'name' not set (Packages/com.unity.services.core/Runtime/Networking/Unity.Services.Core.Networking.asmdef)
Required property 'name' not set (Packages/com.unity.services.core/Runtime/Core.Internal/Unity.Services.Core.Internal.asmdef)
Required property 'name' not set (Packages/com.unity.services.core/Runtime/Configuration/Unity.Services.Core.Configuration.asmdef)
Required property 'name' not set (Packages/com.unity.services.core/Runtime/Core/Unity.Services.Core.asmdef)
Required property 'name' not set (Packages/com.unity.services.core/Editor/Core/Unity.Services.Core.Editor.asmdef)
Required property 'name' not set (Packages/com.unity.services.core/Editor/Core/Configuration/Unity.Services.Core.Configuration.Editor.asmdef)
Required property 'name' not set (Packages/com.unity.services.core/Runtime/Analytics/Unity.Services.Core.Analytics.asmdef)
Required property 'name' not set (Packages/com.unity.services.core/Runtime/Registration/Unity.Services.Core.Registration.asmdef)
Required property 'name' not set (Packages/com.unity.services.core/Runtime/Environments/Unity.Services.Core.Environments.asmdef)
Required property 'name' not set (Packages/com.unity.services.core/Runtime/Scheduler/Unity.Services.Core.Scheduler.asmdef)
Required property 'name' not set (Packages/com.unity.services.core/Runtime/Environments/Internal/Unity.Services.Core.Environments.Internal.asmdef)
Required property 'name' not set (Packages/com.unity.collab-proxy/Editor/Collaborate/Unity.CollabProxy.Editor.asmdef)
Required property 'name' not set (Packages/com.unity.collab-proxy/Tests/Editor/Collaborate/Unity.CollabProxy.EditorTests.asmdef)
Required property 'name' not set (Packages/com.unity.services.core/Runtime/Threading/Unity.Services.Core.Threading.asmdef)
Required property 'name' not set (Packages/com.unity.collab-proxy/Tests/Editor/PlasticSCM/Unity.PlasticSCM.EditorTests.asmdef)
Required property 'name' not set (Packages/com.unity.services.core/Runtime/Device/Unity.Services.Core.Device.asmdef)
Begin MonoManager ReloadAssembly
Symbol file LoadedFromMemory doesn't match image C:\Users\a0108\OneDrive\바탕 화면\sokovan\Library\PackageCache\com.unity.visualscripting@1.8.0\Editor\VisualScripting.Core\Dependencies\YamlDotNet\Unity.VisualScripting.YamlDotNet.dll
Symbol file LoadedFromMemory doesn't match image C:\Users\a0108\OneDrive\바탕 화면\sokovan\Library\PackageCache\com.unity.visualscripting@1.8.0\Editor\VisualScripting.Core\Dependencies\DotNetZip\Unity.VisualScripting.IonicZip.dll
Could not load signature of Unity.PlasticSCM.Editor.Views.PendingChanges.Dialogs.CheckinMergeNeededDialog:Merge due to: Could not resolve type with token 01000088 from typeref (expected class 'PlasticGui.WorkspaceWindow.PendingChanges.CheckinMergeNeededData' in assembly 'unityplastic, Version=10.0.16.6023, Culture=neutral, PublicKeyToken=a107c9c6e34c8876') assembly:unityplastic, Version=10.0.16.6023, Culture=neutral, PublicKeyToken=a107c9c6e34c8876 type:PlasticGui.WorkspaceWindow.PendingChanges.CheckinMergeNeededData member:(null)
Could not load signature of Unity.PlasticSCM.Editor.Views.CreateWorkspace.Dialogs.CreateRepositoryDialog:CreateRepository due to: Could not resolve type with token 010000f5 from typeref (expected class 'PlasticGui.SwitcherWindow.Repositories.RepositoryCreationData' in assembly 'unityplastic, Version=10.0.16.6023, Culture=neutral, PublicKeyToken=a107c9c6e34c8876') assembly:unityplastic, Version=10.0.16.6023, Culture=neutral, PublicKeyToken=a107c9c6e34c8876 type:PlasticGui.SwitcherWindow.Repositories.RepositoryCreationData member:(null)
Could not load signature of Unity.PlasticSCM.Editor.Views.CreateWorkspace.Dialogs.CreateRepositoryDialog:BuildCreationData due to: Could not resolve type with token 010000f5 from typeref (expected class 'PlasticGui.SwitcherWindow.Repositories.RepositoryCreationData' in assembly 'unityplastic, Version=10.0.16.6023, Culture=neutral, PublicKeyToken=a107c9c6e34c8876') assembly:unityplastic, Version=10.0.16.6023, Culture=neutral, PublicKeyToken=a107c9c6e34c8876 type:PlasticGui.SwitcherWindow.Repositories.RepositoryCreationData member:(null)
Unloading broken assembly Library/ScriptAssemblies/Unity.PlasticSCM.Editor.dll, this assembly can cause crashes in the runtime
Native extension for WindowsStandalone target not found
Native extension for WebGL target not found
Refreshing native plugins compatible for Editor in 0.48 ms, found 3 plugins.
Preloading 0 native plugins for Editor in 0.00 ms.
Required property 'name' not set (Packages/com.unity.services.core/Runtime/Telemetry/Unity.Services.Core.Telemetry.asmdef)
Required property 'name' not set (Packages/com.unity.services.core/Runtime/Networking/Unity.Services.Core.Networking.asmdef)
Required property 'name' not set (Packages/com.unity.services.core/Runtime/Core.Internal/Unity.Services.Core.Internal.asmdef)
Required property 'name' not set (Packages/com.unity.services.core/Runtime/Configuration/Unity.Services.Core.Configuration.asmdef)
Required property 'name' not set (Packages/com.unity.services.core/Runtime/Core/Unity.Services.Core.asmdef)
Required property 'name' not set (Packages/com.unity.services.core/Editor/Core/Unity.Services.Core.Editor.asmdef)
Required property 'name' not set (Packages/com.unity.services.core/Editor/Core/Configuration/Unity.Services.Core.Configuration.Editor.asmdef)
Required property 'name' not set (Packages/com.unity.services.core/Runtime/Analytics/Unity.Services.Core.Analytics.asmdef)
Required property 'name' not set (Packages/com.unity.services.core/Runtime/Registration/Unity.Services.Core.Registration.asmdef)
Required property 'name' not set (Packages/com.unity.services.core/Runtime/Environments/Unity.Services.Core.Environments.asmdef)
Required property 'name' not set (Packages/com.unity.services.core/Runtime/Scheduler/Unity.Services.Core.Scheduler.asmdef)
Required property 'name' not set (Packages/com.unity.services.core/Runtime/Environments/Internal/Unity.Services.Core.Environments.Internal.asmdef)
Required property 'name' not set (Packages/com.unity.collab-proxy/Editor/Collaborate/Unity.CollabProxy.Editor.asmdef)
Required property 'name' not set (Packages/com.unity.collab-proxy/Tests/Editor/Collaborate/Unity.CollabProxy.EditorTests.asmdef)
Required property 'name' not set (Packages/com.unity.services.core/Runtime/Threading/Unity.Services.Core.Threading.asmdef)
Required property 'name' not set (Packages/com.unity.collab-proxy/Tests/Editor/PlasticSCM/Unity.PlasticSCM.EditorTests.asmdef)
Required property 'name' not set (Packages/com.unity.services.core/Runtime/Device/Unity.Services.Core.Device.asmdef)
Mono: successfully reloaded assembly
- Completed reload, in  1.215 seconds
Domain Reload Profiling:
	ReloadAssembly (1216ms)
		BeginReloadAssembly (152ms)
			ExecutionOrderSort (0ms)
			DisableScriptedObjects (5ms)
			BackupInstance (0ms)
			ReleaseScriptingObjects (0ms)
			CreateAndSetChildDomain (17ms)
		EndReloadAssembly (934ms)
			LoadAssemblies (148ms)
			RebuildTransferFunctionScriptingTraits (0ms)
			SetupTypeCache (322ms)
			ReleaseScriptCaches (1ms)
			RebuildScriptCaches (96ms)
			SetupLoadedEditorAssemblies (326ms)
				LogAssemblyErrors (0ms)
				InitializePlatformSupportModulesInManaged (9ms)
				SetLoadedEditorAssemblies (0ms)
				RefreshPlugins (1ms)
				BeforeProcessingInitializeOnLoad (133ms)
				ProcessInitializeOnLoadAttributes (143ms)
				ProcessInitializeOnLoadMethodAttributes (21ms)
				AfterProcessingInitializeOnLoad (18ms)
				EditorAssembliesLoaded (0ms)
			ExecutionOrderSort2 (0ms)
			AwakeInstancesAfterBackupRestoration (8ms)
Platform modules already initialized, skipping
========================================================================
Worker process is ready to serve import requests
Launched and connected shader compiler UnityShaderCompiler.exe after 0.19 seconds
Refreshing native plugins compatible for Editor in 0.56 ms, found 3 plugins.
Preloading 0 native plugins for Editor in 0.00 ms.
Unloading 3390 Unused Serialized files (Serialized files now loaded: 0)
Unloading 24 unused Assets / (56.2 KB). Loaded Objects now: 3850.
Memory consumption went from 119.9 MB to 119.8 MB.
Total: 4.304300 ms (FindLiveObjects: 0.459800 ms CreateObjectMapping: 0.131100 ms MarkObjects: 3.615900 ms  DeleteObjects: 0.095600 ms)

AssetImportParameters requested are different than current active one (requested -> active):
  custom:video-decoder-ogg-theora: a1e56fd34408186e4bbccfd4996cb3dc -> 
  custom:container-muxer-webm: aa71ff27fc2769a1b78a27578f13a17b -> 
  custom:container-demuxer-webm: 4f35f7cbe854078d1ac9338744f61a02 -> 
  custom:video-encoder-webm-vp8: eb34c28f22e8b96e1ab97ce403110664 -> 
  custom:video-codec-MediaFoundation-h265: 746d11721c4dcdbdad8f713fa42b33f4 -> 
  custom:audio-encoder-webm-vorbis: bf7c407c2cedff20999df2af8eb42d56 -> 
  custom:framework-win-MediaFoundation: 216162199b28c13a410421893ffa2e32 -> 
  custom:container-demuxer-ogg: 62fdf1f143b41e24485cea50d1cbac27 -> 
  custom:video-decoder-webm-vp8: 9c59270c3fd7afecdb556c50c9e8de78 -> 
  custom:audio-decoder-ogg-vorbis: bf7c407c2cedff20999df2af8eb42d56 -> 
========================================================================
Received Import Request.
  Time since last request: 1703381.576533 seconds.
  path: Assets/Scenes/main.unity
  artifactKey: Guid(9fc0d4010bbf28b4594072e72b8655ab) Importer(815301076,1909f56bfc062723c751e8b465ee728b)
Start importing Assets/Scenes/main.unity using Guid(9fc0d4010bbf28b4594072e72b8655ab) Importer(815301076,1909f56bfc062723c751e8b465ee728b)  -> (artifact id: '3542e26612c86a6de844b24cb6477baf') in 0.025419 seconds 
========================================================================
Received Import Request.
  Time since last request: 125.788941 seconds.
  path: Assets/Scenes/Plsn.mat
  artifactKey: Guid(b01cd5f6a6e4cef43bf2c10813bca4ea) Importer(815301076,1909f56bfc062723c751e8b465ee728b)
Start importing Assets/Scenes/Plsn.mat using Guid(b01cd5f6a6e4cef43bf2c10813bca4ea) Importer(815301076,1909f56bfc062723c751e8b465ee728b)  -> (artifact id: '760f9d8731b834554f04f2b1d7d85bf7') in 0.604267 seconds 
========================================================================
Received Import Request.
  Time since last request: 6.715941 seconds.
  path: Assets/Scenes/plane.mat
  artifactKey: Guid(b01cd5f6a6e4cef43bf2c10813bca4ea) Importer(815301076,1909f56bfc062723c751e8b465ee728b)
Start importing Assets/Scenes/plane.mat using Guid(b01cd5f6a6e4cef43bf2c10813bca4ea) Importer(815301076,1909f56bfc062723c751e8b465ee728b)  -> (artifact id: '5e43882d0548bf540ea23b2995461a6e') in 0.040149 seconds 
========================================================================
Received Prepare
Registering precompiled user dll's ...
Registered in 0.013830 seconds.
Required property 'name' not set (Packages/com.unity.services.core/Runtime/Telemetry/Unity.Services.Core.Telemetry.asmdef)
Required property 'name' not set (Packages/com.unity.services.core/Runtime/Networking/Unity.Services.Core.Networking.asmdef)
Required property 'name' not set (Packages/com.unity.services.core/Runtime/Core.Internal/Unity.Services.Core.Internal.asmdef)
Required property 'name' not set (Packages/com.unity.services.core/Runtime/Configuration/Unity.Services.Core.Configuration.asmdef)
Required property 'name' not set (Packages/com.unity.services.core/Runtime/Core/Unity.Services.Core.asmdef)
Required property 'name' not set (Packages/com.unity.services.core/Editor/Core/Unity.Services.Core.Editor.asmdef)
Required property 'name' not set (Packages/com.unity.services.core/Editor/Core/Configuration/Unity.Services.Core.Configuration.Editor.asmdef)
Required property 'name' not set (Packages/com.unity.services.core/Runtime/Analytics/Unity.Services.Core.Analytics.asmdef)
Required property 'name' not set (Packages/com.unity.services.core/Runtime/Registration/Unity.Services.Core.Registration.asmdef)
Required property 'name' not set (Packages/com.unity.services.core/Runtime/Environments/Unity.Services.Core.Environments.asmdef)
Required property 'name' not set (Packages/com.unity.services.core/Runtime/Scheduler/Unity.Services.Core.Scheduler.asmdef)
Required property 'name' not set (Packages/com.unity.services.core/Runtime/Environments/Internal/Unity.Services.Core.Environments.Internal.asmdef)
Required property 'name' not set (Packages/com.unity.collab-proxy/Editor/Collaborate/Unity.CollabProxy.Editor.asmdef)
Required property 'name' not set (Packages/com.unity.collab-proxy/Tests/Editor/Collaborate/Unity.CollabProxy.EditorTests.asmdef)
Required property 'name' not set (Packages/com.unity.services.core/Runtime/Threading/Unity.Services.Core.Threading.asmdef)
Required property 'name' not set (Packages/com.unity.collab-proxy/Tests/Editor/PlasticSCM/Unity.PlasticSCM.EditorTests.asmdef)
Required property 'name' not set (Packages/com.unity.services.core/Runtime/Device/Unity.Services.Core.Device.asmdef)
Required property 'name' not set (Packages/com.unity.services.core/Runtime/Telemetry/Unity.Services.Core.Telemetry.asmdef)
Required property 'name' not set (Packages/com.unity.services.core/Runtime/Networking/Unity.Services.Core.Networking.asmdef)
Required property 'name' not set (Packages/com.unity.services.core/Runtime/Core.Internal/Unity.Services.Core.Internal.asmdef)
Required property 'name' not set (Packages/com.unity.services.core/Runtime/Configuration/Unity.Services.Core.Configuration.asmdef)
Required property 'name' not set (Packages/com.unity.services.core/Runtime/Core/Unity.Services.Core.asmdef)
Required property 'name' not set (Packages/com.unity.services.core/Editor/Core/Unity.Services.Core.Editor.asmdef)
Required property 'name' not set (Packages/com.unity.services.core/Editor/Core/Configuration/Unity.Services.Core.Configuration.Editor.asmdef)
Required property 'name' not set (Packages/com.unity.services.core/Runtime/Analytics/Unity.Services.Core.Analytics.asmdef)
Required property 'name' not set (Packages/com.unity.services.core/Runtime/Registration/Unity.Services.Core.Registration.asmdef)
Required property 'name' not set (Packages/com.unity.services.core/Runtime/Environments/Unity.Services.Core.Environments.asmdef)
Required property 'name' not set (Packages/com.unity.services.core/Runtime/Scheduler/Unity.Services.Core.Scheduler.asmdef)
Required property 'name' not set (Packages/com.unity.services.core/Runtime/Environments/Internal/Unity.Services.Core.Environments.Internal.asmdef)
Required property 'name' not set (Packages/com.unity.collab-proxy/Editor/Collaborate/Unity.CollabProxy.Editor.asmdef)
Required property 'name' not set (Packages/com.unity.collab-proxy/Tests/Editor/Collaborate/Unity.CollabProxy.EditorTests.asmdef)
Required property 'name' not set (Packages/com.unity.services.core/Runtime/Threading/Unity.Services.Core.Threading.asmdef)
Required property 'name' not set (Packages/com.unity.collab-proxy/Tests/Editor/PlasticSCM/Unity.PlasticSCM.EditorTests.asmdef)
Required property 'name' not set (Packages/com.unity.services.core/Runtime/Device/Unity.Services.Core.Device.asmdef)
Could not load signature of Unity.PlasticSCM.Editor.Views.CreateWorkspace.Dialogs.CreateRepositoryDialog:CreateRepository due to: Could not resolve type with token 010000f5 from typeref (expected class 'PlasticGui.SwitcherWindow.Repositories.RepositoryCreationData' in assembly 'unityplastic, Version=10.0.16.6023, Culture=neutral, PublicKeyToken=a107c9c6e34c8876') assembly:unityplastic, Version=10.0.16.6023, Culture=neutral, PublicKeyToken=a107c9c6e34c8876 type:PlasticGui.SwitcherWindow.Repositories.RepositoryCreationData member:(null)
Could not load signature of Unity.PlasticSCM.Editor.Views.CreateWorkspace.Dialogs.CreateRepositoryDialog:BuildCreationData due to: Could not resolve type with token 010000f5 from typeref (expected class 'PlasticGui.SwitcherWindow.Repositories.RepositoryCreationData' in assembly 'unityplastic, Version=10.0.16.6023, Culture=neutral, PublicKeyToken=a107c9c6e34c8876') assembly:unityplastic, Version=10.0.16.6023, Culture=neutral, PublicKeyToken=a107c9c6e34c8876 type:PlasticGui.SwitcherWindow.Repositories.RepositoryCreationData member:(null)
Begin MonoManager ReloadAssembly
Symbol file LoadedFromMemory doesn't match image C:\Users\a0108\OneDrive\바탕 화면\sokovan\Library\PackageCache\com.unity.visualscripting@1.8.0\Editor\VisualScripting.Core\Dependencies\YamlDotNet\Unity.VisualScripting.YamlDotNet.dll
Symbol file LoadedFromMemory doesn't match image C:\Users\a0108\OneDrive\바탕 화면\sokovan\Library\PackageCache\com.unity.visualscripting@1.8.0\Editor\VisualScripting.Core\Dependencies\DotNetZip\Unity.VisualScripting.IonicZip.dll
Native extension for WindowsStandalone target not found
Native extension for WebGL target not found
Refreshing native plugins compatible for Editor in 0.46 ms, found 3 plugins.
Preloading 0 native plugins for Editor in 0.00 ms.
Required property 'name' not set (Packages/com.unity.services.core/Runtime/Telemetry/Unity.Services.Core.Telemetry.asmdef)
Required property 'name' not set (Packages/com.unity.services.core/Runtime/Networking/Unity.Services.Core.Networking.asmdef)
Required property 'name' not set (Packages/com.unity.services.core/Runtime/Core.Internal/Unity.Services.Core.Internal.asmdef)
Required property 'name' not set (Packages/com.unity.services.core/Runtime/Configuration/Unity.Services.Core.Configuration.asmdef)
Required property 'name' not set (Packages/com.unity.services.core/Runtime/Core/Unity.Services.Core.asmdef)
Required property 'name' not set (Packages/com.unity.services.core/Editor/Core/Unity.Services.Core.Editor.asmdef)
Required property 'name' not set (Packages/com.unity.services.core/Editor/Core/Configuration/Unity.Services.Core.Configuration.Editor.asmdef)
Required property 'name' not set (Packages/com.unity.services.core/Runtime/Analytics/Unity.Services.Core.Analytics.asmdef)
Required property 'name' not set (Packages/com.unity.services.core/Runtime/Registration/Unity.Services.Core.Registration.asmdef)
Required property 'name' not set (Packages/com.unity.services.core/Runtime/Environments/Unity.Services.Core.Environments.asmdef)
Required property 'name' not set (Packages/com.unity.services.core/Runtime/Scheduler/Unity.Services.Core.Scheduler.asmdef)
Required property 'name' not set (Packages/com.unity.services.core/Runtime/Environments/Internal/Unity.Services.Core.Environments.Internal.asmdef)
Required property 'name' not set (Packages/com.unity.collab-proxy/Editor/Collaborate/Unity.CollabProxy.Editor.asmdef)
Required property 'name' not set (Packages/com.unity.collab-proxy/Tests/Editor/Collaborate/Unity.CollabProxy.EditorTests.asmdef)
Required property 'name' not set (Packages/com.unity.services.core/Runtime/Threading/Unity.Services.Core.Threading.asmdef)
Required property 'name' not set (Packages/com.unity.collab-proxy/Tests/Editor/PlasticSCM/Unity.PlasticSCM.EditorTests.asmdef)
Required property 'name' not set (Packages/com.unity.services.core/Runtime/Device/Unity.Services.Core.Device.asmdef)
Mono: successfully reloaded assembly
- Completed reload, in  1.257 seconds
Domain Reload Profiling:
	ReloadAssembly (1258ms)
		BeginReloadAssembly (180ms)
			ExecutionOrderSort (0ms)
			DisableScriptedObjects (4ms)
			BackupInstance (0ms)
			ReleaseScriptingObjects (0ms)
			CreateAndSetChildDomain (24ms)
		EndReloadAssembly (968ms)
			LoadAssemblies (150ms)
			RebuildTransferFunctionScriptingTraits (0ms)
			SetupTypeCache (272ms)
			ReleaseScriptCaches (7ms)
			RebuildScriptCaches (176ms)
			SetupLoadedEditorAssemblies (296ms)
				LogAssemblyErrors (0ms)
				InitializePlatformSupportModulesInManaged (21ms)
				SetLoadedEditorAssemblies (0ms)
				RefreshPlugins (1ms)
				BeforeProcessingInitializeOnLoad (94ms)
				ProcessInitializeOnLoadAttributes (153ms)
				ProcessInitializeOnLoadMethodAttributes (13ms)
				AfterProcessingInitializeOnLoad (14ms)
				EditorAssembliesLoaded (0ms)
			ExecutionOrderSort2 (0ms)
			AwakeInstancesAfterBackupRestoration (8ms)
Platform modules already initialized, skipping
Refreshing native plugins compatible for Editor in 2.75 ms, found 3 plugins.
Preloading 0 native plugins for Editor in 0.00 ms.
Unloading 3040 Unused Serialized files (Serialized files now loaded: 0)
Unloading 396 unused Assets / (28.0 KB). Loaded Objects now: 3568.
Memory consumption went from 117.9 MB to 117.8 MB.
Total: 2.379600 ms (FindLiveObjects: 0.248800 ms CreateObjectMapping: 0.095000 ms MarkObjects: 1.888100 ms  DeleteObjects: 0.146400 ms)

AssetImportParameters requested are different than current active one (requested -> active):
  custom:video-decoder-ogg-theora: a1e56fd34408186e4bbccfd4996cb3dc -> 
  custom:container-muxer-webm: aa71ff27fc2769a1b78a27578f13a17b -> 
  custom:container-demuxer-webm: 4f35f7cbe854078d1ac9338744f61a02 -> 
  custom:video-encoder-webm-vp8: eb34c28f22e8b96e1ab97ce403110664 -> 
  custom:video-codec-MediaFoundation-h265: 746d11721c4dcdbdad8f713fa42b33f4 -> 
  custom:audio-encoder-webm-vorbis: bf7c407c2cedff20999df2af8eb42d56 -> 
  custom:framework-win-MediaFoundation: 216162199b28c13a410421893ffa2e32 -> 
  custom:container-demuxer-ogg: 62fdf1f143b41e24485cea50d1cbac27 -> 
  custom:video-decoder-webm-vp8: 9c59270c3fd7afecdb556c50c9e8de78 -> 
  custom:audio-decoder-ogg-vorbis: bf7c407c2cedff20999df2af8eb42d56 -> 
========================================================================
Received Import Request.
  Time since last request: 1151.234242 seconds.
  path: Assets/Scenes/Player.cs
  artifactKey: Guid(69386855731deb84b90eb302b1bade8c) Importer(815301076,1909f56bfc062723c751e8b465ee728b)
Start importing Assets/Scenes/Player.cs using Guid(69386855731deb84b90eb302b1bade8c) Importer(815301076,1909f56bfc062723c751e8b465ee728b)  -> (artifact id: '17c5788208f28a7e3a2e87c169b9ace5') in 0.050692 seconds 
========================================================================
Received Prepare
Registering precompiled user dll's ...
Registered in 0.011160 seconds.
Required property 'name' not set (Packages/com.unity.services.core/Runtime/Telemetry/Unity.Services.Core.Telemetry.asmdef)
Required property 'name' not set (Packages/com.unity.services.core/Runtime/Networking/Unity.Services.Core.Networking.asmdef)
Required property 'name' not set (Packages/com.unity.services.core/Runtime/Core.Internal/Unity.Services.Core.Internal.asmdef)
Required property 'name' not set (Packages/com.unity.services.core/Runtime/Configuration/Unity.Services.Core.Configuration.asmdef)
Required property 'name' not set (Packages/com.unity.services.core/Runtime/Core/Unity.Services.Core.asmdef)
Required property 'name' not set (Packages/com.unity.services.core/Editor/Core/Unity.Services.Core.Editor.asmdef)
Required property 'name' not set (Packages/com.unity.services.core/Editor/Core/Configuration/Unity.Services.Core.Configuration.Editor.asmdef)
Required property 'name' not set (Packages/com.unity.services.core/Runtime/Analytics/Unity.Services.Core.Analytics.asmdef)
Required property 'name' not set (Packages/com.unity.services.core/Runtime/Registration/Unity.Services.Core.Registration.asmdef)
Required property 'name' not set (Packages/com.unity.services.core/Runtime/Environments/Unity.Services.Core.Environments.asmdef)
Required property 'name' not set (Packages/com.unity.services.core/Runtime/Scheduler/Unity.Services.Core.Scheduler.asmdef)
Required property 'name' not set (Packages/com.unity.services.core/Runtime/Environments/Internal/Unity.Services.Core.Environments.Internal.asmdef)
Required property 'name' not set (Packages/com.unity.collab-proxy/Editor/Collaborate/Unity.CollabProxy.Editor.asmdef)
Required property 'name' not set (Packages/com.unity.collab-proxy/Tests/Editor/Collaborate/Unity.CollabProxy.EditorTests.asmdef)
Required property 'name' not set (Packages/com.unity.services.core/Runtime/Threading/Unity.Services.Core.Threading.asmdef)
Required property 'name' not set (Packages/com.unity.collab-proxy/Tests/Editor/PlasticSCM/Unity.PlasticSCM.EditorTests.asmdef)
Required property 'name' not set (Packages/com.unity.services.core/Runtime/Device/Unity.Services.Core.Device.asmdef)
Required property 'name' not set (Packages/com.unity.services.core/Runtime/Telemetry/Unity.Services.Core.Telemetry.asmdef)
Required property 'name' not set (Packages/com.unity.services.core/Runtime/Networking/Unity.Services.Core.Networking.asmdef)
Required property 'name' not set (Packages/com.unity.services.core/Runtime/Core.Internal/Unity.Services.Core.Internal.asmdef)
Required property 'name' not set (Packages/com.unity.services.core/Runtime/Configuration/Unity.Services.Core.Configuration.asmdef)
Required property 'name' not set (Packages/com.unity.services.core/Runtime/Core/Unity.Services.Core.asmdef)
Required property 'name' not set (Packages/com.unity.services.core/Editor/Core/Unity.Services.Core.Editor.asmdef)
Required property 'name' not set (Packages/com.unity.services.core/Editor/Core/Configuration/Unity.Services.Core.Configuration.Editor.asmdef)
Required property 'name' not set (Packages/com.unity.services.core/Runtime/Analytics/Unity.Services.Core.Analytics.asmdef)
Required property 'name' not set (Packages/com.unity.services.core/Runtime/Registration/Unity.Services.Core.Registration.asmdef)
Required property 'name' not set (Packages/com.unity.services.core/Runtime/Environments/Unity.Services.Core.Environments.asmdef)
Required property 'name' not set (Packages/com.unity.services.core/Runtime/Scheduler/Unity.Services.Core.Scheduler.asmdef)
Required property 'name' not set (Packages/com.unity.services.core/Runtime/Environments/Internal/Unity.Services.Core.Environments.Internal.asmdef)
Required property 'name' not set (Packages/com.unity.collab-proxy/Editor/Collaborate/Unity.CollabProxy.Editor.asmdef)
Required property 'name' not set (Packages/com.unity.collab-proxy/Tests/Editor/Collaborate/Unity.CollabProxy.EditorTests.asmdef)
Required property 'name' not set (Packages/com.unity.services.core/Runtime/Threading/Unity.Services.Core.Threading.asmdef)
Required property 'name' not set (Packages/com.unity.collab-proxy/Tests/Editor/PlasticSCM/Unity.PlasticSCM.EditorTests.asmdef)
Required property 'name' not set (Packages/com.unity.services.core/Runtime/Device/Unity.Services.Core.Device.asmdef)
Begin MonoManager ReloadAssembly
Symbol file LoadedFromMemory doesn't match image C:\Users\a0108\OneDrive\바탕 화면\sokovan\Library\PackageCache\com.unity.visualscripting@1.8.0\Editor\VisualScripting.Core\Dependencies\YamlDotNet\Unity.VisualScripting.YamlDotNet.dll
Symbol file LoadedFromMemory doesn't match image C:\Users\a0108\OneDrive\바탕 화면\sokovan\Library\PackageCache\com.unity.visualscripting@1.8.0\Editor\VisualScripting.Core\Dependencies\DotNetZip\Unity.VisualScripting.IonicZip.dll
Native extension for WindowsStandalone target not found
Native extension for WebGL target not found
Refreshing native plugins compatible for Editor in 0.45 ms, found 3 plugins.
Preloading 0 native plugins for Editor in 0.00 ms.
Required property 'name' not set (Packages/com.unity.services.core/Runtime/Telemetry/Unity.Services.Core.Telemetry.asmdef)
Required property 'name' not set (Packages/com.unity.services.core/Runtime/Networking/Unity.Services.Core.Networking.asmdef)
Required property 'name' not set (Packages/com.unity.services.core/Runtime/Core.Internal/Unity.Services.Core.Internal.asmdef)
Required property 'name' not set (Packages/com.unity.services.core/Runtime/Configuration/Unity.Services.Core.Configuration.asmdef)
Required property 'name' not set (Packages/com.unity.services.core/Runtime/Core/Unity.Services.Core.asmdef)
Required property 'name' not set (Packages/com.unity.services.core/Editor/Core/Unity.Services.Core.Editor.asmdef)
Required property 'name' not set (Packages/com.unity.services.core/Editor/Core/Configuration/Unity.Services.Core.Configuration.Editor.asmdef)
Required property 'name' not set (Packages/com.unity.services.core/Runtime/Analytics/Unity.Services.Core.Analytics.asmdef)
Required property 'name' not set (Packages/com.unity.services.core/Runtime/Registration/Unity.Services.Core.Registration.asmdef)
Required property 'name' not set (Packages/com.unity.services.core/Runtime/Environments/Unity.Services.Core.Environments.asmdef)
Required property 'name' not set (Packages/com.unity.services.core/Runtime/Scheduler/Unity.Services.Core.Scheduler.asmdef)
Required property 'name' not set (Packages/com.unity.services.core/Runtime/Environments/Internal/Unity.Services.Core.Environments.Internal.asmdef)
Required property 'name' not set (Packages/com.unity.collab-proxy/Editor/Collaborate/Unity.CollabProxy.Editor.asmdef)
Required property 'name' not set (Packages/com.unity.collab-proxy/Tests/Editor/Collaborate/Unity.CollabProxy.EditorTests.asmdef)
Required property 'name' not set (Packages/com.unity.services.core/Runtime/Threading/Unity.Services.Core.Threading.asmdef)
Required property 'name' not set (Packages/com.unity.collab-proxy/Tests/Editor/PlasticSCM/Unity.PlasticSCM.EditorTests.asmdef)
Required property 'name' not set (Packages/com.unity.services.core/Runtime/Device/Unity.Services.Core.Device.asmdef)
Mono: successfully reloaded assembly
- Completed reload, in  1.003 seconds
Domain Reload Profiling:
	ReloadAssembly (1004ms)
		BeginReloadAssembly (254ms)
			ExecutionOrderSort (0ms)
			DisableScriptedObjects (8ms)
			BackupInstance (0ms)
			ReleaseScriptingObjects (1ms)
			CreateAndSetChildDomain (75ms)
		EndReloadAssembly (660ms)
			LoadAssemblies (121ms)
			RebuildTransferFunctionScriptingTraits (0ms)
			SetupTypeCache (222ms)
			ReleaseScriptCaches (1ms)
			RebuildScriptCaches (32ms)
			SetupLoadedEditorAssemblies (270ms)
				LogAssemblyErrors (0ms)
				InitializePlatformSupportModulesInManaged (13ms)
				SetLoadedEditorAssemblies (0ms)
				RefreshPlugins (1ms)
				BeforeProcessingInitializeOnLoad (79ms)
				ProcessInitializeOnLoadAttributes (148ms)
				ProcessInitializeOnLoadMethodAttributes (14ms)
				AfterProcessingInitializeOnLoad (14ms)
				EditorAssembliesLoaded (0ms)
			ExecutionOrderSort2 (0ms)
			AwakeInstancesAfterBackupRestoration (9ms)
Platform modules already initialized, skipping
Refreshing native plugins compatible for Editor in 2.17 ms, found 3 plugins.
Preloading 0 native plugins for Editor in 0.00 ms.
Unloading 3041 Unused Serialized files (Serialized files now loaded: 0)
Unloading 15 unused Assets / (24.7 KB). Loaded Objects now: 3572.
Memory consumption went from 116.6 MB to 116.6 MB.
Total: 2.113100 ms (FindLiveObjects: 0.170200 ms CreateObjectMapping: 0.073300 ms MarkObjects: 1.847600 ms  DeleteObjects: 0.021200 ms)

AssetImportParameters requested are different than current active one (requested -> active):
  custom:video-decoder-ogg-theora: a1e56fd34408186e4bbccfd4996cb3dc -> 
  custom:container-muxer-webm: aa71ff27fc2769a1b78a27578f13a17b -> 
  custom:container-demuxer-webm: 4f35f7cbe854078d1ac9338744f61a02 -> 
  custom:video-encoder-webm-vp8: eb34c28f22e8b96e1ab97ce403110664 -> 
  custom:video-codec-MediaFoundation-h265: 746d11721c4dcdbdad8f713fa42b33f4 -> 
  custom:audio-encoder-webm-vorbis: bf7c407c2cedff20999df2af8eb42d56 -> 
  custom:framework-win-MediaFoundation: 216162199b28c13a410421893ffa2e32 -> 
  custom:container-demuxer-ogg: 62fdf1f143b41e24485cea50d1cbac27 -> 
  custom:video-decoder-webm-vp8: 9c59270c3fd7afecdb556c50c9e8de78 -> 
  custom:audio-decoder-ogg-vorbis: bf7c407c2cedff20999df2af8eb42d56 -> 
========================================================================
Received Prepare
Registering precompiled user dll's ...
Registered in 0.029963 seconds.
Required property 'name' not set (Packages/com.unity.services.core/Runtime/Telemetry/Unity.Services.Core.Telemetry.asmdef)
Required property 'name' not set (Packages/com.unity.services.core/Runtime/Networking/Unity.Services.Core.Networking.asmdef)
Required property 'name' not set (Packages/com.unity.services.core/Runtime/Core.Internal/Unity.Services.Core.Internal.asmdef)
Required property 'name' not set (Packages/com.unity.services.core/Runtime/Configuration/Unity.Services.Core.Configuration.asmdef)
Required property 'name' not set (Packages/com.unity.services.core/Runtime/Core/Unity.Services.Core.asmdef)
Required property 'name' not set (Packages/com.unity.services.core/Editor/Core/Unity.Services.Core.Editor.asmdef)
Required property 'name' not set (Packages/com.unity.services.core/Editor/Core/Configuration/Unity.Services.Core.Configuration.Editor.asmdef)
Required property 'name' not set (Packages/com.unity.services.core/Runtime/Analytics/Unity.Services.Core.Analytics.asmdef)
Required property 'name' not set (Packages/com.unity.services.core/Runtime/Registration/Unity.Services.Core.Registration.asmdef)
Required property 'name' not set (Packages/com.unity.services.core/Runtime/Environments/Unity.Services.Core.Environments.asmdef)
Required property 'name' not set (Packages/com.unity.services.core/Runtime/Scheduler/Unity.Services.Core.Scheduler.asmdef)
Required property 'name' not set (Packages/com.unity.services.core/Runtime/Environments/Internal/Unity.Services.Core.Environments.Internal.asmdef)
Required property 'name' not set (Packages/com.unity.collab-proxy/Editor/Collaborate/Unity.CollabProxy.Editor.asmdef)
Required property 'name' not set (Packages/com.unity.collab-proxy/Tests/Editor/Collaborate/Unity.CollabProxy.EditorTests.asmdef)
Required property 'name' not set (Packages/com.unity.services.core/Runtime/Threading/Unity.Services.Core.Threading.asmdef)
Required property 'name' not set (Packages/com.unity.collab-proxy/Tests/Editor/PlasticSCM/Unity.PlasticSCM.EditorTests.asmdef)
Required property 'name' not set (Packages/com.unity.services.core/Runtime/Device/Unity.Services.Core.Device.asmdef)
Required property 'name' not set (Packages/com.unity.services.core/Runtime/Telemetry/Unity.Services.Core.Telemetry.asmdef)
Required property 'name' not set (Packages/com.unity.services.core/Runtime/Networking/Unity.Services.Core.Networking.asmdef)
Required property 'name' not set (Packages/com.unity.services.core/Runtime/Core.Internal/Unity.Services.Core.Internal.asmdef)
Required property 'name' not set (Packages/com.unity.services.core/Runtime/Configuration/Unity.Services.Core.Configuration.asmdef)
Required property 'name' not set (Packages/com.unity.services.core/Runtime/Core/Unity.Services.Core.asmdef)
Required property 'name' not set (Packages/com.unity.services.core/Editor/Core/Unity.Services.Core.Editor.asmdef)
Required property 'name' not set (Packages/com.unity.services.core/Editor/Core/Configuration/Unity.Services.Core.Configuration.Editor.asmdef)
Required property 'name' not set (Packages/com.unity.services.core/Runtime/Analytics/Unity.Services.Core.Analytics.asmdef)
Required property 'name' not set (Packages/com.unity.services.core/Runtime/Registration/Unity.Services.Core.Registration.asmdef)
Required property 'name' not set (Packages/com.unity.services.core/Runtime/Environments/Unity.Services.Core.Environments.asmdef)
Required property 'name' not set (Packages/com.unity.services.core/Runtime/Scheduler/Unity.Services.Core.Scheduler.asmdef)
Required property 'name' not set (Packages/com.unity.services.core/Runtime/Environments/Internal/Unity.Services.Core.Environments.Internal.asmdef)
Required property 'name' not set (Packages/com.unity.collab-proxy/Editor/Collaborate/Unity.CollabProxy.Editor.asmdef)
Required property 'name' not set (Packages/com.unity.collab-proxy/Tests/Editor/Collaborate/Unity.CollabProxy.EditorTests.asmdef)
Required property 'name' not set (Packages/com.unity.services.core/Runtime/Threading/Unity.Services.Core.Threading.asmdef)
Required property 'name' not set (Packages/com.unity.collab-proxy/Tests/Editor/PlasticSCM/Unity.PlasticSCM.EditorTests.asmdef)
Required property 'name' not set (Packages/com.unity.services.core/Runtime/Device/Unity.Services.Core.Device.asmdef)
Begin MonoManager ReloadAssembly
Symbol file LoadedFromMemory doesn't match image C:\Users\a0108\OneDrive\바탕 화면\sokovan\Library\PackageCache\com.unity.visualscripting@1.8.0\Editor\VisualScripting.Core\Dependencies\YamlDotNet\Unity.VisualScripting.YamlDotNet.dll
Symbol file LoadedFromMemory doesn't match image C:\Users\a0108\OneDrive\바탕 화면\sokovan\Library\PackageCache\com.unity.visualscripting@1.8.0\Editor\VisualScripting.Core\Dependencies\DotNetZip\Unity.VisualScripting.IonicZip.dll
Native extension for WindowsStandalone target not found
Native extension for WebGL target not found
Refreshing native plugins compatible for Editor in 0.57 ms, found 3 plugins.
Preloading 0 native plugins for Editor in 0.00 ms.
Required property 'name' not set (Packages/com.unity.services.core/Runtime/Telemetry/Unity.Services.Core.Telemetry.asmdef)
Required property 'name' not set (Packages/com.unity.services.core/Runtime/Networking/Unity.Services.Core.Networking.asmdef)
Required property 'name' not set (Packages/com.unity.services.core/Runtime/Core.Internal/Unity.Services.Core.Internal.asmdef)
Required property 'name' not set (Packages/com.unity.services.core/Runtime/Configuration/Unity.Services.Core.Configuration.asmdef)
Required property 'name' not set (Packages/com.unity.services.core/Runtime/Core/Unity.Services.Core.asmdef)
Required property 'name' not set (Packages/com.unity.services.core/Editor/Core/Unity.Services.Core.Editor.asmdef)
Required property 'name' not set (Packages/com.unity.services.core/Editor/Core/Configuration/Unity.Services.Core.Configuration.Editor.asmdef)
Required property 'name' not set (Packages/com.unity.services.core/Runtime/Analytics/Unity.Services.Core.Analytics.asmdef)
Required property 'name' not set (Packages/com.unity.services.core/Runtime/Registration/Unity.Services.Core.Registration.asmdef)
Required property 'name' not set (Packages/com.unity.services.core/Runtime/Environments/Unity.Services.Core.Environments.asmdef)
Required property 'name' not set (Packages/com.unity.services.core/Runtime/Scheduler/Unity.Services.Core.Scheduler.asmdef)
Required property 'name' not set (Packages/com.unity.services.core/Runtime/Environments/Internal/Unity.Services.Core.Environments.Internal.asmdef)
Required property 'name' not set (Packages/com.unity.collab-proxy/Editor/Collaborate/Unity.CollabProxy.Editor.asmdef)
Required property 'name' not set (Packages/com.unity.collab-proxy/Tests/Editor/Collaborate/Unity.CollabProxy.EditorTests.asmdef)
Required property 'name' not set (Packages/com.unity.services.core/Runtime/Threading/Unity.Services.Core.Threading.asmdef)
Required property 'name' not set (Packages/com.unity.collab-proxy/Tests/Editor/PlasticSCM/Unity.PlasticSCM.EditorTests.asmdef)
Required property 'name' not set (Packages/com.unity.services.core/Runtime/Device/Unity.Services.Core.Device.asmdef)
Mono: successfully reloaded assembly
- Completed reload, in  0.936 seconds
Domain Reload Profiling:
	ReloadAssembly (937ms)
		BeginReloadAssembly (151ms)
			ExecutionOrderSort (0ms)
			DisableScriptedObjects (4ms)
			BackupInstance (0ms)
			ReleaseScriptingObjects (0ms)
			CreateAndSetChildDomain (29ms)
		EndReloadAssembly (698ms)
			LoadAssemblies (113ms)
			RebuildTransferFunctionScriptingTraits (0ms)
			SetupTypeCache (201ms)
			ReleaseScriptCaches (1ms)
			RebuildScriptCaches (31ms)
			SetupLoadedEditorAssemblies (346ms)
				LogAssemblyErrors (0ms)
				InitializePlatformSupportModulesInManaged (7ms)
				SetLoadedEditorAssemblies (0ms)
				RefreshPlugins (1ms)
				BeforeProcessingInitializeOnLoad (118ms)
				ProcessInitializeOnLoadAttributes (191ms)
				ProcessInitializeOnLoadMethodAttributes (14ms)
				AfterProcessingInitializeOnLoad (15ms)
				EditorAssembliesLoaded (0ms)
			ExecutionOrderSort2 (0ms)
			AwakeInstancesAfterBackupRestoration (6ms)
Platform modules already initialized, skipping
Refreshing native plugins compatible for Editor in 2.48 ms, found 3 plugins.
Preloading 0 native plugins for Editor in 0.00 ms.
Unloading 3041 Unused Serialized files (Serialized files now loaded: 0)
Unloading 15 unused Assets / (24.6 KB). Loaded Objects now: 3575.
Memory consumption went from 116.7 MB to 116.6 MB.
Total: 2.787600 ms (FindLiveObjects: 0.176200 ms CreateObjectMapping: 0.078900 ms MarkObjects: 2.503100 ms  DeleteObjects: 0.028300 ms)

AssetImportParameters requested are different than current active one (requested -> active):
  custom:video-decoder-ogg-theora: a1e56fd34408186e4bbccfd4996cb3dc -> 
  custom:container-muxer-webm: aa71ff27fc2769a1b78a27578f13a17b -> 
  custom:container-demuxer-webm: 4f35f7cbe854078d1ac9338744f61a02 -> 
  custom:video-encoder-webm-vp8: eb34c28f22e8b96e1ab97ce403110664 -> 
  custom:video-codec-MediaFoundation-h265: 746d11721c4dcdbdad8f713fa42b33f4 -> 
  custom:audio-encoder-webm-vorbis: bf7c407c2cedff20999df2af8eb42d56 -> 
  custom:framework-win-MediaFoundation: 216162199b28c13a410421893ffa2e32 -> 
  custom:container-demuxer-ogg: 62fdf1f143b41e24485cea50d1cbac27 -> 
  custom:video-decoder-webm-vp8: 9c59270c3fd7afecdb556c50c9e8de78 -> 
  custom:audio-decoder-ogg-vorbis: bf7c407c2cedff20999df2af8eb42d56 -> 
========================================================================
Received Import Request.
  Time since last request: 238.694361 seconds.
  path: Assets/Scenes/Player.cs
  artifactKey: Guid(69386855731deb84b90eb302b1bade8c) Importer(815301076,1909f56bfc062723c751e8b465ee728b)
Start importing Assets/Scenes/Player.cs using Guid(69386855731deb84b90eb302b1bade8c) Importer(815301076,1909f56bfc062723c751e8b465ee728b)  -> (artifact id: '85760b1355c1f28547a3c3863ed760d9') in 0.006764 seconds 
========================================================================
Received Prepare
Registering precompiled user dll's ...
Registered in 0.024074 seconds.
Required property 'name' not set (Packages/com.unity.services.core/Runtime/Telemetry/Unity.Services.Core.Telemetry.asmdef)
Required property 'name' not set (Packages/com.unity.services.core/Runtime/Networking/Unity.Services.Core.Networking.asmdef)
Required property 'name' not set (Packages/com.unity.services.core/Runtime/Core.Internal/Unity.Services.Core.Internal.asmdef)
Required property 'name' not set (Packages/com.unity.services.core/Runtime/Configuration/Unity.Services.Core.Configuration.asmdef)
Required property 'name' not set (Packages/com.unity.services.core/Runtime/Core/Unity.Services.Core.asmdef)
Required property 'name' not set (Packages/com.unity.services.core/Editor/Core/Unity.Services.Core.Editor.asmdef)
Required property 'name' not set (Packages/com.unity.services.core/Editor/Core/Configuration/Unity.Services.Core.Configuration.Editor.asmdef)
Required property 'name' not set (Packages/com.unity.services.core/Runtime/Analytics/Unity.Services.Core.Analytics.asmdef)
Required property 'name' not set (Packages/com.unity.services.core/Runtime/Registration/Unity.Services.Core.Registration.asmdef)
Required property 'name' not set (Packages/com.unity.services.core/Runtime/Environments/Unity.Services.Core.Environments.asmdef)
Required property 'name' not set (Packages/com.unity.services.core/Runtime/Scheduler/Unity.Services.Core.Scheduler.asmdef)
Required property 'name' not set (Packages/com.unity.services.core/Runtime/Environments/Internal/Unity.Services.Core.Environments.Internal.asmdef)
Required property 'name' not set (Packages/com.unity.collab-proxy/Editor/Collaborate/Unity.CollabProxy.Editor.asmdef)
Required property 'name' not set (Packages/com.unity.collab-proxy/Tests/Editor/Collaborate/Unity.CollabProxy.EditorTests.asmdef)
Required property 'name' not set (Packages/com.unity.services.core/Runtime/Threading/Unity.Services.Core.Threading.asmdef)
Required property 'name' not set (Packages/com.unity.collab-proxy/Tests/Editor/PlasticSCM/Unity.PlasticSCM.EditorTests.asmdef)
Required property 'name' not set (Packages/com.unity.services.core/Runtime/Device/Unity.Services.Core.Device.asmdef)
Required property 'name' not set (Packages/com.unity.services.core/Runtime/Telemetry/Unity.Services.Core.Telemetry.asmdef)
Required property 'name' not set (Packages/com.unity.services.core/Runtime/Networking/Unity.Services.Core.Networking.asmdef)
Required property 'name' not set (Packages/com.unity.services.core/Runtime/Core.Internal/Unity.Services.Core.Internal.asmdef)
Required property 'name' not set (Packages/com.unity.services.core/Runtime/Configuration/Unity.Services.Core.Configuration.asmdef)
Required property 'name' not set (Packages/com.unity.services.core/Runtime/Core/Unity.Services.Core.asmdef)
Required property 'name' not set (Packages/com.unity.services.core/Editor/Core/Unity.Services.Core.Editor.asmdef)
Required property 'name' not set (Packages/com.unity.services.core/Editor/Core/Configuration/Unity.Services.Core.Configuration.Editor.asmdef)
Required property 'name' not set (Packages/com.unity.services.core/Runtime/Analytics/Unity.Services.Core.Analytics.asmdef)
Required property 'name' not set (Packages/com.unity.services.core/Runtime/Registration/Unity.Services.Core.Registration.asmdef)
Required property 'name' not set (Packages/com.unity.services.core/Runtime/Environments/Unity.Services.Core.Environments.asmdef)
Required property 'name' not set (Packages/com.unity.services.core/Runtime/Scheduler/Unity.Services.Core.Scheduler.asmdef)
Required property 'name' not set (Packages/com.unity.services.core/Runtime/Environments/Internal/Unity.Services.Core.Environments.Internal.asmdef)
Required property 'name' not set (Packages/com.unity.collab-proxy/Editor/Collaborate/Unity.CollabProxy.Editor.asmdef)
Required property 'name' not set (Packages/com.unity.collab-proxy/Tests/Editor/Collaborate/Unity.CollabProxy.EditorTests.asmdef)
Required property 'name' not set (Packages/com.unity.services.core/Runtime/Threading/Unity.Services.Core.Threading.asmdef)
Required property 'name' not set (Packages/com.unity.collab-proxy/Tests/Editor/PlasticSCM/Unity.PlasticSCM.EditorTests.asmdef)
Required property 'name' not set (Packages/com.unity.services.core/Runtime/Device/Unity.Services.Core.Device.asmdef)
Begin MonoManager ReloadAssembly
Symbol file LoadedFromMemory doesn't match image C:\Users\a0108\OneDrive\바탕 화면\sokovan\Library\PackageCache\com.unity.visualscripting@1.8.0\Editor\VisualScripting.Core\Dependencies\YamlDotNet\Unity.VisualScripting.YamlDotNet.dll
Symbol file LoadedFromMemory doesn't match image C:\Users\a0108\OneDrive\바탕 화면\sokovan\Library\PackageCache\com.unity.visualscripting@1.8.0\Editor\VisualScripting.Core\Dependencies\DotNetZip\Unity.VisualScripting.IonicZip.dll
Native extension for WindowsStandalone target not found
Native extension for WebGL target not found
Refreshing native plugins compatible for Editor in 0.47 ms, found 3 plugins.
Preloading 0 native plugins for Editor in 0.00 ms.
Required property 'name' not set (Packages/com.unity.services.core/Runtime/Telemetry/Unity.Services.Core.Telemetry.asmdef)
Required property 'name' not set (Packages/com.unity.services.core/Runtime/Networking/Unity.Services.Core.Networking.asmdef)
Required property 'name' not set (Packages/com.unity.services.core/Runtime/Core.Internal/Unity.Services.Core.Internal.asmdef)
Required property 'name' not set (Packages/com.unity.services.core/Runtime/Configuration/Unity.Services.Core.Configuration.asmdef)
Required property 'name' not set (Packages/com.unity.services.core/Runtime/Core/Unity.Services.Core.asmdef)
Required property 'name' not set (Packages/com.unity.services.core/Editor/Core/Unity.Services.Core.Editor.asmdef)
Required property 'name' not set (Packages/com.unity.services.core/Editor/Core/Configuration/Unity.Services.Core.Configuration.Editor.asmdef)
Required property 'name' not set (Packages/com.unity.services.core/Runtime/Analytics/Unity.Services.Core.Analytics.asmdef)
Required property 'name' not set (Packages/com.unity.services.core/Runtime/Registration/Unity.Services.Core.Registration.asmdef)
Required property 'name' not set (Packages/com.unity.services.core/Runtime/Environments/Unity.Services.Core.Environments.asmdef)
Required property 'name' not set (Packages/com.unity.services.core/Runtime/Scheduler/Unity.Services.Core.Scheduler.asmdef)
Required property 'name' not set (Packages/com.unity.services.core/Runtime/Environments/Internal/Unity.Services.Core.Environments.Internal.asmdef)
Required property 'name' not set (Packages/com.unity.collab-proxy/Editor/Collaborate/Unity.CollabProxy.Editor.asmdef)
Required property 'name' not set (Packages/com.unity.collab-proxy/Tests/Editor/Collaborate/Unity.CollabProxy.EditorTests.asmdef)
Required property 'name' not set (Packages/com.unity.services.core/Runtime/Threading/Unity.Services.Core.Threading.asmdef)
Required property 'name' not set (Packages/com.unity.collab-proxy/Tests/Editor/PlasticSCM/Unity.PlasticSCM.EditorTests.asmdef)
Required property 'name' not set (Packages/com.unity.services.core/Runtime/Device/Unity.Services.Core.Device.asmdef)
Mono: successfully reloaded assembly
- Completed reload, in  0.800 seconds
Domain Reload Profiling:
	ReloadAssembly (801ms)
		BeginReloadAssembly (134ms)
			ExecutionOrderSort (0ms)
			DisableScriptedObjects (4ms)
			BackupInstance (0ms)
			ReleaseScriptingObjects (0ms)
			CreateAndSetChildDomain (25ms)
		EndReloadAssembly (584ms)
			LoadAssemblies (103ms)
			RebuildTransferFunctionScriptingTraits (0ms)
			SetupTypeCache (180ms)
			ReleaseScriptCaches (1ms)
			RebuildScriptCaches (29ms)
			SetupLoadedEditorAssemblies (249ms)
				LogAssemblyErrors (0ms)
				InitializePlatformSupportModulesInManaged (6ms)
				SetLoadedEditorAssemblies (0ms)
				RefreshPlugins (1ms)
				BeforeProcessingInitializeOnLoad (72ms)
				ProcessInitializeOnLoadAttributes (145ms)
				ProcessInitializeOnLoadMethodAttributes (13ms)
				AfterProcessingInitializeOnLoad (12ms)
				EditorAssembliesLoaded (0ms)
			ExecutionOrderSort2 (0ms)
			AwakeInstancesAfterBackupRestoration (9ms)
Platform modules already initialized, skipping
Refreshing native plugins compatible for Editor in 1.92 ms, found 3 plugins.
Preloading 0 native plugins for Editor in 0.00 ms.
Unloading 3041 Unused Serialized files (Serialized files now loaded: 0)
Unloading 15 unused Assets / (24.7 KB). Loaded Objects now: 3578.
Memory consumption went from 116.7 MB to 116.6 MB.
Total: 2.325200 ms (FindLiveObjects: 0.166300 ms CreateObjectMapping: 0.076400 ms MarkObjects: 2.047600 ms  DeleteObjects: 0.033900 ms)

AssetImportParameters requested are different than current active one (requested -> active):
  custom:video-decoder-ogg-theora: a1e56fd34408186e4bbccfd4996cb3dc -> 
  custom:container-muxer-webm: aa71ff27fc2769a1b78a27578f13a17b -> 
  custom:container-demuxer-webm: 4f35f7cbe854078d1ac9338744f61a02 -> 
  custom:video-encoder-webm-vp8: eb34c28f22e8b96e1ab97ce403110664 -> 
  custom:video-codec-MediaFoundation-h265: 746d11721c4dcdbdad8f713fa42b33f4 -> 
  custom:audio-encoder-webm-vorbis: bf7c407c2cedff20999df2af8eb42d56 -> 
  custom:framework-win-MediaFoundation: 216162199b28c13a410421893ffa2e32 -> 
  custom:container-demuxer-ogg: 62fdf1f143b41e24485cea50d1cbac27 -> 
  custom:video-decoder-webm-vp8: 9c59270c3fd7afecdb556c50c9e8de78 -> 
  custom:audio-decoder-ogg-vorbis: bf7c407c2cedff20999df2af8eb42d56 -> 
========================================================================
Received Prepare
Registering precompiled user dll's ...
Registered in 0.021808 seconds.
Required property 'name' not set (Packages/com.unity.services.core/Runtime/Telemetry/Unity.Services.Core.Telemetry.asmdef)
Required property 'name' not set (Packages/com.unity.services.core/Runtime/Networking/Unity.Services.Core.Networking.asmdef)
Required property 'name' not set (Packages/com.unity.services.core/Runtime/Core.Internal/Unity.Services.Core.Internal.asmdef)
Required property 'name' not set (Packages/com.unity.services.core/Runtime/Configuration/Unity.Services.Core.Configuration.asmdef)
Required property 'name' not set (Packages/com.unity.services.core/Runtime/Core/Unity.Services.Core.asmdef)
Required property 'name' not set (Packages/com.unity.services.core/Editor/Core/Unity.Services.Core.Editor.asmdef)
Required property 'name' not set (Packages/com.unity.services.core/Editor/Core/Configuration/Unity.Services.Core.Configuration.Editor.asmdef)
Required property 'name' not set (Packages/com.unity.services.core/Runtime/Analytics/Unity.Services.Core.Analytics.asmdef)
Required property 'name' not set (Packages/com.unity.services.core/Runtime/Registration/Unity.Services.Core.Registration.asmdef)
Required property 'name' not set (Packages/com.unity.services.core/Runtime/Environments/Unity.Services.Core.Environments.asmdef)
Required property 'name' not set (Packages/com.unity.services.core/Runtime/Scheduler/Unity.Services.Core.Scheduler.asmdef)
Required property 'name' not set (Packages/com.unity.services.core/Runtime/Environments/Internal/Unity.Services.Core.Environments.Internal.asmdef)
Required property 'name' not set (Packages/com.unity.collab-proxy/Editor/Collaborate/Unity.CollabProxy.Editor.asmdef)
Required property 'name' not set (Packages/com.unity.collab-proxy/Tests/Editor/Collaborate/Unity.CollabProxy.EditorTests.asmdef)
Required property 'name' not set (Packages/com.unity.services.core/Runtime/Threading/Unity.Services.Core.Threading.asmdef)
Required property 'name' not set (Packages/com.unity.collab-proxy/Tests/Editor/PlasticSCM/Unity.PlasticSCM.EditorTests.asmdef)
Required property 'name' not set (Packages/com.unity.services.core/Runtime/Device/Unity.Services.Core.Device.asmdef)
Required property 'name' not set (Packages/com.unity.services.core/Runtime/Telemetry/Unity.Services.Core.Telemetry.asmdef)
Required property 'name' not set (Packages/com.unity.services.core/Runtime/Networking/Unity.Services.Core.Networking.asmdef)
Required property 'name' not set (Packages/com.unity.services.core/Runtime/Core.Internal/Unity.Services.Core.Internal.asmdef)
Required property 'name' not set (Packages/com.unity.services.core/Runtime/Configuration/Unity.Services.Core.Configuration.asmdef)
Required property 'name' not set (Packages/com.unity.services.core/Runtime/Core/Unity.Services.Core.asmdef)
Required property 'name' not set (Packages/com.unity.services.core/Editor/Core/Unity.Services.Core.Editor.asmdef)
Required property 'name' not set (Packages/com.unity.services.core/Editor/Core/Configuration/Unity.Services.Core.Configuration.Editor.asmdef)
Required property 'name' not set (Packages/com.unity.services.core/Runtime/Analytics/Unity.Services.Core.Analytics.asmdef)
Required property 'name' not set (Packages/com.unity.services.core/Runtime/Registration/Unity.Services.Core.Registration.asmdef)
Required property 'name' not set (Packages/com.unity.services.core/Runtime/Environments/Unity.Services.Core.Environments.asmdef)
Required property 'name' not set (Packages/com.unity.services.core/Runtime/Scheduler/Unity.Services.Core.Scheduler.asmdef)
Required property 'name' not set (Packages/com.unity.services.core/Runtime/Environments/Internal/Unity.Services.Core.Environments.Internal.asmdef)
Required property 'name' not set (Packages/com.unity.collab-proxy/Editor/Collaborate/Unity.CollabProxy.Editor.asmdef)
Required property 'name' not set (Packages/com.unity.collab-proxy/Tests/Editor/Collaborate/Unity.CollabProxy.EditorTests.asmdef)
Required property 'name' not set (Packages/com.unity.services.core/Runtime/Threading/Unity.Services.Core.Threading.asmdef)
Required property 'name' not set (Packages/com.unity.collab-proxy/Tests/Editor/PlasticSCM/Unity.PlasticSCM.EditorTests.asmdef)
Required property 'name' not set (Packages/com.unity.services.core/Runtime/Device/Unity.Services.Core.Device.asmdef)
Begin MonoManager ReloadAssembly
Symbol file LoadedFromMemory doesn't match image C:\Users\a0108\OneDrive\바탕 화면\sokovan\Library\PackageCache\com.unity.visualscripting@1.8.0\Editor\VisualScripting.Core\Dependencies\YamlDotNet\Unity.VisualScripting.YamlDotNet.dll
Symbol file LoadedFromMemory doesn't match image C:\Users\a0108\OneDrive\바탕 화면\sokovan\Library\PackageCache\com.unity.visualscripting@1.8.0\Editor\VisualScripting.Core\Dependencies\DotNetZip\Unity.VisualScripting.IonicZip.dll
Native extension for WindowsStandalone target not found
Native extension for WebGL target not found
Refreshing native plugins compatible for Editor in 0.38 ms, found 3 plugins.
Preloading 0 native plugins for Editor in 0.00 ms.
Required property 'name' not set (Packages/com.unity.services.core/Runtime/Telemetry/Unity.Services.Core.Telemetry.asmdef)
Required property 'name' not set (Packages/com.unity.services.core/Runtime/Networking/Unity.Services.Core.Networking.asmdef)
Required property 'name' not set (Packages/com.unity.services.core/Runtime/Core.Internal/Unity.Services.Core.Internal.asmdef)
Required property 'name' not set (Packages/com.unity.services.core/Runtime/Configuration/Unity.Services.Core.Configuration.asmdef)
Required property 'name' not set (Packages/com.unity.services.core/Runtime/Core/Unity.Services.Core.asmdef)
Required property 'name' not set (Packages/com.unity.services.core/Editor/Core/Unity.Services.Core.Editor.asmdef)
Required property 'name' not set (Packages/com.unity.services.core/Editor/Core/Configuration/Unity.Services.Core.Configuration.Editor.asmdef)
Required property 'name' not set (Packages/com.unity.services.core/Runtime/Analytics/Unity.Services.Core.Analytics.asmdef)
Required property 'name' not set (Packages/com.unity.services.core/Runtime/Registration/Unity.Services.Core.Registration.asmdef)
Required property 'name' not set (Packages/com.unity.services.core/Runtime/Environments/Unity.Services.Core.Environments.asmdef)
Required property 'name' not set (Packages/com.unity.services.core/Runtime/Scheduler/Unity.Services.Core.Scheduler.asmdef)
Required property 'name' not set (Packages/com.unity.services.core/Runtime/Environments/Internal/Unity.Services.Core.Environments.Internal.asmdef)
Required property 'name' not set (Packages/com.unity.collab-proxy/Editor/Collaborate/Unity.CollabProxy.Editor.asmdef)
Required property 'name' not set (Packages/com.unity.collab-proxy/Tests/Editor/Collaborate/Unity.CollabProxy.EditorTests.asmdef)
Required property 'name' not set (Packages/com.unity.services.core/Runtime/Threading/Unity.Services.Core.Threading.asmdef)
Required property 'name' not set (Packages/com.unity.collab-proxy/Tests/Editor/PlasticSCM/Unity.PlasticSCM.EditorTests.asmdef)
Required property 'name' not set (Packages/com.unity.services.core/Runtime/Device/Unity.Services.Core.Device.asmdef)
Mono: successfully reloaded assembly
- Completed reload, in  0.837 seconds
Domain Reload Profiling:
	ReloadAssembly (838ms)
		BeginReloadAssembly (137ms)
			ExecutionOrderSort (0ms)
			DisableScriptedObjects (4ms)
			BackupInstance (0ms)
			ReleaseScriptingObjects (0ms)
			CreateAndSetChildDomain (27ms)
		EndReloadAssembly (616ms)
			LoadAssemblies (103ms)
			RebuildTransferFunctionScriptingTraits (0ms)
			SetupTypeCache (211ms)
			ReleaseScriptCaches (1ms)
			RebuildScriptCaches (28ms)
			SetupLoadedEditorAssemblies (259ms)
				LogAssemblyErrors (0ms)
				InitializePlatformSupportModulesInManaged (7ms)
				SetLoadedEditorAssemblies (0ms)
				RefreshPlugins (0ms)
				BeforeProcessingInitializeOnLoad (79ms)
				ProcessInitializeOnLoadAttributes (144ms)
				ProcessInitializeOnLoadMethodAttributes (14ms)
				AfterProcessingInitializeOnLoad (14ms)
				EditorAssembliesLoaded (0ms)
			ExecutionOrderSort2 (0ms)
			AwakeInstancesAfterBackupRestoration (9ms)
Platform modules already initialized, skipping
Refreshing native plugins compatible for Editor in 2.16 ms, found 3 plugins.
Preloading 0 native plugins for Editor in 0.00 ms.
Unloading 3041 Unused Serialized files (Serialized files now loaded: 0)
Unloading 15 unused Assets / (24.7 KB). Loaded Objects now: 3581.
Memory consumption went from 116.7 MB to 116.6 MB.
Total: 2.845500 ms (FindLiveObjects: 0.179800 ms CreateObjectMapping: 0.077800 ms MarkObjects: 2.562200 ms  DeleteObjects: 0.024500 ms)

AssetImportParameters requested are different than current active one (requested -> active):
  custom:video-decoder-ogg-theora: a1e56fd34408186e4bbccfd4996cb3dc -> 
  custom:container-muxer-webm: aa71ff27fc2769a1b78a27578f13a17b -> 
  custom:container-demuxer-webm: 4f35f7cbe854078d1ac9338744f61a02 -> 
  custom:video-encoder-webm-vp8: eb34c28f22e8b96e1ab97ce403110664 -> 
  custom:video-codec-MediaFoundation-h265: 746d11721c4dcdbdad8f713fa42b33f4 -> 
  custom:audio-encoder-webm-vorbis: bf7c407c2cedff20999df2af8eb42d56 -> 
  custom:framework-win-MediaFoundation: 216162199b28c13a410421893ffa2e32 -> 
  custom:container-demuxer-ogg: 62fdf1f143b41e24485cea50d1cbac27 -> 
  custom:video-decoder-webm-vp8: 9c59270c3fd7afecdb556c50c9e8de78 -> 
  custom:audio-decoder-ogg-vorbis: bf7c407c2cedff20999df2af8eb42d56 -> 
========================================================================
Received Prepare
Registering precompiled user dll's ...
Registered in 0.007850 seconds.
Required property 'name' not set (Packages/com.unity.services.core/Runtime/Telemetry/Unity.Services.Core.Telemetry.asmdef)
Required property 'name' not set (Packages/com.unity.services.core/Runtime/Networking/Unity.Services.Core.Networking.asmdef)
Required property 'name' not set (Packages/com.unity.services.core/Runtime/Core.Internal/Unity.Services.Core.Internal.asmdef)
Required property 'name' not set (Packages/com.unity.services.core/Runtime/Configuration/Unity.Services.Core.Configuration.asmdef)
Required property 'name' not set (Packages/com.unity.services.core/Runtime/Core/Unity.Services.Core.asmdef)
Required property 'name' not set (Packages/com.unity.services.core/Editor/Core/Unity.Services.Core.Editor.asmdef)
Required property 'name' not set (Packages/com.unity.services.core/Editor/Core/Configuration/Unity.Services.Core.Configuration.Editor.asmdef)
Required property 'name' not set (Packages/com.unity.services.core/Runtime/Analytics/Unity.Services.Core.Analytics.asmdef)
Required property 'name' not set (Packages/com.unity.services.core/Runtime/Registration/Unity.Services.Core.Registration.asmdef)
Required property 'name' not set (Packages/com.unity.services.core/Runtime/Environments/Unity.Services.Core.Environments.asmdef)
Required property 'name' not set (Packages/com.unity.services.core/Runtime/Scheduler/Unity.Services.Core.Scheduler.asmdef)
Required property 'name' not set (Packages/com.unity.services.core/Runtime/Environments/Internal/Unity.Services.Core.Environments.Internal.asmdef)
Required property 'name' not set (Packages/com.unity.collab-proxy/Editor/Collaborate/Unity.CollabProxy.Editor.asmdef)
Required property 'name' not set (Packages/com.unity.collab-proxy/Tests/Editor/Collaborate/Unity.CollabProxy.EditorTests.asmdef)
Required property 'name' not set (Packages/com.unity.services.core/Runtime/Threading/Unity.Services.Core.Threading.asmdef)
Required property 'name' not set (Packages/com.unity.collab-proxy/Tests/Editor/PlasticSCM/Unity.PlasticSCM.EditorTests.asmdef)
Required property 'name' not set (Packages/com.unity.services.core/Runtime/Device/Unity.Services.Core.Device.asmdef)
Required property 'name' not set (Packages/com.unity.services.core/Runtime/Telemetry/Unity.Services.Core.Telemetry.asmdef)
Required property 'name' not set (Packages/com.unity.services.core/Runtime/Networking/Unity.Services.Core.Networking.asmdef)
Required property 'name' not set (Packages/com.unity.services.core/Runtime/Core.Internal/Unity.Services.Core.Internal.asmdef)
Required property 'name' not set (Packages/com.unity.services.core/Runtime/Configuration/Unity.Services.Core.Configuration.asmdef)
Required property 'name' not set (Packages/com.unity.services.core/Runtime/Core/Unity.Services.Core.asmdef)
Required property 'name' not set (Packages/com.unity.services.core/Editor/Core/Unity.Services.Core.Editor.asmdef)
Required property 'name' not set (Packages/com.unity.services.core/Editor/Core/Configuration/Unity.Services.Core.Configuration.Editor.asmdef)
Required property 'name' not set (Packages/com.unity.services.core/Runtime/Analytics/Unity.Services.Core.Analytics.asmdef)
Required property 'name' not set (Packages/com.unity.services.core/Runtime/Registration/Unity.Services.Core.Registration.asmdef)
Required property 'name' not set (Packages/com.unity.services.core/Runtime/Environments/Unity.Services.Core.Environments.asmdef)
Required property 'name' not set (Packages/com.unity.services.core/Runtime/Scheduler/Unity.Services.Core.Scheduler.asmdef)
Required property 'name' not set (Packages/com.unity.services.core/Runtime/Environments/Internal/Unity.Services.Core.Environments.Internal.asmdef)
Required property 'name' not set (Packages/com.unity.collab-proxy/Editor/Collaborate/Unity.CollabProxy.Editor.asmdef)
Required property 'name' not set (Packages/com.unity.collab-proxy/Tests/Editor/Collaborate/Unity.CollabProxy.EditorTests.asmdef)
Required property 'name' not set (Packages/com.unity.services.core/Runtime/Threading/Unity.Services.Core.Threading.asmdef)
Required property 'name' not set (Packages/com.unity.collab-proxy/Tests/Editor/PlasticSCM/Unity.PlasticSCM.EditorTests.asmdef)
Required property 'name' not set (Packages/com.unity.services.core/Runtime/Device/Unity.Services.Core.Device.asmdef)
Begin MonoManager ReloadAssembly
Symbol file LoadedFromMemory doesn't match image C:\Users\a0108\OneDrive\바탕 화면\sokovan\Library\PackageCache\com.unity.visualscripting@1.8.0\Editor\VisualScripting.Core\Dependencies\YamlDotNet\Unity.VisualScripting.YamlDotNet.dll
Symbol file LoadedFromMemory doesn't match image C:\Users\a0108\OneDrive\바탕 화면\sokovan\Library\PackageCache\com.unity.visualscripting@1.8.0\Editor\VisualScripting.Core\Dependencies\DotNetZip\Unity.VisualScripting.IonicZip.dll
Native extension for WindowsStandalone target not found
Native extension for WebGL target not found
Refreshing native plugins compatible for Editor in 2.00 ms, found 3 plugins.
Preloading 0 native plugins for Editor in 0.00 ms.
Required property 'name' not set (Packages/com.unity.services.core/Runtime/Telemetry/Unity.Services.Core.Telemetry.asmdef)
Required property 'name' not set (Packages/com.unity.services.core/Runtime/Networking/Unity.Services.Core.Networking.asmdef)
Required property 'name' not set (Packages/com.unity.services.core/Runtime/Core.Internal/Unity.Services.Core.Internal.asmdef)
Required property 'name' not set (Packages/com.unity.services.core/Runtime/Configuration/Unity.Services.Core.Configuration.asmdef)
Required property 'name' not set (Packages/com.unity.services.core/Runtime/Core/Unity.Services.Core.asmdef)
Required property 'name' not set (Packages/com.unity.services.core/Editor/Core/Unity.Services.Core.Editor.asmdef)
Required property 'name' not set (Packages/com.unity.services.core/Editor/Core/Configuration/Unity.Services.Core.Configuration.Editor.asmdef)
Required property 'name' not set (Packages/com.unity.services.core/Runtime/Analytics/Unity.Services.Core.Analytics.asmdef)
Required property 'name' not set (Packages/com.unity.services.core/Runtime/Registration/Unity.Services.Core.Registration.asmdef)
Required property 'name' not set (Packages/com.unity.services.core/Runtime/Environments/Unity.Services.Core.Environments.asmdef)
Required property 'name' not set (Packages/com.unity.services.core/Runtime/Scheduler/Unity.Services.Core.Scheduler.asmdef)
Required property 'name' not set (Packages/com.unity.services.core/Runtime/Environments/Internal/Unity.Services.Core.Environments.Internal.asmdef)
Required property 'name' not set (Packages/com.unity.collab-proxy/Editor/Collaborate/Unity.CollabProxy.Editor.asmdef)
Required property 'name' not set (Packages/com.unity.collab-proxy/Tests/Editor/Collaborate/Unity.CollabProxy.EditorTests.asmdef)
Required property 'name' not set (Packages/com.unity.services.core/Runtime/Threading/Unity.Services.Core.Threading.asmdef)
Required property 'name' not set (Packages/com.unity.collab-proxy/Tests/Editor/PlasticSCM/Unity.PlasticSCM.EditorTests.asmdef)
Required property 'name' not set (Packages/com.unity.services.core/Runtime/Device/Unity.Services.Core.Device.asmdef)
Mono: successfully reloaded assembly
- Completed reload, in  1.801 seconds
Domain Reload Profiling:
	ReloadAssembly (1802ms)
		BeginReloadAssembly (162ms)
			ExecutionOrderSort (0ms)
			DisableScriptedObjects (4ms)
			BackupInstance (0ms)
			ReleaseScriptingObjects (0ms)
			CreateAndSetChildDomain (35ms)
		EndReloadAssembly (1512ms)
			LoadAssemblies (115ms)
			RebuildTransferFunctionScriptingTraits (0ms)
			SetupTypeCache (566ms)
			ReleaseScriptCaches (10ms)
			RebuildScriptCaches (107ms)
			SetupLoadedEditorAssemblies (587ms)
				LogAssemblyErrors (0ms)
				InitializePlatformSupportModulesInManaged (23ms)
				SetLoadedEditorAssemblies (0ms)
				RefreshPlugins (2ms)
				BeforeProcessingInitializeOnLoad (293ms)
				ProcessInitializeOnLoadAttributes (243ms)
				ProcessInitializeOnLoadMethodAttributes (13ms)
				AfterProcessingInitializeOnLoad (13ms)
				EditorAssembliesLoaded (0ms)
			ExecutionOrderSort2 (0ms)
			AwakeInstancesAfterBackupRestoration (9ms)
Platform modules already initialized, skipping
Refreshing native plugins compatible for Editor in 2.38 ms, found 3 plugins.
Preloading 0 native plugins for Editor in 0.00 ms.
Unloading 3041 Unused Serialized files (Serialized files now loaded: 0)
Unloading 15 unused Assets / (24.5 KB). Loaded Objects now: 3584.
Memory consumption went from 116.7 MB to 116.7 MB.
Total: 2.298300 ms (FindLiveObjects: 0.165500 ms CreateObjectMapping: 0.073900 ms MarkObjects: 2.034700 ms  DeleteObjects: 0.023200 ms)

AssetImportParameters requested are different than current active one (requested -> active):
  custom:video-decoder-ogg-theora: a1e56fd34408186e4bbccfd4996cb3dc -> 
  custom:container-muxer-webm: aa71ff27fc2769a1b78a27578f13a17b -> 
  custom:container-demuxer-webm: 4f35f7cbe854078d1ac9338744f61a02 -> 
  custom:video-encoder-webm-vp8: eb34c28f22e8b96e1ab97ce403110664 -> 
  custom:video-codec-MediaFoundation-h265: 746d11721c4dcdbdad8f713fa42b33f4 -> 
  custom:audio-encoder-webm-vorbis: bf7c407c2cedff20999df2af8eb42d56 -> 
  custom:framework-win-MediaFoundation: 216162199b28c13a410421893ffa2e32 -> 
  custom:container-demuxer-ogg: 62fdf1f143b41e24485cea50d1cbac27 -> 
  custom:video-decoder-webm-vp8: 9c59270c3fd7afecdb556c50c9e8de78 -> 
  custom:audio-decoder-ogg-vorbis: bf7c407c2cedff20999df2af8eb42d56 -> 
========================================================================
Received Import Request.
  Time since last request: 720.215890 seconds.
  path: Assets/Scenes/plane.mat
  artifactKey: Guid(b01cd5f6a6e4cef43bf2c10813bca4ea) Importer(815301076,1909f56bfc062723c751e8b465ee728b)
Start importing Assets/Scenes/plane.mat using Guid(b01cd5f6a6e4cef43bf2c10813bca4ea) Importer(815301076,1909f56bfc062723c751e8b465ee728b)  -> (artifact id: '37d9e9b711dff5683daf895d3bc3c4d3') in 0.211993 seconds 
========================================================================
Received Prepare
Registering precompiled user dll's ...
Registered in 0.020937 seconds.
Required property 'name' not set (Packages/com.unity.services.core/Runtime/Telemetry/Unity.Services.Core.Telemetry.asmdef)
Required property 'name' not set (Packages/com.unity.services.core/Runtime/Networking/Unity.Services.Core.Networking.asmdef)
Required property 'name' not set (Packages/com.unity.services.core/Runtime/Core.Internal/Unity.Services.Core.Internal.asmdef)
Required property 'name' not set (Packages/com.unity.services.core/Runtime/Configuration/Unity.Services.Core.Configuration.asmdef)
Required property 'name' not set (Packages/com.unity.services.core/Runtime/Core/Unity.Services.Core.asmdef)
Required property 'name' not set (Packages/com.unity.services.core/Editor/Core/Unity.Services.Core.Editor.asmdef)
Required property 'name' not set (Packages/com.unity.services.core/Editor/Core/Configuration/Unity.Services.Core.Configuration.Editor.asmdef)
Required property 'name' not set (Packages/com.unity.services.core/Runtime/Analytics/Unity.Services.Core.Analytics.asmdef)
Required property 'name' not set (Packages/com.unity.services.core/Runtime/Registration/Unity.Services.Core.Registration.asmdef)
Required property 'name' not set (Packages/com.unity.services.core/Runtime/Environments/Unity.Services.Core.Environments.asmdef)
Required property 'name' not set (Packages/com.unity.services.core/Runtime/Scheduler/Unity.Services.Core.Scheduler.asmdef)
Required property 'name' not set (Packages/com.unity.services.core/Runtime/Environments/Internal/Unity.Services.Core.Environments.Internal.asmdef)
Required property 'name' not set (Packages/com.unity.collab-proxy/Editor/Collaborate/Unity.CollabProxy.Editor.asmdef)
Required property 'name' not set (Packages/com.unity.collab-proxy/Tests/Editor/Collaborate/Unity.CollabProxy.EditorTests.asmdef)
Required property 'name' not set (Packages/com.unity.services.core/Runtime/Threading/Unity.Services.Core.Threading.asmdef)
Required property 'name' not set (Packages/com.unity.collab-proxy/Tests/Editor/PlasticSCM/Unity.PlasticSCM.EditorTests.asmdef)
Required property 'name' not set (Packages/com.unity.services.core/Runtime/Device/Unity.Services.Core.Device.asmdef)
Required property 'name' not set (Packages/com.unity.services.core/Runtime/Telemetry/Unity.Services.Core.Telemetry.asmdef)
Required property 'name' not set (Packages/com.unity.services.core/Runtime/Networking/Unity.Services.Core.Networking.asmdef)
Required property 'name' not set (Packages/com.unity.services.core/Runtime/Core.Internal/Unity.Services.Core.Internal.asmdef)
Required property 'name' not set (Packages/com.unity.services.core/Runtime/Configuration/Unity.Services.Core.Configuration.asmdef)
Required property 'name' not set (Packages/com.unity.services.core/Runtime/Core/Unity.Services.Core.asmdef)
Required property 'name' not set (Packages/com.unity.services.core/Editor/Core/Unity.Services.Core.Editor.asmdef)
Required property 'name' not set (Packages/com.unity.services.core/Editor/Core/Configuration/Unity.Services.Core.Configuration.Editor.asmdef)
Required property 'name' not set (Packages/com.unity.services.core/Runtime/Analytics/Unity.Services.Core.Analytics.asmdef)
Required property 'name' not set (Packages/com.unity.services.core/Runtime/Registration/Unity.Services.Core.Registration.asmdef)
Required property 'name' not set (Packages/com.unity.services.core/Runtime/Environments/Unity.Services.Core.Environments.asmdef)
Required property 'name' not set (Packages/com.unity.services.core/Runtime/Scheduler/Unity.Services.Core.Scheduler.asmdef)
Required property 'name' not set (Packages/com.unity.services.core/Runtime/Environments/Internal/Unity.Services.Core.Environments.Internal.asmdef)
Required property 'name' not set (Packages/com.unity.collab-proxy/Editor/Collaborate/Unity.CollabProxy.Editor.asmdef)
Required property 'name' not set (Packages/com.unity.collab-proxy/Tests/Editor/Collaborate/Unity.CollabProxy.EditorTests.asmdef)
Required property 'name' not set (Packages/com.unity.services.core/Runtime/Threading/Unity.Services.Core.Threading.asmdef)
Required property 'name' not set (Packages/com.unity.collab-proxy/Tests/Editor/PlasticSCM/Unity.PlasticSCM.EditorTests.asmdef)
Required property 'name' not set (Packages/com.unity.services.core/Runtime/Device/Unity.Services.Core.Device.asmdef)
Begin MonoManager ReloadAssembly
Symbol file LoadedFromMemory doesn't match image C:\Users\a0108\OneDrive\바탕 화면\sokovan\Library\PackageCache\com.unity.visualscripting@1.8.0\Editor\VisualScripting.Core\Dependencies\YamlDotNet\Unity.VisualScripting.YamlDotNet.dll
Symbol file LoadedFromMemory doesn't match image C:\Users\a0108\OneDrive\바탕 화면\sokovan\Library\PackageCache\com.unity.visualscripting@1.8.0\Editor\VisualScripting.Core\Dependencies\DotNetZip\Unity.VisualScripting.IonicZip.dll
Native extension for WindowsStandalone target not found
Native extension for WebGL target not found
Refreshing native plugins compatible for Editor in 0.45 ms, found 3 plugins.
Preloading 0 native plugins for Editor in 0.00 ms.
Required property 'name' not set (Packages/com.unity.services.core/Runtime/Telemetry/Unity.Services.Core.Telemetry.asmdef)
Required property 'name' not set (Packages/com.unity.services.core/Runtime/Networking/Unity.Services.Core.Networking.asmdef)
Required property 'name' not set (Packages/com.unity.services.core/Runtime/Core.Internal/Unity.Services.Core.Internal.asmdef)
Required property 'name' not set (Packages/com.unity.services.core/Runtime/Configuration/Unity.Services.Core.Configuration.asmdef)
Required property 'name' not set (Packages/com.unity.services.core/Runtime/Core/Unity.Services.Core.asmdef)
Required property 'name' not set (Packages/com.unity.services.core/Editor/Core/Unity.Services.Core.Editor.asmdef)
Required property 'name' not set (Packages/com.unity.services.core/Editor/Core/Configuration/Unity.Services.Core.Configuration.Editor.asmdef)
Required property 'name' not set (Packages/com.unity.services.core/Runtime/Analytics/Unity.Services.Core.Analytics.asmdef)
Required property 'name' not set (Packages/com.unity.services.core/Runtime/Registration/Unity.Services.Core.Registration.asmdef)
Required property 'name' not set (Packages/com.unity.services.core/Runtime/Environments/Unity.Services.Core.Environments.asmdef)
Required property 'name' not set (Packages/com.unity.services.core/Runtime/Scheduler/Unity.Services.Core.Scheduler.asmdef)
Required property 'name' not set (Packages/com.unity.services.core/Runtime/Environments/Internal/Unity.Services.Core.Environments.Internal.asmdef)
Required property 'name' not set (Packages/com.unity.collab-proxy/Editor/Collaborate/Unity.CollabProxy.Editor.asmdef)
Required property 'name' not set (Packages/com.unity.collab-proxy/Tests/Editor/Collaborate/Unity.CollabProxy.EditorTests.asmdef)
Required property 'name' not set (Packages/com.unity.services.core/Runtime/Threading/Unity.Services.Core.Threading.asmdef)
Required property 'name' not set (Packages/com.unity.collab-proxy/Tests/Editor/PlasticSCM/Unity.PlasticSCM.EditorTests.asmdef)
Required property 'name' not set (Packages/com.unity.services.core/Runtime/Device/Unity.Services.Core.Device.asmdef)
Mono: successfully reloaded assembly
- Completed reload, in  1.072 seconds
Domain Reload Profiling:
	ReloadAssembly (1073ms)
		BeginReloadAssembly (198ms)
			ExecutionOrderSort (0ms)
			DisableScriptedObjects (7ms)
			BackupInstance (0ms)
			ReleaseScriptingObjects (0ms)
			CreateAndSetChildDomain (51ms)
		EndReloadAssembly (792ms)
			LoadAssemblies (153ms)
			RebuildTransferFunctionScriptingTraits (0ms)
			SetupTypeCache (262ms)
			ReleaseScriptCaches (1ms)
			RebuildScriptCaches (30ms)
			SetupLoadedEditorAssemblies (297ms)
				LogAssemblyErrors (0ms)
				InitializePlatformSupportModulesInManaged (6ms)
				SetLoadedEditorAssemblies (0ms)
				RefreshPlugins (1ms)
				BeforeProcessingInitializeOnLoad (86ms)
				ProcessInitializeOnLoadAttributes (167ms)
				ProcessInitializeOnLoadMethodAttributes (15ms)
				AfterProcessingInitializeOnLoad (21ms)
				EditorAssembliesLoaded (0ms)
			ExecutionOrderSort2 (0ms)
			AwakeInstancesAfterBackupRestoration (7ms)
Platform modules already initialized, skipping
Refreshing native plugins compatible for Editor in 2.53 ms, found 3 plugins.
Preloading 0 native plugins for Editor in 0.00 ms.
Unloading 3041 Unused Serialized files (Serialized files now loaded: 0)
Unloading 15 unused Assets / (24.6 KB). Loaded Objects now: 3587.
Memory consumption went from 116.7 MB to 116.7 MB.
Total: 2.188400 ms (FindLiveObjects: 0.247600 ms CreateObjectMapping: 0.076400 ms MarkObjects: 1.839400 ms  DeleteObjects: 0.023800 ms)

AssetImportParameters requested are different than current active one (requested -> active):
  custom:video-decoder-ogg-theora: a1e56fd34408186e4bbccfd4996cb3dc -> 
  custom:container-muxer-webm: aa71ff27fc2769a1b78a27578f13a17b -> 
  custom:container-demuxer-webm: 4f35f7cbe854078d1ac9338744f61a02 -> 
  custom:video-encoder-webm-vp8: eb34c28f22e8b96e1ab97ce403110664 -> 
  custom:video-codec-MediaFoundation-h265: 746d11721c4dcdbdad8f713fa42b33f4 -> 
  custom:audio-encoder-webm-vorbis: bf7c407c2cedff20999df2af8eb42d56 -> 
  custom:framework-win-MediaFoundation: 216162199b28c13a410421893ffa2e32 -> 
  custom:container-demuxer-ogg: 62fdf1f143b41e24485cea50d1cbac27 -> 
  custom:video-decoder-webm-vp8: 9c59270c3fd7afecdb556c50c9e8de78 -> 
  custom:audio-decoder-ogg-vorbis: bf7c407c2cedff20999df2af8eb42d56 -> 
========================================================================
Received Prepare
Registering precompiled user dll's ...
Registered in 0.011197 seconds.
Required property 'name' not set (Packages/com.unity.services.core/Runtime/Telemetry/Unity.Services.Core.Telemetry.asmdef)
Required property 'name' not set (Packages/com.unity.services.core/Runtime/Networking/Unity.Services.Core.Networking.asmdef)
Required property 'name' not set (Packages/com.unity.services.core/Runtime/Core.Internal/Unity.Services.Core.Internal.asmdef)
Required property 'name' not set (Packages/com.unity.services.core/Runtime/Configuration/Unity.Services.Core.Configuration.asmdef)
Required property 'name' not set (Packages/com.unity.services.core/Runtime/Core/Unity.Services.Core.asmdef)
Required property 'name' not set (Packages/com.unity.services.core/Editor/Core/Unity.Services.Core.Editor.asmdef)
Required property 'name' not set (Packages/com.unity.services.core/Editor/Core/Configuration/Unity.Services.Core.Configuration.Editor.asmdef)
Required property 'name' not set (Packages/com.unity.services.core/Runtime/Analytics/Unity.Services.Core.Analytics.asmdef)
Required property 'name' not set (Packages/com.unity.services.core/Runtime/Registration/Unity.Services.Core.Registration.asmdef)
Required property 'name' not set (Packages/com.unity.services.core/Runtime/Environments/Unity.Services.Core.Environments.asmdef)
Required property 'name' not set (Packages/com.unity.services.core/Runtime/Scheduler/Unity.Services.Core.Scheduler.asmdef)
Required property 'name' not set (Packages/com.unity.services.core/Runtime/Environments/Internal/Unity.Services.Core.Environments.Internal.asmdef)
Required property 'name' not set (Packages/com.unity.collab-proxy/Editor/Collaborate/Unity.CollabProxy.Editor.asmdef)
Required property 'name' not set (Packages/com.unity.collab-proxy/Tests/Editor/Collaborate/Unity.CollabProxy.EditorTests.asmdef)
Required property 'name' not set (Packages/com.unity.services.core/Runtime/Threading/Unity.Services.Core.Threading.asmdef)
Required property 'name' not set (Packages/com.unity.collab-proxy/Tests/Editor/PlasticSCM/Unity.PlasticSCM.EditorTests.asmdef)
Required property 'name' not set (Packages/com.unity.services.core/Runtime/Device/Unity.Services.Core.Device.asmdef)
Required property 'name' not set (Packages/com.unity.services.core/Runtime/Telemetry/Unity.Services.Core.Telemetry.asmdef)
Required property 'name' not set (Packages/com.unity.services.core/Runtime/Networking/Unity.Services.Core.Networking.asmdef)
Required property 'name' not set (Packages/com.unity.services.core/Runtime/Core.Internal/Unity.Services.Core.Internal.asmdef)
Required property 'name' not set (Packages/com.unity.services.core/Runtime/Configuration/Unity.Services.Core.Configuration.asmdef)
Required property 'name' not set (Packages/com.unity.services.core/Runtime/Core/Unity.Services.Core.asmdef)
Required property 'name' not set (Packages/com.unity.services.core/Editor/Core/Unity.Services.Core.Editor.asmdef)
Required property 'name' not set (Packages/com.unity.services.core/Editor/Core/Configuration/Unity.Services.Core.Configuration.Editor.asmdef)
Required property 'name' not set (Packages/com.unity.services.core/Runtime/Analytics/Unity.Services.Core.Analytics.asmdef)
Required property 'name' not set (Packages/com.unity.services.core/Runtime/Registration/Unity.Services.Core.Registration.asmdef)
Required property 'name' not set (Packages/com.unity.services.core/Runtime/Environments/Unity.Services.Core.Environments.asmdef)
Required property 'name' not set (Packages/com.unity.services.core/Runtime/Scheduler/Unity.Services.Core.Scheduler.asmdef)
Required property 'name' not set (Packages/com.unity.services.core/Runtime/Environments/Internal/Unity.Services.Core.Environments.Internal.asmdef)
Required property 'name' not set (Packages/com.unity.collab-proxy/Editor/Collaborate/Unity.CollabProxy.Editor.asmdef)
Required property 'name' not set (Packages/com.unity.collab-proxy/Tests/Editor/Collaborate/Unity.CollabProxy.EditorTests.asmdef)
Required property 'name' not set (Packages/com.unity.services.core/Runtime/Threading/Unity.Services.Core.Threading.asmdef)
Required property 'name' not set (Packages/com.unity.collab-proxy/Tests/Editor/PlasticSCM/Unity.PlasticSCM.EditorTests.asmdef)
Required property 'name' not set (Packages/com.unity.services.core/Runtime/Device/Unity.Services.Core.Device.asmdef)
Begin MonoManager ReloadAssembly
Symbol file LoadedFromMemory doesn't match image C:\Users\a0108\OneDrive\바탕 화면\sokovan\Library\PackageCache\com.unity.visualscripting@1.8.0\Editor\VisualScripting.Core\Dependencies\YamlDotNet\Unity.VisualScripting.YamlDotNet.dll
Symbol file LoadedFromMemory doesn't match image C:\Users\a0108\OneDrive\바탕 화면\sokovan\Library\PackageCache\com.unity.visualscripting@1.8.0\Editor\VisualScripting.Core\Dependencies\DotNetZip\Unity.VisualScripting.IonicZip.dll
Native extension for WindowsStandalone target not found
Native extension for WebGL target not found
Refreshing native plugins compatible for Editor in 0.45 ms, found 3 plugins.
Preloading 0 native plugins for Editor in 0.00 ms.
Required property 'name' not set (Packages/com.unity.services.core/Runtime/Telemetry/Unity.Services.Core.Telemetry.asmdef)
Required property 'name' not set (Packages/com.unity.services.core/Runtime/Networking/Unity.Services.Core.Networking.asmdef)
Required property 'name' not set (Packages/com.unity.services.core/Runtime/Core.Internal/Unity.Services.Core.Internal.asmdef)
Required property 'name' not set (Packages/com.unity.services.core/Runtime/Configuration/Unity.Services.Core.Configuration.asmdef)
Required property 'name' not set (Packages/com.unity.services.core/Runtime/Core/Unity.Services.Core.asmdef)
Required property 'name' not set (Packages/com.unity.services.core/Editor/Core/Unity.Services.Core.Editor.asmdef)
Required property 'name' not set (Packages/com.unity.services.core/Editor/Core/Configuration/Unity.Services.Core.Configuration.Editor.asmdef)
Required property 'name' not set (Packages/com.unity.services.core/Runtime/Analytics/Unity.Services.Core.Analytics.asmdef)
Required property 'name' not set (Packages/com.unity.services.core/Runtime/Registration/Unity.Services.Core.Registration.asmdef)
Required property 'name' not set (Packages/com.unity.services.core/Runtime/Environments/Unity.Services.Core.Environments.asmdef)
Required property 'name' not set (Packages/com.unity.services.core/Runtime/Scheduler/Unity.Services.Core.Scheduler.asmdef)
Required property 'name' not set (Packages/com.unity.services.core/Runtime/Environments/Internal/Unity.Services.Core.Environments.Internal.asmdef)
Required property 'name' not set (Packages/com.unity.collab-proxy/Editor/Collaborate/Unity.CollabProxy.Editor.asmdef)
Required property 'name' not set (Packages/com.unity.collab-proxy/Tests/Editor/Collaborate/Unity.CollabProxy.EditorTests.asmdef)
Required property 'name' not set (Packages/com.unity.services.core/Runtime/Threading/Unity.Services.Core.Threading.asmdef)
Required property 'name' not set (Packages/com.unity.collab-proxy/Tests/Editor/PlasticSCM/Unity.PlasticSCM.EditorTests.asmdef)
Required property 'name' not set (Packages/com.unity.services.core/Runtime/Device/Unity.Services.Core.Device.asmdef)
Mono: successfully reloaded assembly
- Completed reload, in  2.088 seconds
Domain Reload Profiling:
	ReloadAssembly (2089ms)
		BeginReloadAssembly (187ms)
			ExecutionOrderSort (0ms)
			DisableScriptedObjects (6ms)
			BackupInstance (0ms)
			ReleaseScriptingObjects (0ms)
			CreateAndSetChildDomain (25ms)
		EndReloadAssembly (1676ms)
			LoadAssemblies (198ms)
			RebuildTransferFunctionScriptingTraits (0ms)
			SetupTypeCache (555ms)
			ReleaseScriptCaches (2ms)
			RebuildScriptCaches (83ms)
			SetupLoadedEditorAssemblies (708ms)
				LogAssemblyErrors (0ms)
				InitializePlatformSupportModulesInManaged (11ms)
				SetLoadedEditorAssemblies (2ms)
				RefreshPlugins (1ms)
				BeforeProcessingInitializeOnLoad (205ms)
				ProcessInitializeOnLoadAttributes (418ms)
				ProcessInitializeOnLoadMethodAttributes (40ms)
				AfterProcessingInitializeOnLoad (30ms)
				EditorAssembliesLoaded (1ms)
			ExecutionOrderSort2 (0ms)
			AwakeInstancesAfterBackupRestoration (20ms)
Platform modules already initialized, skipping
Refreshing native plugins compatible for Editor in 3.06 ms, found 3 plugins.
Preloading 0 native plugins for Editor in 0.00 ms.
Unloading 3041 Unused Serialized files (Serialized files now loaded: 0)
Unloading 15 unused Assets / (24.7 KB). Loaded Objects now: 3590.
Memory consumption went from 116.7 MB to 116.7 MB.
Total: 4.166100 ms (FindLiveObjects: 1.751500 ms CreateObjectMapping: 0.205500 ms MarkObjects: 2.177100 ms  DeleteObjects: 0.030500 ms)

AssetImportParameters requested are different than current active one (requested -> active):
  custom:video-decoder-ogg-theora: a1e56fd34408186e4bbccfd4996cb3dc -> 
  custom:container-muxer-webm: aa71ff27fc2769a1b78a27578f13a17b -> 
  custom:container-demuxer-webm: 4f35f7cbe854078d1ac9338744f61a02 -> 
  custom:video-encoder-webm-vp8: eb34c28f22e8b96e1ab97ce403110664 -> 
  custom:video-codec-MediaFoundation-h265: 746d11721c4dcdbdad8f713fa42b33f4 -> 
  custom:audio-encoder-webm-vorbis: bf7c407c2cedff20999df2af8eb42d56 -> 
  custom:framework-win-MediaFoundation: 216162199b28c13a410421893ffa2e32 -> 
  custom:container-demuxer-ogg: 62fdf1f143b41e24485cea50d1cbac27 -> 
  custom:video-decoder-webm-vp8: 9c59270c3fd7afecdb556c50c9e8de78 -> 
  custom:audio-decoder-ogg-vorbis: bf7c407c2cedff20999df2af8eb42d56 -> 
========================================================================
Received Prepare
Registering precompiled user dll's ...
Registered in 0.023676 seconds.
Required property 'name' not set (Packages/com.unity.services.core/Runtime/Telemetry/Unity.Services.Core.Telemetry.asmdef)
Required property 'name' not set (Packages/com.unity.services.core/Runtime/Networking/Unity.Services.Core.Networking.asmdef)
Required property 'name' not set (Packages/com.unity.services.core/Runtime/Core.Internal/Unity.Services.Core.Internal.asmdef)
Required property 'name' not set (Packages/com.unity.services.core/Runtime/Configuration/Unity.Services.Core.Configuration.asmdef)
Required property 'name' not set (Packages/com.unity.services.core/Runtime/Core/Unity.Services.Core.asmdef)
Required property 'name' not set (Packages/com.unity.services.core/Editor/Core/Unity.Services.Core.Editor.asmdef)
Required property 'name' not set (Packages/com.unity.services.core/Editor/Core/Configuration/Unity.Services.Core.Configuration.Editor.asmdef)
Required property 'name' not set (Packages/com.unity.services.core/Runtime/Analytics/Unity.Services.Core.Analytics.asmdef)
Required property 'name' not set (Packages/com.unity.services.core/Runtime/Registration/Unity.Services.Core.Registration.asmdef)
Required property 'name' not set (Packages/com.unity.services.core/Runtime/Environments/Unity.Services.Core.Environments.asmdef)
Required property 'name' not set (Packages/com.unity.services.core/Runtime/Scheduler/Unity.Services.Core.Scheduler.asmdef)
Required property 'name' not set (Packages/com.unity.services.core/Runtime/Environments/Internal/Unity.Services.Core.Environments.Internal.asmdef)
Required property 'name' not set (Packages/com.unity.collab-proxy/Editor/Collaborate/Unity.CollabProxy.Editor.asmdef)
Required property 'name' not set (Packages/com.unity.collab-proxy/Tests/Editor/Collaborate/Unity.CollabProxy.EditorTests.asmdef)
Required property 'name' not set (Packages/com.unity.services.core/Runtime/Threading/Unity.Services.Core.Threading.asmdef)
Required property 'name' not set (Packages/com.unity.collab-proxy/Tests/Editor/PlasticSCM/Unity.PlasticSCM.EditorTests.asmdef)
Required property 'name' not set (Packages/com.unity.services.core/Runtime/Device/Unity.Services.Core.Device.asmdef)
Required property 'name' not set (Packages/com.unity.services.core/Runtime/Telemetry/Unity.Services.Core.Telemetry.asmdef)
Required property 'name' not set (Packages/com.unity.services.core/Runtime/Networking/Unity.Services.Core.Networking.asmdef)
Required property 'name' not set (Packages/com.unity.services.core/Runtime/Core.Internal/Unity.Services.Core.Internal.asmdef)
Required property 'name' not set (Packages/com.unity.services.core/Runtime/Configuration/Unity.Services.Core.Configuration.asmdef)
Required property 'name' not set (Packages/com.unity.services.core/Runtime/Core/Unity.Services.Core.asmdef)
Required property 'name' not set (Packages/com.unity.services.core/Editor/Core/Unity.Services.Core.Editor.asmdef)
Required property 'name' not set (Packages/com.unity.services.core/Editor/Core/Configuration/Unity.Services.Core.Configuration.Editor.asmdef)
Required property 'name' not set (Packages/com.unity.services.core/Runtime/Analytics/Unity.Services.Core.Analytics.asmdef)
Required property 'name' not set (Packages/com.unity.services.core/Runtime/Registration/Unity.Services.Core.Registration.asmdef)
Required property 'name' not set (Packages/com.unity.services.core/Runtime/Environments/Unity.Services.Core.Environments.asmdef)
Required property 'name' not set (Packages/com.unity.services.core/Runtime/Scheduler/Unity.Services.Core.Scheduler.asmdef)
Required property 'name' not set (Packages/com.unity.services.core/Runtime/Environments/Internal/Unity.Services.Core.Environments.Internal.asmdef)
Required property 'name' not set (Packages/com.unity.collab-proxy/Editor/Collaborate/Unity.CollabProxy.Editor.asmdef)
Required property 'name' not set (Packages/com.unity.collab-proxy/Tests/Editor/Collaborate/Unity.CollabProxy.EditorTests.asmdef)
Required property 'name' not set (Packages/com.unity.services.core/Runtime/Threading/Unity.Services.Core.Threading.asmdef)
Required property 'name' not set (Packages/com.unity.collab-proxy/Tests/Editor/PlasticSCM/Unity.PlasticSCM.EditorTests.asmdef)
Required property 'name' not set (Packages/com.unity.services.core/Runtime/Device/Unity.Services.Core.Device.asmdef)
Begin MonoManager ReloadAssembly
Symbol file LoadedFromMemory doesn't match image C:\Users\a0108\OneDrive\바탕 화면\sokovan\Library\PackageCache\com.unity.visualscripting@1.8.0\Editor\VisualScripting.Core\Dependencies\YamlDotNet\Unity.VisualScripting.YamlDotNet.dll
Symbol file LoadedFromMemory doesn't match image C:\Users\a0108\OneDrive\바탕 화면\sokovan\Library\PackageCache\com.unity.visualscripting@1.8.0\Editor\VisualScripting.Core\Dependencies\DotNetZip\Unity.VisualScripting.IonicZip.dll
Native extension for WindowsStandalone target not found
Native extension for WebGL target not found
Refreshing native plugins compatible for Editor in 0.35 ms, found 3 plugins.
Preloading 0 native plugins for Editor in 0.00 ms.
Required property 'name' not set (Packages/com.unity.services.core/Runtime/Telemetry/Unity.Services.Core.Telemetry.asmdef)
Required property 'name' not set (Packages/com.unity.services.core/Runtime/Networking/Unity.Services.Core.Networking.asmdef)
Required property 'name' not set (Packages/com.unity.services.core/Runtime/Core.Internal/Unity.Services.Core.Internal.asmdef)
Required property 'name' not set (Packages/com.unity.services.core/Runtime/Configuration/Unity.Services.Core.Configuration.asmdef)
Required property 'name' not set (Packages/com.unity.services.core/Runtime/Core/Unity.Services.Core.asmdef)
Required property 'name' not set (Packages/com.unity.services.core/Editor/Core/Unity.Services.Core.Editor.asmdef)
Required property 'name' not set (Packages/com.unity.services.core/Editor/Core/Configuration/Unity.Services.Core.Configuration.Editor.asmdef)
Required property 'name' not set (Packages/com.unity.services.core/Runtime/Analytics/Unity.Services.Core.Analytics.asmdef)
Required property 'name' not set (Packages/com.unity.services.core/Runtime/Registration/Unity.Services.Core.Registration.asmdef)
Required property 'name' not set (Packages/com.unity.services.core/Runtime/Environments/Unity.Services.Core.Environments.asmdef)
Required property 'name' not set (Packages/com.unity.services.core/Runtime/Scheduler/Unity.Services.Core.Scheduler.asmdef)
Required property 'name' not set (Packages/com.unity.services.core/Runtime/Environments/Internal/Unity.Services.Core.Environments.Internal.asmdef)
Required property 'name' not set (Packages/com.unity.collab-proxy/Editor/Collaborate/Unity.CollabProxy.Editor.asmdef)
Required property 'name' not set (Packages/com.unity.collab-proxy/Tests/Editor/Collaborate/Unity.CollabProxy.EditorTests.asmdef)
Required property 'name' not set (Packages/com.unity.services.core/Runtime/Threading/Unity.Services.Core.Threading.asmdef)
Required property 'name' not set (Packages/com.unity.collab-proxy/Tests/Editor/PlasticSCM/Unity.PlasticSCM.EditorTests.asmdef)
Required property 'name' not set (Packages/com.unity.services.core/Runtime/Device/Unity.Services.Core.Device.asmdef)
Mono: successfully reloaded assembly
- Completed reload, in  0.790 seconds
Domain Reload Profiling:
	ReloadAssembly (790ms)
		BeginReloadAssembly (136ms)
			ExecutionOrderSort (0ms)
			DisableScriptedObjects (4ms)
			BackupInstance (0ms)
			ReleaseScriptingObjects (0ms)
			CreateAndSetChildDomain (27ms)
		EndReloadAssembly (571ms)
			LoadAssemblies (98ms)
			RebuildTransferFunctionScriptingTraits (0ms)
			SetupTypeCache (183ms)
			ReleaseScriptCaches (1ms)
			RebuildScriptCaches (29ms)
			SetupLoadedEditorAssemblies (249ms)
				LogAssemblyErrors (0ms)
				InitializePlatformSupportModulesInManaged (6ms)
				SetLoadedEditorAssemblies (0ms)
				RefreshPlugins (0ms)
				BeforeProcessingInitializeOnLoad (75ms)
				ProcessInitializeOnLoadAttributes (142ms)
				ProcessInitializeOnLoadMethodAttributes (13ms)
				AfterProcessingInitializeOnLoad (12ms)
				EditorAssembliesLoaded (0ms)
			ExecutionOrderSort2 (0ms)
			AwakeInstancesAfterBackupRestoration (7ms)
Platform modules already initialized, skipping
Refreshing native plugins compatible for Editor in 2.37 ms, found 3 plugins.
Preloading 0 native plugins for Editor in 0.00 ms.
Unloading 3041 Unused Serialized files (Serialized files now loaded: 0)
Unloading 15 unused Assets / (24.6 KB). Loaded Objects now: 3593.
Memory consumption went from 116.7 MB to 116.7 MB.
Total: 2.197800 ms (FindLiveObjects: 0.174700 ms CreateObjectMapping: 0.076800 ms MarkObjects: 1.923700 ms  DeleteObjects: 0.021500 ms)

AssetImportParameters requested are different than current active one (requested -> active):
  custom:video-decoder-ogg-theora: a1e56fd34408186e4bbccfd4996cb3dc -> 
  custom:container-muxer-webm: aa71ff27fc2769a1b78a27578f13a17b -> 
  custom:container-demuxer-webm: 4f35f7cbe854078d1ac9338744f61a02 -> 
  custom:video-encoder-webm-vp8: eb34c28f22e8b96e1ab97ce403110664 -> 
  custom:video-codec-MediaFoundation-h265: 746d11721c4dcdbdad8f713fa42b33f4 -> 
  custom:audio-encoder-webm-vorbis: bf7c407c2cedff20999df2af8eb42d56 -> 
  custom:framework-win-MediaFoundation: 216162199b28c13a410421893ffa2e32 -> 
  custom:container-demuxer-ogg: 62fdf1f143b41e24485cea50d1cbac27 -> 
  custom:video-decoder-webm-vp8: 9c59270c3fd7afecdb556c50c9e8de78 -> 
  custom:audio-decoder-ogg-vorbis: bf7c407c2cedff20999df2af8eb42d56 -> 
========================================================================
Received Prepare
Registering precompiled user dll's ...
Registered in 0.025629 seconds.
Required property 'name' not set (Packages/com.unity.services.core/Runtime/Telemetry/Unity.Services.Core.Telemetry.asmdef)
Required property 'name' not set (Packages/com.unity.services.core/Runtime/Networking/Unity.Services.Core.Networking.asmdef)
Required property 'name' not set (Packages/com.unity.services.core/Runtime/Core.Internal/Unity.Services.Core.Internal.asmdef)
Required property 'name' not set (Packages/com.unity.services.core/Runtime/Configuration/Unity.Services.Core.Configuration.asmdef)
Required property 'name' not set (Packages/com.unity.services.core/Runtime/Core/Unity.Services.Core.asmdef)
Required property 'name' not set (Packages/com.unity.services.core/Editor/Core/Unity.Services.Core.Editor.asmdef)
Required property 'name' not set (Packages/com.unity.services.core/Editor/Core/Configuration/Unity.Services.Core.Configuration.Editor.asmdef)
Required property 'name' not set (Packages/com.unity.services.core/Runtime/Analytics/Unity.Services.Core.Analytics.asmdef)
Required property 'name' not set (Packages/com.unity.services.core/Runtime/Registration/Unity.Services.Core.Registration.asmdef)
Required property 'name' not set (Packages/com.unity.services.core/Runtime/Environments/Unity.Services.Core.Environments.asmdef)
Required property 'name' not set (Packages/com.unity.services.core/Runtime/Scheduler/Unity.Services.Core.Scheduler.asmdef)
Required property 'name' not set (Packages/com.unity.services.core/Runtime/Environments/Internal/Unity.Services.Core.Environments.Internal.asmdef)
Required property 'name' not set (Packages/com.unity.collab-proxy/Editor/Collaborate/Unity.CollabProxy.Editor.asmdef)
Required property 'name' not set (Packages/com.unity.collab-proxy/Tests/Editor/Collaborate/Unity.CollabProxy.EditorTests.asmdef)
Required property 'name' not set (Packages/com.unity.services.core/Runtime/Threading/Unity.Services.Core.Threading.asmdef)
Required property 'name' not set (Packages/com.unity.collab-proxy/Tests/Editor/PlasticSCM/Unity.PlasticSCM.EditorTests.asmdef)
Required property 'name' not set (Packages/com.unity.services.core/Runtime/Device/Unity.Services.Core.Device.asmdef)
Required property 'name' not set (Packages/com.unity.services.core/Runtime/Telemetry/Unity.Services.Core.Telemetry.asmdef)
Required property 'name' not set (Packages/com.unity.services.core/Runtime/Networking/Unity.Services.Core.Networking.asmdef)
Required property 'name' not set (Packages/com.unity.services.core/Runtime/Core.Internal/Unity.Services.Core.Internal.asmdef)
Required property 'name' not set (Packages/com.unity.services.core/Runtime/Configuration/Unity.Services.Core.Configuration.asmdef)
Required property 'name' not set (Packages/com.unity.services.core/Runtime/Core/Unity.Services.Core.asmdef)
Required property 'name' not set (Packages/com.unity.services.core/Editor/Core/Unity.Services.Core.Editor.asmdef)
Required property 'name' not set (Packages/com.unity.services.core/Editor/Core/Configuration/Unity.Services.Core.Configuration.Editor.asmdef)
Required property 'name' not set (Packages/com.unity.services.core/Runtime/Analytics/Unity.Services.Core.Analytics.asmdef)
Required property 'name' not set (Packages/com.unity.services.core/Runtime/Registration/Unity.Services.Core.Registration.asmdef)
Required property 'name' not set (Packages/com.unity.services.core/Runtime/Environments/Unity.Services.Core.Environments.asmdef)
Required property 'name' not set (Packages/com.unity.services.core/Runtime/Scheduler/Unity.Services.Core.Scheduler.asmdef)
Required property 'name' not set (Packages/com.unity.services.core/Runtime/Environments/Internal/Unity.Services.Core.Environments.Internal.asmdef)
Required property 'name' not set (Packages/com.unity.collab-proxy/Editor/Collaborate/Unity.CollabProxy.Editor.asmdef)
Required property 'name' not set (Packages/com.unity.collab-proxy/Tests/Editor/Collaborate/Unity.CollabProxy.EditorTests.asmdef)
Required property 'name' not set (Packages/com.unity.services.core/Runtime/Threading/Unity.Services.Core.Threading.asmdef)
Required property 'name' not set (Packages/com.unity.collab-proxy/Tests/Editor/PlasticSCM/Unity.PlasticSCM.EditorTests.asmdef)
Required property 'name' not set (Packages/com.unity.services.core/Runtime/Device/Unity.Services.Core.Device.asmdef)
Begin MonoManager ReloadAssembly
Symbol file LoadedFromMemory doesn't match image C:\Users\a0108\OneDrive\바탕 화면\sokovan\Library\PackageCache\com.unity.visualscripting@1.8.0\Editor\VisualScripting.Core\Dependencies\YamlDotNet\Unity.VisualScripting.YamlDotNet.dll
Symbol file LoadedFromMemory doesn't match image C:\Users\a0108\OneDrive\바탕 화면\sokovan\Library\PackageCache\com.unity.visualscripting@1.8.0\Editor\VisualScripting.Core\Dependencies\DotNetZip\Unity.VisualScripting.IonicZip.dll
Native extension for WindowsStandalone target not found
Native extension for WebGL target not found
Refreshing native plugins compatible for Editor in 0.40 ms, found 3 plugins.
Preloading 0 native plugins for Editor in 0.00 ms.
Required property 'name' not set (Packages/com.unity.services.core/Runtime/Telemetry/Unity.Services.Core.Telemetry.asmdef)
Required property 'name' not set (Packages/com.unity.services.core/Runtime/Networking/Unity.Services.Core.Networking.asmdef)
Required property 'name' not set (Packages/com.unity.services.core/Runtime/Core.Internal/Unity.Services.Core.Internal.asmdef)
Required property 'name' not set (Packages/com.unity.services.core/Runtime/Configuration/Unity.Services.Core.Configuration.asmdef)
Required property 'name' not set (Packages/com.unity.services.core/Runtime/Core/Unity.Services.Core.asmdef)
Required property 'name' not set (Packages/com.unity.services.core/Editor/Core/Unity.Services.Core.Editor.asmdef)
Required property 'name' not set (Packages/com.unity.services.core/Editor/Core/Configuration/Unity.Services.Core.Configuration.Editor.asmdef)
Required property 'name' not set (Packages/com.unity.services.core/Runtime/Analytics/Unity.Services.Core.Analytics.asmdef)
Required property 'name' not set (Packages/com.unity.services.core/Runtime/Registration/Unity.Services.Core.Registration.asmdef)
Required property 'name' not set (Packages/com.unity.services.core/Runtime/Environments/Unity.Services.Core.Environments.asmdef)
Required property 'name' not set (Packages/com.unity.services.core/Runtime/Scheduler/Unity.Services.Core.Scheduler.asmdef)
Required property 'name' not set (Packages/com.unity.services.core/Runtime/Environments/Internal/Unity.Services.Core.Environments.Internal.asmdef)
Required property 'name' not set (Packages/com.unity.collab-proxy/Editor/Collaborate/Unity.CollabProxy.Editor.asmdef)
Required property 'name' not set (Packages/com.unity.collab-proxy/Tests/Editor/Collaborate/Unity.CollabProxy.EditorTests.asmdef)
Required property 'name' not set (Packages/com.unity.services.core/Runtime/Threading/Unity.Services.Core.Threading.asmdef)
Required property 'name' not set (Packages/com.unity.collab-proxy/Tests/Editor/PlasticSCM/Unity.PlasticSCM.EditorTests.asmdef)
Required property 'name' not set (Packages/com.unity.services.core/Runtime/Device/Unity.Services.Core.Device.asmdef)
Mono: successfully reloaded assembly
- Completed reload, in  0.971 seconds
Domain Reload Profiling:
	ReloadAssembly (972ms)
		BeginReloadAssembly (144ms)
			ExecutionOrderSort (0ms)
			DisableScriptedObjects (4ms)
			BackupInstance (0ms)
			ReleaseScriptingObjects (0ms)
			CreateAndSetChildDomain (31ms)
		EndReloadAssembly (736ms)
			LoadAssemblies (119ms)
			RebuildTransferFunctionScriptingTraits (0ms)
			SetupTypeCache (229ms)
			ReleaseScriptCaches (1ms)
			RebuildScriptCaches (31ms)
			SetupLoadedEditorAssemblies (315ms)
				LogAssemblyErrors (0ms)
				InitializePlatformSupportModulesInManaged (8ms)
				SetLoadedEditorAssemblies (1ms)
				RefreshPlugins (1ms)
				BeforeProcessingInitializeOnLoad (139ms)
				ProcessInitializeOnLoadAttributes (142ms)
				ProcessInitializeOnLoadMethodAttributes (14ms)
				AfterProcessingInitializeOnLoad (11ms)
				EditorAssembliesLoaded (0ms)
			ExecutionOrderSort2 (0ms)
			AwakeInstancesAfterBackupRestoration (7ms)
Platform modules already initialized, skipping
Refreshing native plugins compatible for Editor in 1.80 ms, found 3 plugins.
Preloading 0 native plugins for Editor in 0.00 ms.
Unloading 3041 Unused Serialized files (Serialized files now loaded: 0)
Unloading 15 unused Assets / (24.7 KB). Loaded Objects now: 3596.
Memory consumption went from 116.7 MB to 116.7 MB.
Total: 2.109800 ms (FindLiveObjects: 0.175900 ms CreateObjectMapping: 0.074000 ms MarkObjects: 1.836300 ms  DeleteObjects: 0.022400 ms)

AssetImportParameters requested are different than current active one (requested -> active):
  custom:video-decoder-ogg-theora: a1e56fd34408186e4bbccfd4996cb3dc -> 
  custom:container-muxer-webm: aa71ff27fc2769a1b78a27578f13a17b -> 
  custom:container-demuxer-webm: 4f35f7cbe854078d1ac9338744f61a02 -> 
  custom:video-encoder-webm-vp8: eb34c28f22e8b96e1ab97ce403110664 -> 
  custom:video-codec-MediaFoundation-h265: 746d11721c4dcdbdad8f713fa42b33f4 -> 
  custom:audio-encoder-webm-vorbis: bf7c407c2cedff20999df2af8eb42d56 -> 
  custom:framework-win-MediaFoundation: 216162199b28c13a410421893ffa2e32 -> 
  custom:container-demuxer-ogg: 62fdf1f143b41e24485cea50d1cbac27 -> 
  custom:video-decoder-webm-vp8: 9c59270c3fd7afecdb556c50c9e8de78 -> 
  custom:audio-decoder-ogg-vorbis: bf7c407c2cedff20999df2af8eb42d56 -> 
========================================================================
Received Prepare
Registering precompiled user dll's ...
Registered in 0.011426 seconds.
Required property 'name' not set (Packages/com.unity.services.core/Runtime/Telemetry/Unity.Services.Core.Telemetry.asmdef)
Required property 'name' not set (Packages/com.unity.services.core/Runtime/Networking/Unity.Services.Core.Networking.asmdef)
Required property 'name' not set (Packages/com.unity.services.core/Runtime/Core.Internal/Unity.Services.Core.Internal.asmdef)
Required property 'name' not set (Packages/com.unity.services.core/Runtime/Configuration/Unity.Services.Core.Configuration.asmdef)
Required property 'name' not set (Packages/com.unity.services.core/Runtime/Core/Unity.Services.Core.asmdef)
Required property 'name' not set (Packages/com.unity.services.core/Editor/Core/Unity.Services.Core.Editor.asmdef)
Required property 'name' not set (Packages/com.unity.services.core/Editor/Core/Configuration/Unity.Services.Core.Configuration.Editor.asmdef)
Required property 'name' not set (Packages/com.unity.services.core/Runtime/Analytics/Unity.Services.Core.Analytics.asmdef)
Required property 'name' not set (Packages/com.unity.services.core/Runtime/Registration/Unity.Services.Core.Registration.asmdef)
Required property 'name' not set (Packages/com.unity.services.core/Runtime/Environments/Unity.Services.Core.Environments.asmdef)
Required property 'name' not set (Packages/com.unity.services.core/Runtime/Scheduler/Unity.Services.Core.Scheduler.asmdef)
Required property 'name' not set (Packages/com.unity.services.core/Runtime/Environments/Internal/Unity.Services.Core.Environments.Internal.asmdef)
Required property 'name' not set (Packages/com.unity.collab-proxy/Editor/Collaborate/Unity.CollabProxy.Editor.asmdef)
Required property 'name' not set (Packages/com.unity.collab-proxy/Tests/Editor/Collaborate/Unity.CollabProxy.EditorTests.asmdef)
Required property 'name' not set (Packages/com.unity.services.core/Runtime/Threading/Unity.Services.Core.Threading.asmdef)
Required property 'name' not set (Packages/com.unity.collab-proxy/Tests/Editor/PlasticSCM/Unity.PlasticSCM.EditorTests.asmdef)
Required property 'name' not set (Packages/com.unity.services.core/Runtime/Device/Unity.Services.Core.Device.asmdef)
Required property 'name' not set (Packages/com.unity.services.core/Runtime/Telemetry/Unity.Services.Core.Telemetry.asmdef)
Required property 'name' not set (Packages/com.unity.services.core/Runtime/Networking/Unity.Services.Core.Networking.asmdef)
Required property 'name' not set (Packages/com.unity.services.core/Runtime/Core.Internal/Unity.Services.Core.Internal.asmdef)
Required property 'name' not set (Packages/com.unity.services.core/Runtime/Configuration/Unity.Services.Core.Configuration.asmdef)
Required property 'name' not set (Packages/com.unity.services.core/Runtime/Core/Unity.Services.Core.asmdef)
Required property 'name' not set (Packages/com.unity.services.core/Editor/Core/Unity.Services.Core.Editor.asmdef)
Required property 'name' not set (Packages/com.unity.services.core/Editor/Core/Configuration/Unity.Services.Core.Configuration.Editor.asmdef)
Required property 'name' not set (Packages/com.unity.services.core/Runtime/Analytics/Unity.Services.Core.Analytics.asmdef)
Required property 'name' not set (Packages/com.unity.services.core/Runtime/Registration/Unity.Services.Core.Registration.asmdef)
Required property 'name' not set (Packages/com.unity.services.core/Runtime/Environments/Unity.Services.Core.Environments.asmdef)
Required property 'name' not set (Packages/com.unity.services.core/Runtime/Scheduler/Unity.Services.Core.Scheduler.asmdef)
Required property 'name' not set (Packages/com.unity.services.core/Runtime/Environments/Internal/Unity.Services.Core.Environments.Internal.asmdef)
Required property 'name' not set (Packages/com.unity.collab-proxy/Editor/Collaborate/Unity.CollabProxy.Editor.asmdef)
Required property 'name' not set (Packages/com.unity.collab-proxy/Tests/Editor/Collaborate/Unity.CollabProxy.EditorTests.asmdef)
Required property 'name' not set (Packages/com.unity.services.core/Runtime/Threading/Unity.Services.Core.Threading.asmdef)
Required property 'name' not set (Packages/com.unity.collab-proxy/Tests/Editor/PlasticSCM/Unity.PlasticSCM.EditorTests.asmdef)
Required property 'name' not set (Packages/com.unity.services.core/Runtime/Device/Unity.Services.Core.Device.asmdef)
Begin MonoManager ReloadAssembly
Symbol file LoadedFromMemory doesn't match image C:\Users\a0108\OneDrive\바탕 화면\sokovan\Library\PackageCache\com.unity.visualscripting@1.8.0\Editor\VisualScripting.Core\Dependencies\YamlDotNet\Unity.VisualScripting.YamlDotNet.dll
Symbol file LoadedFromMemory doesn't match image C:\Users\a0108\OneDrive\바탕 화면\sokovan\Library\PackageCache\com.unity.visualscripting@1.8.0\Editor\VisualScripting.Core\Dependencies\DotNetZip\Unity.VisualScripting.IonicZip.dll
Native extension for WindowsStandalone target not found
Native extension for WebGL target not found
Refreshing native plugins compatible for Editor in 0.65 ms, found 3 plugins.
Preloading 0 native plugins for Editor in 0.00 ms.
Required property 'name' not set (Packages/com.unity.services.core/Runtime/Telemetry/Unity.Services.Core.Telemetry.asmdef)
Required property 'name' not set (Packages/com.unity.services.core/Runtime/Networking/Unity.Services.Core.Networking.asmdef)
Required property 'name' not set (Packages/com.unity.services.core/Runtime/Core.Internal/Unity.Services.Core.Internal.asmdef)
Required property 'name' not set (Packages/com.unity.services.core/Runtime/Configuration/Unity.Services.Core.Configuration.asmdef)
Required property 'name' not set (Packages/com.unity.services.core/Runtime/Core/Unity.Services.Core.asmdef)
Required property 'name' not set (Packages/com.unity.services.core/Editor/Core/Unity.Services.Core.Editor.asmdef)
Required property 'name' not set (Packages/com.unity.services.core/Editor/Core/Configuration/Unity.Services.Core.Configuration.Editor.asmdef)
Required property 'name' not set (Packages/com.unity.services.core/Runtime/Analytics/Unity.Services.Core.Analytics.asmdef)
Required property 'name' not set (Packages/com.unity.services.core/Runtime/Registration/Unity.Services.Core.Registration.asmdef)
Required property 'name' not set (Packages/com.unity.services.core/Runtime/Environments/Unity.Services.Core.Environments.asmdef)
Required property 'name' not set (Packages/com.unity.services.core/Runtime/Scheduler/Unity.Services.Core.Scheduler.asmdef)
Required property 'name' not set (Packages/com.unity.services.core/Runtime/Environments/Internal/Unity.Services.Core.Environments.Internal.asmdef)
Required property 'name' not set (Packages/com.unity.collab-proxy/Editor/Collaborate/Unity.CollabProxy.Editor.asmdef)
Required property 'name' not set (Packages/com.unity.collab-proxy/Tests/Editor/Collaborate/Unity.CollabProxy.EditorTests.asmdef)
Required property 'name' not set (Packages/com.unity.services.core/Runtime/Threading/Unity.Services.Core.Threading.asmdef)
Required property 'name' not set (Packages/com.unity.collab-proxy/Tests/Editor/PlasticSCM/Unity.PlasticSCM.EditorTests.asmdef)
Required property 'name' not set (Packages/com.unity.services.core/Runtime/Device/Unity.Services.Core.Device.asmdef)
Mono: successfully reloaded assembly
- Completed reload, in  1.793 seconds
Domain Reload Profiling:
	ReloadAssembly (1794ms)
		BeginReloadAssembly (165ms)
			ExecutionOrderSort (0ms)
			DisableScriptedObjects (4ms)
			BackupInstance (0ms)
			ReleaseScriptingObjects (0ms)
			CreateAndSetChildDomain (34ms)
		EndReloadAssembly (1524ms)
			LoadAssemblies (141ms)
			RebuildTransferFunctionScriptingTraits (0ms)
			SetupTypeCache (428ms)
			ReleaseScriptCaches (2ms)
			RebuildScriptCaches (86ms)
			SetupLoadedEditorAssemblies (734ms)
				LogAssemblyErrors (0ms)
				InitializePlatformSupportModulesInManaged (18ms)
				SetLoadedEditorAssemblies (1ms)
				RefreshPlugins (1ms)
				BeforeProcessingInitializeOnLoad (193ms)
				ProcessInitializeOnLoadAttributes (433ms)
				ProcessInitializeOnLoadMethodAttributes (66ms)
				AfterProcessingInitializeOnLoad (22ms)
				EditorAssembliesLoaded (0ms)
			ExecutionOrderSort2 (0ms)
			AwakeInstancesAfterBackupRestoration (16ms)
Platform modules already initialized, skipping
Refreshing native plugins compatible for Editor in 3.35 ms, found 3 plugins.
Preloading 0 native plugins for Editor in 0.00 ms.
Unloading 3041 Unused Serialized files (Serialized files now loaded: 0)
Unloading 15 unused Assets / (24.6 KB). Loaded Objects now: 3599.
Memory consumption went from 116.7 MB to 116.7 MB.
Total: 10.575900 ms (FindLiveObjects: 0.196100 ms CreateObjectMapping: 0.078600 ms MarkObjects: 10.268400 ms  DeleteObjects: 0.031200 ms)

AssetImportParameters requested are different than current active one (requested -> active):
  custom:video-decoder-ogg-theora: a1e56fd34408186e4bbccfd4996cb3dc -> 
  custom:container-muxer-webm: aa71ff27fc2769a1b78a27578f13a17b -> 
  custom:container-demuxer-webm: 4f35f7cbe854078d1ac9338744f61a02 -> 
  custom:video-encoder-webm-vp8: eb34c28f22e8b96e1ab97ce403110664 -> 
  custom:video-codec-MediaFoundation-h265: 746d11721c4dcdbdad8f713fa42b33f4 -> 
  custom:audio-encoder-webm-vorbis: bf7c407c2cedff20999df2af8eb42d56 -> 
  custom:framework-win-MediaFoundation: 216162199b28c13a410421893ffa2e32 -> 
  custom:container-demuxer-ogg: 62fdf1f143b41e24485cea50d1cbac27 -> 
  custom:video-decoder-webm-vp8: 9c59270c3fd7afecdb556c50c9e8de78 -> 
  custom:audio-decoder-ogg-vorbis: bf7c407c2cedff20999df2af8eb42d56 -> 
========================================================================
Received Prepare
Registering precompiled user dll's ...
Registered in 0.009534 seconds.
Required property 'name' not set (Packages/com.unity.services.core/Runtime/Telemetry/Unity.Services.Core.Telemetry.asmdef)
Required property 'name' not set (Packages/com.unity.services.core/Runtime/Networking/Unity.Services.Core.Networking.asmdef)
Required property 'name' not set (Packages/com.unity.services.core/Runtime/Core.Internal/Unity.Services.Core.Internal.asmdef)
Required property 'name' not set (Packages/com.unity.services.core/Runtime/Configuration/Unity.Services.Core.Configuration.asmdef)
Required property 'name' not set (Packages/com.unity.services.core/Runtime/Core/Unity.Services.Core.asmdef)
Required property 'name' not set (Packages/com.unity.services.core/Editor/Core/Unity.Services.Core.Editor.asmdef)
Required property 'name' not set (Packages/com.unity.services.core/Editor/Core/Configuration/Unity.Services.Core.Configuration.Editor.asmdef)
Required property 'name' not set (Packages/com.unity.services.core/Runtime/Analytics/Unity.Services.Core.Analytics.asmdef)
Required property 'name' not set (Packages/com.unity.services.core/Runtime/Registration/Unity.Services.Core.Registration.asmdef)
Required property 'name' not set (Packages/com.unity.services.core/Runtime/Environments/Unity.Services.Core.Environments.asmdef)
Required property 'name' not set (Packages/com.unity.services.core/Runtime/Scheduler/Unity.Services.Core.Scheduler.asmdef)
Required property 'name' not set (Packages/com.unity.services.core/Runtime/Environments/Internal/Unity.Services.Core.Environments.Internal.asmdef)
Required property 'name' not set (Packages/com.unity.collab-proxy/Editor/Collaborate/Unity.CollabProxy.Editor.asmdef)
Required property 'name' not set (Packages/com.unity.collab-proxy/Tests/Editor/Collaborate/Unity.CollabProxy.EditorTests.asmdef)
Required property 'name' not set (Packages/com.unity.services.core/Runtime/Threading/Unity.Services.Core.Threading.asmdef)
Required property 'name' not set (Packages/com.unity.collab-proxy/Tests/Editor/PlasticSCM/Unity.PlasticSCM.EditorTests.asmdef)
Required property 'name' not set (Packages/com.unity.services.core/Runtime/Device/Unity.Services.Core.Device.asmdef)
Required property 'name' not set (Packages/com.unity.services.core/Runtime/Telemetry/Unity.Services.Core.Telemetry.asmdef)
Required property 'name' not set (Packages/com.unity.services.core/Runtime/Networking/Unity.Services.Core.Networking.asmdef)
Required property 'name' not set (Packages/com.unity.services.core/Runtime/Core.Internal/Unity.Services.Core.Internal.asmdef)
Required property 'name' not set (Packages/com.unity.services.core/Runtime/Configuration/Unity.Services.Core.Configuration.asmdef)
Required property 'name' not set (Packages/com.unity.services.core/Runtime/Core/Unity.Services.Core.asmdef)
Required property 'name' not set (Packages/com.unity.services.core/Editor/Core/Unity.Services.Core.Editor.asmdef)
Required property 'name' not set (Packages/com.unity.services.core/Editor/Core/Configuration/Unity.Services.Core.Configuration.Editor.asmdef)
Required property 'name' not set (Packages/com.unity.services.core/Runtime/Analytics/Unity.Services.Core.Analytics.asmdef)
Required property 'name' not set (Packages/com.unity.services.core/Runtime/Registration/Unity.Services.Core.Registration.asmdef)
Required property 'name' not set (Packages/com.unity.services.core/Runtime/Environments/Unity.Services.Core.Environments.asmdef)
Required property 'name' not set (Packages/com.unity.services.core/Runtime/Scheduler/Unity.Services.Core.Scheduler.asmdef)
Required property 'name' not set (Packages/com.unity.services.core/Runtime/Environments/Internal/Unity.Services.Core.Environments.Internal.asmdef)
Required property 'name' not set (Packages/com.unity.collab-proxy/Editor/Collaborate/Unity.CollabProxy.Editor.asmdef)
Required property 'name' not set (Packages/com.unity.collab-proxy/Tests/Editor/Collaborate/Unity.CollabProxy.EditorTests.asmdef)
Required property 'name' not set (Packages/com.unity.services.core/Runtime/Threading/Unity.Services.Core.Threading.asmdef)
Required property 'name' not set (Packages/com.unity.collab-proxy/Tests/Editor/PlasticSCM/Unity.PlasticSCM.EditorTests.asmdef)
Required property 'name' not set (Packages/com.unity.services.core/Runtime/Device/Unity.Services.Core.Device.asmdef)
Begin MonoManager ReloadAssembly
Symbol file LoadedFromMemory doesn't match image C:\Users\a0108\OneDrive\바탕 화면\sokovan\Library\PackageCache\com.unity.visualscripting@1.8.0\Editor\VisualScripting.Core\Dependencies\YamlDotNet\Unity.VisualScripting.YamlDotNet.dll
Symbol file LoadedFromMemory doesn't match image C:\Users\a0108\OneDrive\바탕 화면\sokovan\Library\PackageCache\com.unity.visualscripting@1.8.0\Editor\VisualScripting.Core\Dependencies\DotNetZip\Unity.VisualScripting.IonicZip.dll
Native extension for WindowsStandalone target not found
Native extension for WebGL target not found
Refreshing native plugins compatible for Editor in 0.56 ms, found 3 plugins.
Preloading 0 native plugins for Editor in 0.00 ms.
Required property 'name' not set (Packages/com.unity.services.core/Runtime/Telemetry/Unity.Services.Core.Telemetry.asmdef)
Required property 'name' not set (Packages/com.unity.services.core/Runtime/Networking/Unity.Services.Core.Networking.asmdef)
Required property 'name' not set (Packages/com.unity.services.core/Runtime/Core.Internal/Unity.Services.Core.Internal.asmdef)
Required property 'name' not set (Packages/com.unity.services.core/Runtime/Configuration/Unity.Services.Core.Configuration.asmdef)
Required property 'name' not set (Packages/com.unity.services.core/Runtime/Core/Unity.Services.Core.asmdef)
Required property 'name' not set (Packages/com.unity.services.core/Editor/Core/Unity.Services.Core.Editor.asmdef)
Required property 'name' not set (Packages/com.unity.services.core/Editor/Core/Configuration/Unity.Services.Core.Configuration.Editor.asmdef)
Required property 'name' not set (Packages/com.unity.services.core/Runtime/Analytics/Unity.Services.Core.Analytics.asmdef)
Required property 'name' not set (Packages/com.unity.services.core/Runtime/Registration/Unity.Services.Core.Registration.asmdef)
Required property 'name' not set (Packages/com.unity.services.core/Runtime/Environments/Unity.Services.Core.Environments.asmdef)
Required property 'name' not set (Packages/com.unity.services.core/Runtime/Scheduler/Unity.Services.Core.Scheduler.asmdef)
Required property 'name' not set (Packages/com.unity.services.core/Runtime/Environments/Internal/Unity.Services.Core.Environments.Internal.asmdef)
Required property 'name' not set (Packages/com.unity.collab-proxy/Editor/Collaborate/Unity.CollabProxy.Editor.asmdef)
Required property 'name' not set (Packages/com.unity.collab-proxy/Tests/Editor/Collaborate/Unity.CollabProxy.EditorTests.asmdef)
Required property 'name' not set (Packages/com.unity.services.core/Runtime/Threading/Unity.Services.Core.Threading.asmdef)
Required property 'name' not set (Packages/com.unity.collab-proxy/Tests/Editor/PlasticSCM/Unity.PlasticSCM.EditorTests.asmdef)
Required property 'name' not set (Packages/com.unity.services.core/Runtime/Device/Unity.Services.Core.Device.asmdef)
Mono: successfully reloaded assembly
- Completed reload, in  2.879 seconds
Domain Reload Profiling:
	ReloadAssembly (2887ms)
		BeginReloadAssembly (203ms)
			ExecutionOrderSort (0ms)
			DisableScriptedObjects (5ms)
			BackupInstance (0ms)
			ReleaseScriptingObjects (0ms)
			CreateAndSetChildDomain (30ms)
		EndReloadAssembly (2379ms)
			LoadAssemblies (264ms)
			RebuildTransferFunctionScriptingTraits (0ms)
			SetupTypeCache (792ms)
			ReleaseScriptCaches (6ms)
			RebuildScriptCaches (118ms)
			SetupLoadedEditorAssemblies (1024ms)
				LogAssemblyErrors (0ms)
				InitializePlatformSupportModulesInManaged (25ms)
				SetLoadedEditorAssemblies (1ms)
				RefreshPlugins (1ms)
				BeforeProcessingInitializeOnLoad (303ms)
				ProcessInitializeOnLoadAttributes (596ms)
				ProcessInitializeOnLoadMethodAttributes (50ms)
				AfterProcessingInitializeOnLoad (49ms)
				EditorAssembliesLoaded (0ms)
			ExecutionOrderSort2 (0ms)
			AwakeInstancesAfterBackupRestoration (15ms)
Platform modules already initialized, skipping
Refreshing native plugins compatible for Editor in 5.14 ms, found 3 plugins.
Preloading 0 native plugins for Editor in 0.00 ms.
Unloading 3041 Unused Serialized files (Serialized files now loaded: 0)
Unloading 15 unused Assets / (24.9 KB). Loaded Objects now: 3602.
Memory consumption went from 116.7 MB to 116.7 MB.
Total: 13.686800 ms (FindLiveObjects: 0.373100 ms CreateObjectMapping: 0.162300 ms MarkObjects: 13.096400 ms  DeleteObjects: 0.052600 ms)

AssetImportParameters requested are different than current active one (requested -> active):
  custom:video-decoder-ogg-theora: a1e56fd34408186e4bbccfd4996cb3dc -> 
  custom:container-muxer-webm: aa71ff27fc2769a1b78a27578f13a17b -> 
  custom:container-demuxer-webm: 4f35f7cbe854078d1ac9338744f61a02 -> 
  custom:video-encoder-webm-vp8: eb34c28f22e8b96e1ab97ce403110664 -> 
  custom:video-codec-MediaFoundation-h265: 746d11721c4dcdbdad8f713fa42b33f4 -> 
  custom:audio-encoder-webm-vorbis: bf7c407c2cedff20999df2af8eb42d56 -> 
  custom:framework-win-MediaFoundation: 216162199b28c13a410421893ffa2e32 -> 
  custom:container-demuxer-ogg: 62fdf1f143b41e24485cea50d1cbac27 -> 
  custom:video-decoder-webm-vp8: 9c59270c3fd7afecdb556c50c9e8de78 -> 
  custom:audio-decoder-ogg-vorbis: bf7c407c2cedff20999df2af8eb42d56 -> 
========================================================================
Received Prepare
Registering precompiled user dll's ...
Registered in 0.023698 seconds.
Required property 'name' not set (Packages/com.unity.services.core/Runtime/Telemetry/Unity.Services.Core.Telemetry.asmdef)
Required property 'name' not set (Packages/com.unity.services.core/Runtime/Networking/Unity.Services.Core.Networking.asmdef)
Required property 'name' not set (Packages/com.unity.services.core/Runtime/Core.Internal/Unity.Services.Core.Internal.asmdef)
Required property 'name' not set (Packages/com.unity.services.core/Runtime/Configuration/Unity.Services.Core.Configuration.asmdef)
Required property 'name' not set (Packages/com.unity.services.core/Runtime/Core/Unity.Services.Core.asmdef)
Required property 'name' not set (Packages/com.unity.services.core/Editor/Core/Unity.Services.Core.Editor.asmdef)
Required property 'name' not set (Packages/com.unity.services.core/Editor/Core/Configuration/Unity.Services.Core.Configuration.Editor.asmdef)
Required property 'name' not set (Packages/com.unity.services.core/Runtime/Analytics/Unity.Services.Core.Analytics.asmdef)
Required property 'name' not set (Packages/com.unity.services.core/Runtime/Registration/Unity.Services.Core.Registration.asmdef)
Required property 'name' not set (Packages/com.unity.services.core/Runtime/Environments/Unity.Services.Core.Environments.asmdef)
Required property 'name' not set (Packages/com.unity.services.core/Runtime/Scheduler/Unity.Services.Core.Scheduler.asmdef)
Required property 'name' not set (Packages/com.unity.services.core/Runtime/Environments/Internal/Unity.Services.Core.Environments.Internal.asmdef)
Required property 'name' not set (Packages/com.unity.collab-proxy/Editor/Collaborate/Unity.CollabProxy.Editor.asmdef)
Required property 'name' not set (Packages/com.unity.collab-proxy/Tests/Editor/Collaborate/Unity.CollabProxy.EditorTests.asmdef)
Required property 'name' not set (Packages/com.unity.services.core/Runtime/Threading/Unity.Services.Core.Threading.asmdef)
Required property 'name' not set (Packages/com.unity.collab-proxy/Tests/Editor/PlasticSCM/Unity.PlasticSCM.EditorTests.asmdef)
Required property 'name' not set (Packages/com.unity.services.core/Runtime/Device/Unity.Services.Core.Device.asmdef)
Required property 'name' not set (Packages/com.unity.services.core/Runtime/Telemetry/Unity.Services.Core.Telemetry.asmdef)
Required property 'name' not set (Packages/com.unity.services.core/Runtime/Networking/Unity.Services.Core.Networking.asmdef)
Required property 'name' not set (Packages/com.unity.services.core/Runtime/Core.Internal/Unity.Services.Core.Internal.asmdef)
Required property 'name' not set (Packages/com.unity.services.core/Runtime/Configuration/Unity.Services.Core.Configuration.asmdef)
Required property 'name' not set (Packages/com.unity.services.core/Runtime/Core/Unity.Services.Core.asmdef)
Required property 'name' not set (Packages/com.unity.services.core/Editor/Core/Unity.Services.Core.Editor.asmdef)
Required property 'name' not set (Packages/com.unity.services.core/Editor/Core/Configuration/Unity.Services.Core.Configuration.Editor.asmdef)
Required property 'name' not set (Packages/com.unity.services.core/Runtime/Analytics/Unity.Services.Core.Analytics.asmdef)
Required property 'name' not set (Packages/com.unity.services.core/Runtime/Registration/Unity.Services.Core.Registration.asmdef)
Required property 'name' not set (Packages/com.unity.services.core/Runtime/Environments/Unity.Services.Core.Environments.asmdef)
Required property 'name' not set (Packages/com.unity.services.core/Runtime/Scheduler/Unity.Services.Core.Scheduler.asmdef)
Required property 'name' not set (Packages/com.unity.services.core/Runtime/Environments/Internal/Unity.Services.Core.Environments.Internal.asmdef)
Required property 'name' not set (Packages/com.unity.collab-proxy/Editor/Collaborate/Unity.CollabProxy.Editor.asmdef)
Required property 'name' not set (Packages/com.unity.collab-proxy/Tests/Editor/Collaborate/Unity.CollabProxy.EditorTests.asmdef)
Required property 'name' not set (Packages/com.unity.services.core/Runtime/Threading/Unity.Services.Core.Threading.asmdef)
Required property 'name' not set (Packages/com.unity.collab-proxy/Tests/Editor/PlasticSCM/Unity.PlasticSCM.EditorTests.asmdef)
Required property 'name' not set (Packages/com.unity.services.core/Runtime/Device/Unity.Services.Core.Device.asmdef)
Begin MonoManager ReloadAssembly
Symbol file LoadedFromMemory doesn't match image C:\Users\a0108\OneDrive\바탕 화면\sokovan\Library\PackageCache\com.unity.visualscripting@1.8.0\Editor\VisualScripting.Core\Dependencies\YamlDotNet\Unity.VisualScripting.YamlDotNet.dll
Symbol file LoadedFromMemory doesn't match image C:\Users\a0108\OneDrive\바탕 화면\sokovan\Library\PackageCache\com.unity.visualscripting@1.8.0\Editor\VisualScripting.Core\Dependencies\DotNetZip\Unity.VisualScripting.IonicZip.dll
Native extension for WindowsStandalone target not found
Native extension for WebGL target not found
Refreshing native plugins compatible for Editor in 0.38 ms, found 3 plugins.
Preloading 0 native plugins for Editor in 0.00 ms.
Required property 'name' not set (Packages/com.unity.services.core/Runtime/Telemetry/Unity.Services.Core.Telemetry.asmdef)
Required property 'name' not set (Packages/com.unity.services.core/Runtime/Networking/Unity.Services.Core.Networking.asmdef)
Required property 'name' not set (Packages/com.unity.services.core/Runtime/Core.Internal/Unity.Services.Core.Internal.asmdef)
Required property 'name' not set (Packages/com.unity.services.core/Runtime/Configuration/Unity.Services.Core.Configuration.asmdef)
Required property 'name' not set (Packages/com.unity.services.core/Runtime/Core/Unity.Services.Core.asmdef)
Required property 'name' not set (Packages/com.unity.services.core/Editor/Core/Unity.Services.Core.Editor.asmdef)
Required property 'name' not set (Packages/com.unity.services.core/Editor/Core/Configuration/Unity.Services.Core.Configuration.Editor.asmdef)
Required property 'name' not set (Packages/com.unity.services.core/Runtime/Analytics/Unity.Services.Core.Analytics.asmdef)
Required property 'name' not set (Packages/com.unity.services.core/Runtime/Registration/Unity.Services.Core.Registration.asmdef)
Required property 'name' not set (Packages/com.unity.services.core/Runtime/Environments/Unity.Services.Core.Environments.asmdef)
Required property 'name' not set (Packages/com.unity.services.core/Runtime/Scheduler/Unity.Services.Core.Scheduler.asmdef)
Required property 'name' not set (Packages/com.unity.services.core/Runtime/Environments/Internal/Unity.Services.Core.Environments.Internal.asmdef)
Required property 'name' not set (Packages/com.unity.collab-proxy/Editor/Collaborate/Unity.CollabProxy.Editor.asmdef)
Required property 'name' not set (Packages/com.unity.collab-proxy/Tests/Editor/Collaborate/Unity.CollabProxy.EditorTests.asmdef)
Required property 'name' not set (Packages/com.unity.services.core/Runtime/Threading/Unity.Services.Core.Threading.asmdef)
Required property 'name' not set (Packages/com.unity.collab-proxy/Tests/Editor/PlasticSCM/Unity.PlasticSCM.EditorTests.asmdef)
Required property 'name' not set (Packages/com.unity.services.core/Runtime/Device/Unity.Services.Core.Device.asmdef)
Mono: successfully reloaded assembly
- Completed reload, in  0.793 seconds
Domain Reload Profiling:
	ReloadAssembly (794ms)
		BeginReloadAssembly (131ms)
			ExecutionOrderSort (0ms)
			DisableScriptedObjects (3ms)
			BackupInstance (0ms)
			ReleaseScriptingObjects (0ms)
			CreateAndSetChildDomain (25ms)
		EndReloadAssembly (576ms)
			LoadAssemblies (98ms)
			RebuildTransferFunctionScriptingTraits (0ms)
			SetupTypeCache (185ms)
			ReleaseScriptCaches (1ms)
			RebuildScriptCaches (28ms)
			SetupLoadedEditorAssemblies (252ms)
				LogAssemblyErrors (0ms)
				InitializePlatformSupportModulesInManaged (7ms)
				SetLoadedEditorAssemblies (0ms)
				RefreshPlugins (0ms)
				BeforeProcessingInitializeOnLoad (77ms)
				ProcessInitializeOnLoadAttributes (141ms)
				ProcessInitializeOnLoadMethodAttributes (14ms)
				AfterProcessingInitializeOnLoad (12ms)
				EditorAssembliesLoaded (0ms)
			ExecutionOrderSort2 (0ms)
			AwakeInstancesAfterBackupRestoration (7ms)
Platform modules already initialized, skipping
Refreshing native plugins compatible for Editor in 1.60 ms, found 3 plugins.
Preloading 0 native plugins for Editor in 0.00 ms.
Unloading 3041 Unused Serialized files (Serialized files now loaded: 0)
Unloading 15 unused Assets / (24.7 KB). Loaded Objects now: 3605.
Memory consumption went from 116.7 MB to 116.7 MB.
Total: 2.294100 ms (FindLiveObjects: 0.161000 ms CreateObjectMapping: 0.073300 ms MarkObjects: 2.037500 ms  DeleteObjects: 0.021300 ms)

AssetImportParameters requested are different than current active one (requested -> active):
  custom:video-decoder-ogg-theora: a1e56fd34408186e4bbccfd4996cb3dc -> 
  custom:container-muxer-webm: aa71ff27fc2769a1b78a27578f13a17b -> 
  custom:container-demuxer-webm: 4f35f7cbe854078d1ac9338744f61a02 -> 
  custom:video-encoder-webm-vp8: eb34c28f22e8b96e1ab97ce403110664 -> 
  custom:video-codec-MediaFoundation-h265: 746d11721c4dcdbdad8f713fa42b33f4 -> 
  custom:audio-encoder-webm-vorbis: bf7c407c2cedff20999df2af8eb42d56 -> 
  custom:framework-win-MediaFoundation: 216162199b28c13a410421893ffa2e32 -> 
  custom:container-demuxer-ogg: 62fdf1f143b41e24485cea50d1cbac27 -> 
  custom:video-decoder-webm-vp8: 9c59270c3fd7afecdb556c50c9e8de78 -> 
  custom:audio-decoder-ogg-vorbis: bf7c407c2cedff20999df2af8eb42d56 -> 
========================================================================
Received Prepare
Registering precompiled user dll's ...
Registered in 0.023104 seconds.
Required property 'name' not set (Packages/com.unity.services.core/Runtime/Telemetry/Unity.Services.Core.Telemetry.asmdef)
Required property 'name' not set (Packages/com.unity.services.core/Runtime/Networking/Unity.Services.Core.Networking.asmdef)
Required property 'name' not set (Packages/com.unity.services.core/Runtime/Core.Internal/Unity.Services.Core.Internal.asmdef)
Required property 'name' not set (Packages/com.unity.services.core/Runtime/Configuration/Unity.Services.Core.Configuration.asmdef)
Required property 'name' not set (Packages/com.unity.services.core/Runtime/Core/Unity.Services.Core.asmdef)
Required property 'name' not set (Packages/com.unity.services.core/Editor/Core/Unity.Services.Core.Editor.asmdef)
Required property 'name' not set (Packages/com.unity.services.core/Editor/Core/Configuration/Unity.Services.Core.Configuration.Editor.asmdef)
Required property 'name' not set (Packages/com.unity.services.core/Runtime/Analytics/Unity.Services.Core.Analytics.asmdef)
Required property 'name' not set (Packages/com.unity.services.core/Runtime/Registration/Unity.Services.Core.Registration.asmdef)
Required property 'name' not set (Packages/com.unity.services.core/Runtime/Environments/Unity.Services.Core.Environments.asmdef)
Required property 'name' not set (Packages/com.unity.services.core/Runtime/Scheduler/Unity.Services.Core.Scheduler.asmdef)
Required property 'name' not set (Packages/com.unity.services.core/Runtime/Environments/Internal/Unity.Services.Core.Environments.Internal.asmdef)
Required property 'name' not set (Packages/com.unity.collab-proxy/Editor/Collaborate/Unity.CollabProxy.Editor.asmdef)
Required property 'name' not set (Packages/com.unity.collab-proxy/Tests/Editor/Collaborate/Unity.CollabProxy.EditorTests.asmdef)
Required property 'name' not set (Packages/com.unity.services.core/Runtime/Threading/Unity.Services.Core.Threading.asmdef)
Required property 'name' not set (Packages/com.unity.collab-proxy/Tests/Editor/PlasticSCM/Unity.PlasticSCM.EditorTests.asmdef)
Required property 'name' not set (Packages/com.unity.services.core/Runtime/Device/Unity.Services.Core.Device.asmdef)
Required property 'name' not set (Packages/com.unity.services.core/Runtime/Telemetry/Unity.Services.Core.Telemetry.asmdef)
Required property 'name' not set (Packages/com.unity.services.core/Runtime/Networking/Unity.Services.Core.Networking.asmdef)
Required property 'name' not set (Packages/com.unity.services.core/Runtime/Core.Internal/Unity.Services.Core.Internal.asmdef)
Required property 'name' not set (Packages/com.unity.services.core/Runtime/Configuration/Unity.Services.Core.Configuration.asmdef)
Required property 'name' not set (Packages/com.unity.services.core/Runtime/Core/Unity.Services.Core.asmdef)
Required property 'name' not set (Packages/com.unity.services.core/Editor/Core/Unity.Services.Core.Editor.asmdef)
Required property 'name' not set (Packages/com.unity.services.core/Editor/Core/Configuration/Unity.Services.Core.Configuration.Editor.asmdef)
Required property 'name' not set (Packages/com.unity.services.core/Runtime/Analytics/Unity.Services.Core.Analytics.asmdef)
Required property 'name' not set (Packages/com.unity.services.core/Runtime/Registration/Unity.Services.Core.Registration.asmdef)
Required property 'name' not set (Packages/com.unity.services.core/Runtime/Environments/Unity.Services.Core.Environments.asmdef)
Required property 'name' not set (Packages/com.unity.services.core/Runtime/Scheduler/Unity.Services.Core.Scheduler.asmdef)
Required property 'name' not set (Packages/com.unity.services.core/Runtime/Environments/Internal/Unity.Services.Core.Environments.Internal.asmdef)
Required property 'name' not set (Packages/com.unity.collab-proxy/Editor/Collaborate/Unity.CollabProxy.Editor.asmdef)
Required property 'name' not set (Packages/com.unity.collab-proxy/Tests/Editor/Collaborate/Unity.CollabProxy.EditorTests.asmdef)
Required property 'name' not set (Packages/com.unity.services.core/Runtime/Threading/Unity.Services.Core.Threading.asmdef)
Required property 'name' not set (Packages/com.unity.collab-proxy/Tests/Editor/PlasticSCM/Unity.PlasticSCM.EditorTests.asmdef)
Required property 'name' not set (Packages/com.unity.services.core/Runtime/Device/Unity.Services.Core.Device.asmdef)
Begin MonoManager ReloadAssembly
Symbol file LoadedFromMemory doesn't match image C:\Users\a0108\OneDrive\바탕 화면\sokovan\Library\PackageCache\com.unity.visualscripting@1.8.0\Editor\VisualScripting.Core\Dependencies\YamlDotNet\Unity.VisualScripting.YamlDotNet.dll
Symbol file LoadedFromMemory doesn't match image C:\Users\a0108\OneDrive\바탕 화면\sokovan\Library\PackageCache\com.unity.visualscripting@1.8.0\Editor\VisualScripting.Core\Dependencies\DotNetZip\Unity.VisualScripting.IonicZip.dll
Native extension for WindowsStandalone target not found
Native extension for WebGL target not found
Refreshing native plugins compatible for Editor in 0.40 ms, found 3 plugins.
Preloading 0 native plugins for Editor in 0.00 ms.
Required property 'name' not set (Packages/com.unity.services.core/Runtime/Telemetry/Unity.Services.Core.Telemetry.asmdef)
Required property 'name' not set (Packages/com.unity.services.core/Runtime/Networking/Unity.Services.Core.Networking.asmdef)
Required property 'name' not set (Packages/com.unity.services.core/Runtime/Core.Internal/Unity.Services.Core.Internal.asmdef)
Required property 'name' not set (Packages/com.unity.services.core/Runtime/Configuration/Unity.Services.Core.Configuration.asmdef)
Required property 'name' not set (Packages/com.unity.services.core/Runtime/Core/Unity.Services.Core.asmdef)
Required property 'name' not set (Packages/com.unity.services.core/Editor/Core/Unity.Services.Core.Editor.asmdef)
Required property 'name' not set (Packages/com.unity.services.core/Editor/Core/Configuration/Unity.Services.Core.Configuration.Editor.asmdef)
Required property 'name' not set (Packages/com.unity.services.core/Runtime/Analytics/Unity.Services.Core.Analytics.asmdef)
Required property 'name' not set (Packages/com.unity.services.core/Runtime/Registration/Unity.Services.Core.Registration.asmdef)
Required property 'name' not set (Packages/com.unity.services.core/Runtime/Environments/Unity.Services.Core.Environments.asmdef)
Required property 'name' not set (Packages/com.unity.services.core/Runtime/Scheduler/Unity.Services.Core.Scheduler.asmdef)
Required property 'name' not set (Packages/com.unity.services.core/Runtime/Environments/Internal/Unity.Services.Core.Environments.Internal.asmdef)
Required property 'name' not set (Packages/com.unity.collab-proxy/Editor/Collaborate/Unity.CollabProxy.Editor.asmdef)
Required property 'name' not set (Packages/com.unity.collab-proxy/Tests/Editor/Collaborate/Unity.CollabProxy.EditorTests.asmdef)
Required property 'name' not set (Packages/com.unity.services.core/Runtime/Threading/Unity.Services.Core.Threading.asmdef)
Required property 'name' not set (Packages/com.unity.collab-proxy/Tests/Editor/PlasticSCM/Unity.PlasticSCM.EditorTests.asmdef)
Required property 'name' not set (Packages/com.unity.services.core/Runtime/Device/Unity.Services.Core.Device.asmdef)
Mono: successfully reloaded assembly
- Completed reload, in  0.782 seconds
Domain Reload Profiling:
	ReloadAssembly (782ms)
		BeginReloadAssembly (129ms)
			ExecutionOrderSort (0ms)
			DisableScriptedObjects (5ms)
			BackupInstance (0ms)
			ReleaseScriptingObjects (0ms)
			CreateAndSetChildDomain (25ms)
		EndReloadAssembly (572ms)
			LoadAssemblies (95ms)
			RebuildTransferFunctionScriptingTraits (0ms)
			SetupTypeCache (184ms)
			ReleaseScriptCaches (1ms)
			RebuildScriptCaches (29ms)
			SetupLoadedEditorAssemblies (248ms)
				LogAssemblyErrors (0ms)
				InitializePlatformSupportModulesInManaged (6ms)
				SetLoadedEditorAssemblies (0ms)
				RefreshPlugins (0ms)
				BeforeProcessingInitializeOnLoad (73ms)
				ProcessInitializeOnLoadAttributes (143ms)
				ProcessInitializeOnLoadMethodAttributes (15ms)
				AfterProcessingInitializeOnLoad (11ms)
				EditorAssembliesLoaded (0ms)
			ExecutionOrderSort2 (0ms)
			AwakeInstancesAfterBackupRestoration (6ms)
Platform modules already initialized, skipping
Refreshing native plugins compatible for Editor in 2.13 ms, found 3 plugins.
Preloading 0 native plugins for Editor in 0.00 ms.
Unloading 3041 Unused Serialized files (Serialized files now loaded: 0)
Unloading 15 unused Assets / (24.6 KB). Loaded Objects now: 3608.
Memory consumption went from 116.7 MB to 116.7 MB.
Total: 3.291000 ms (FindLiveObjects: 0.178000 ms CreateObjectMapping: 0.075500 ms MarkObjects: 3.012600 ms  DeleteObjects: 0.023500 ms)

AssetImportParameters requested are different than current active one (requested -> active):
  custom:video-decoder-ogg-theora: a1e56fd34408186e4bbccfd4996cb3dc -> 
  custom:container-muxer-webm: aa71ff27fc2769a1b78a27578f13a17b -> 
  custom:container-demuxer-webm: 4f35f7cbe854078d1ac9338744f61a02 -> 
  custom:video-encoder-webm-vp8: eb34c28f22e8b96e1ab97ce403110664 -> 
  custom:video-codec-MediaFoundation-h265: 746d11721c4dcdbdad8f713fa42b33f4 -> 
  custom:audio-encoder-webm-vorbis: bf7c407c2cedff20999df2af8eb42d56 -> 
  custom:framework-win-MediaFoundation: 216162199b28c13a410421893ffa2e32 -> 
  custom:container-demuxer-ogg: 62fdf1f143b41e24485cea50d1cbac27 -> 
  custom:video-decoder-webm-vp8: 9c59270c3fd7afecdb556c50c9e8de78 -> 
  custom:audio-decoder-ogg-vorbis: bf7c407c2cedff20999df2af8eb42d56 -> 
========================================================================
Received Prepare
Registering precompiled user dll's ...
Registered in 0.011390 seconds.
Required property 'name' not set (Packages/com.unity.services.core/Runtime/Telemetry/Unity.Services.Core.Telemetry.asmdef)
Required property 'name' not set (Packages/com.unity.services.core/Runtime/Networking/Unity.Services.Core.Networking.asmdef)
Required property 'name' not set (Packages/com.unity.services.core/Runtime/Core.Internal/Unity.Services.Core.Internal.asmdef)
Required property 'name' not set (Packages/com.unity.services.core/Runtime/Configuration/Unity.Services.Core.Configuration.asmdef)
Required property 'name' not set (Packages/com.unity.services.core/Runtime/Core/Unity.Services.Core.asmdef)
Required property 'name' not set (Packages/com.unity.services.core/Editor/Core/Unity.Services.Core.Editor.asmdef)
Required property 'name' not set (Packages/com.unity.services.core/Editor/Core/Configuration/Unity.Services.Core.Configuration.Editor.asmdef)
Required property 'name' not set (Packages/com.unity.services.core/Runtime/Analytics/Unity.Services.Core.Analytics.asmdef)
Required property 'name' not set (Packages/com.unity.services.core/Runtime/Registration/Unity.Services.Core.Registration.asmdef)
Required property 'name' not set (Packages/com.unity.services.core/Runtime/Environments/Unity.Services.Core.Environments.asmdef)
Required property 'name' not set (Packages/com.unity.services.core/Runtime/Scheduler/Unity.Services.Core.Scheduler.asmdef)
Required property 'name' not set (Packages/com.unity.services.core/Runtime/Environments/Internal/Unity.Services.Core.Environments.Internal.asmdef)
Required property 'name' not set (Packages/com.unity.collab-proxy/Editor/Collaborate/Unity.CollabProxy.Editor.asmdef)
Required property 'name' not set (Packages/com.unity.collab-proxy/Tests/Editor/Collaborate/Unity.CollabProxy.EditorTests.asmdef)
Required property 'name' not set (Packages/com.unity.services.core/Runtime/Threading/Unity.Services.Core.Threading.asmdef)
Required property 'name' not set (Packages/com.unity.collab-proxy/Tests/Editor/PlasticSCM/Unity.PlasticSCM.EditorTests.asmdef)
Required property 'name' not set (Packages/com.unity.services.core/Runtime/Device/Unity.Services.Core.Device.asmdef)
Required property 'name' not set (Packages/com.unity.services.core/Runtime/Telemetry/Unity.Services.Core.Telemetry.asmdef)
Required property 'name' not set (Packages/com.unity.services.core/Runtime/Networking/Unity.Services.Core.Networking.asmdef)
Required property 'name' not set (Packages/com.unity.services.core/Runtime/Core.Internal/Unity.Services.Core.Internal.asmdef)
Required property 'name' not set (Packages/com.unity.services.core/Runtime/Configuration/Unity.Services.Core.Configuration.asmdef)
Required property 'name' not set (Packages/com.unity.services.core/Runtime/Core/Unity.Services.Core.asmdef)
Required property 'name' not set (Packages/com.unity.services.core/Editor/Core/Unity.Services.Core.Editor.asmdef)
Required property 'name' not set (Packages/com.unity.services.core/Editor/Core/Configuration/Unity.Services.Core.Configuration.Editor.asmdef)
Required property 'name' not set (Packages/com.unity.services.core/Runtime/Analytics/Unity.Services.Core.Analytics.asmdef)
Required property 'name' not set (Packages/com.unity.services.core/Runtime/Registration/Unity.Services.Core.Registration.asmdef)
Required property 'name' not set (Packages/com.unity.services.core/Runtime/Environments/Unity.Services.Core.Environments.asmdef)
Required property 'name' not set (Packages/com.unity.services.core/Runtime/Scheduler/Unity.Services.Core.Scheduler.asmdef)
Required property 'name' not set (Packages/com.unity.services.core/Runtime/Environments/Internal/Unity.Services.Core.Environments.Internal.asmdef)
Required property 'name' not set (Packages/com.unity.collab-proxy/Editor/Collaborate/Unity.CollabProxy.Editor.asmdef)
Required property 'name' not set (Packages/com.unity.collab-proxy/Tests/Editor/Collaborate/Unity.CollabProxy.EditorTests.asmdef)
Required property 'name' not set (Packages/com.unity.services.core/Runtime/Threading/Unity.Services.Core.Threading.asmdef)
Required property 'name' not set (Packages/com.unity.collab-proxy/Tests/Editor/PlasticSCM/Unity.PlasticSCM.EditorTests.asmdef)
Required property 'name' not set (Packages/com.unity.services.core/Runtime/Device/Unity.Services.Core.Device.asmdef)
Begin MonoManager ReloadAssembly
Symbol file LoadedFromMemory doesn't match image C:\Users\a0108\OneDrive\바탕 화면\sokovan\Library\PackageCache\com.unity.visualscripting@1.8.0\Editor\VisualScripting.Core\Dependencies\YamlDotNet\Unity.VisualScripting.YamlDotNet.dll
Symbol file LoadedFromMemory doesn't match image C:\Users\a0108\OneDrive\바탕 화면\sokovan\Library\PackageCache\com.unity.visualscripting@1.8.0\Editor\VisualScripting.Core\Dependencies\DotNetZip\Unity.VisualScripting.IonicZip.dll
Native extension for WindowsStandalone target not found
Native extension for WebGL target not found
Refreshing native plugins compatible for Editor in 0.48 ms, found 3 plugins.
Preloading 0 native plugins for Editor in 0.00 ms.
Required property 'name' not set (Packages/com.unity.services.core/Runtime/Telemetry/Unity.Services.Core.Telemetry.asmdef)
Required property 'name' not set (Packages/com.unity.services.core/Runtime/Networking/Unity.Services.Core.Networking.asmdef)
Required property 'name' not set (Packages/com.unity.services.core/Runtime/Core.Internal/Unity.Services.Core.Internal.asmdef)
Required property 'name' not set (Packages/com.unity.services.core/Runtime/Configuration/Unity.Services.Core.Configuration.asmdef)
Required property 'name' not set (Packages/com.unity.services.core/Runtime/Core/Unity.Services.Core.asmdef)
Required property 'name' not set (Packages/com.unity.services.core/Editor/Core/Unity.Services.Core.Editor.asmdef)
Required property 'name' not set (Packages/com.unity.services.core/Editor/Core/Configuration/Unity.Services.Core.Configuration.Editor.asmdef)
Required property 'name' not set (Packages/com.unity.services.core/Runtime/Analytics/Unity.Services.Core.Analytics.asmdef)
Required property 'name' not set (Packages/com.unity.services.core/Runtime/Registration/Unity.Services.Core.Registration.asmdef)
Required property 'name' not set (Packages/com.unity.services.core/Runtime/Environments/Unity.Services.Core.Environments.asmdef)
Required property 'name' not set (Packages/com.unity.services.core/Runtime/Scheduler/Unity.Services.Core.Scheduler.asmdef)
Required property 'name' not set (Packages/com.unity.services.core/Runtime/Environments/Internal/Unity.Services.Core.Environments.Internal.asmdef)
Required property 'name' not set (Packages/com.unity.collab-proxy/Editor/Collaborate/Unity.CollabProxy.Editor.asmdef)
Required property 'name' not set (Packages/com.unity.collab-proxy/Tests/Editor/Collaborate/Unity.CollabProxy.EditorTests.asmdef)
Required property 'name' not set (Packages/com.unity.services.core/Runtime/Threading/Unity.Services.Core.Threading.asmdef)
Required property 'name' not set (Packages/com.unity.collab-proxy/Tests/Editor/PlasticSCM/Unity.PlasticSCM.EditorTests.asmdef)
Required property 'name' not set (Packages/com.unity.services.core/Runtime/Device/Unity.Services.Core.Device.asmdef)
Mono: successfully reloaded assembly
- Completed reload, in  2.413 seconds
Domain Reload Profiling:
	ReloadAssembly (2415ms)
		BeginReloadAssembly (174ms)
			ExecutionOrderSort (0ms)
			DisableScriptedObjects (4ms)
			BackupInstance (0ms)
			ReleaseScriptingObjects (0ms)
			CreateAndSetChildDomain (44ms)
		EndReloadAssembly (2127ms)
			LoadAssemblies (168ms)
			RebuildTransferFunctionScriptingTraits (0ms)
			SetupTypeCache (654ms)
			ReleaseScriptCaches (2ms)
			RebuildScriptCaches (97ms)
			SetupLoadedEditorAssemblies (981ms)
				LogAssemblyErrors (0ms)
				InitializePlatformSupportModulesInManaged (26ms)
				SetLoadedEditorAssemblies (1ms)
				RefreshPlugins (1ms)
				BeforeProcessingInitializeOnLoad (264ms)
				ProcessInitializeOnLoadAttributes (592ms)
				ProcessInitializeOnLoadMethodAttributes (59ms)
				AfterProcessingInitializeOnLoad (37ms)
				EditorAssembliesLoaded (2ms)
			ExecutionOrderSort2 (0ms)
			AwakeInstancesAfterBackupRestoration (34ms)
Platform modules already initialized, skipping
Refreshing native plugins compatible for Editor in 3.55 ms, found 3 plugins.
Preloading 0 native plugins for Editor in 0.00 ms.
Unloading 3041 Unused Serialized files (Serialized files now loaded: 0)
Unloading 15 unused Assets / (24.7 KB). Loaded Objects now: 3611.
Memory consumption went from 116.8 MB to 116.7 MB.
Total: 12.829800 ms (FindLiveObjects: 0.327100 ms CreateObjectMapping: 0.201400 ms MarkObjects: 12.269100 ms  DeleteObjects: 0.030900 ms)

AssetImportParameters requested are different than current active one (requested -> active):
  custom:video-decoder-ogg-theora: a1e56fd34408186e4bbccfd4996cb3dc -> 
  custom:container-muxer-webm: aa71ff27fc2769a1b78a27578f13a17b -> 
  custom:container-demuxer-webm: 4f35f7cbe854078d1ac9338744f61a02 -> 
  custom:video-encoder-webm-vp8: eb34c28f22e8b96e1ab97ce403110664 -> 
  custom:video-codec-MediaFoundation-h265: 746d11721c4dcdbdad8f713fa42b33f4 -> 
  custom:audio-encoder-webm-vorbis: bf7c407c2cedff20999df2af8eb42d56 -> 
  custom:framework-win-MediaFoundation: 216162199b28c13a410421893ffa2e32 -> 
  custom:container-demuxer-ogg: 62fdf1f143b41e24485cea50d1cbac27 -> 
  custom:video-decoder-webm-vp8: 9c59270c3fd7afecdb556c50c9e8de78 -> 
  custom:audio-decoder-ogg-vorbis: bf7c407c2cedff20999df2af8eb42d56 -> 
========================================================================
Received Import Request.
  Time since last request: 2192.940388 seconds.
  path: Assets/Scenes/Itembox.mat
  artifactKey: Guid(473f6cbf5a2b79e4e911445ca859f9f5) Importer(815301076,1909f56bfc062723c751e8b465ee728b)
Start importing Assets/Scenes/Itembox.mat using Guid(473f6cbf5a2b79e4e911445ca859f9f5) Importer(815301076,1909f56bfc062723c751e8b465ee728b)  -> (artifact id: 'e24b6008c0d302aa23f618973e34257d') in 0.146632 seconds 
========================================================================
Received Import Request.
  Time since last request: 509.668909 seconds.
  path: Assets/Scenes/Itembox.prefab
  artifactKey: Guid(9c5413d7fa4fc3542bf0f2514ff0f819) Importer(815301076,1909f56bfc062723c751e8b465ee728b)
Start importing Assets/Scenes/Itembox.prefab using Guid(9c5413d7fa4fc3542bf0f2514ff0f819) Importer(815301076,1909f56bfc062723c751e8b465ee728b)  -> (artifact id: '7622d3994d3ba7d6825d787f0ee0b02e') in 0.043335 seconds 
========================================================================
Received Import Request.
  Time since last request: 274.313253 seconds.
  path: Assets/Scenes/EndpointMaterial.mat
  artifactKey: Guid(80417b6996245ba4c8feabf748caa59a) Importer(815301076,1909f56bfc062723c751e8b465ee728b)
Start importing Assets/Scenes/EndpointMaterial.mat using Guid(80417b6996245ba4c8feabf748caa59a) Importer(815301076,1909f56bfc062723c751e8b465ee728b)  -> (artifact id: '9fbcc68b74cfc0cb1673c4d2e4eadfb6') in 0.030622 seconds 
========================================================================
Received Import Request.
  Time since last request: 25.043280 seconds.
  path: Assets/Scenes/Endpoint.prefab
  artifactKey: Guid(5e314d58aa736e440a0ea538bef4e553) Importer(815301076,1909f56bfc062723c751e8b465ee728b)
Start importing Assets/Scenes/Endpoint.prefab using Guid(5e314d58aa736e440a0ea538bef4e553) Importer(815301076,1909f56bfc062723c751e8b465ee728b)  -> (artifact id: '5ab57b0163c11efc79769dab2922c973') in 0.019270 seconds 
========================================================================
Received Import Request.
  Time since last request: 593.508571 seconds.
  path: Assets/Scenes/Endpoint.prefab
  artifactKey: Guid(5e314d58aa736e440a0ea538bef4e553) Importer(815301076,1909f56bfc062723c751e8b465ee728b)
Start importing Assets/Scenes/Endpoint.prefab using Guid(5e314d58aa736e440a0ea538bef4e553) Importer(815301076,1909f56bfc062723c751e8b465ee728b)  -> (artifact id: 'af0a032fabf015ee2df0a7413ded87b0') in 0.028927 seconds 
========================================================================
Received Import Request.
  Time since last request: 0.000049 seconds.
  path: Assets/Scenes/Itembox.mat
  artifactKey: Guid(473f6cbf5a2b79e4e911445ca859f9f5) Importer(815301076,1909f56bfc062723c751e8b465ee728b)
Start importing Assets/Scenes/Itembox.mat using Guid(473f6cbf5a2b79e4e911445ca859f9f5) Importer(815301076,1909f56bfc062723c751e8b465ee728b)  -> (artifact id: 'c9238a104148d9b71e011094b1420b48') in 0.027760 seconds 
========================================================================
Received Import Request.
  Time since last request: 0.000059 seconds.
  path: Assets/Scenes/Itembox.prefab
  artifactKey: Guid(9c5413d7fa4fc3542bf0f2514ff0f819) Importer(815301076,1909f56bfc062723c751e8b465ee728b)
Start importing Assets/Scenes/Itembox.prefab using Guid(9c5413d7fa4fc3542bf0f2514ff0f819) Importer(815301076,1909f56bfc062723c751e8b465ee728b)  -> (artifact id: '76e1bf7dba7dcf33f3036b5655b04de6') in 0.031474 seconds 
========================================================================
Received Import Request.
  Time since last request: 10.396067 seconds.
  path: Assets/Scenes/Endpoint.prefab
  artifactKey: Guid(5e314d58aa736e440a0ea538bef4e553) Importer(815301076,1909f56bfc062723c751e8b465ee728b)
Start importing Assets/Scenes/Endpoint.prefab using Guid(5e314d58aa736e440a0ea538bef4e553) Importer(815301076,1909f56bfc062723c751e8b465ee728b)  -> (artifact id: '985e4d999a2d8bf0ded4cb1c21efdf49') in 0.023682 seconds 
========================================================================
Received Import Request.
  Time since last request: 58.674579 seconds.
  path: Assets/Scenes/Player.mat
  artifactKey: Guid(84e653e030a06c84cae7d388cb40ac4b) Importer(815301076,1909f56bfc062723c751e8b465ee728b)
Start importing Assets/Scenes/Player.mat using Guid(84e653e030a06c84cae7d388cb40ac4b) Importer(815301076,1909f56bfc062723c751e8b465ee728b)  -> (artifact id: '7cdeddfdd9c1230ecb853cbd4a8786a7') in 0.017059 seconds 
========================================================================
Received Import Request.
  Time since last request: 32.492621 seconds.
  path: Assets/Scenes/Player.mat
  artifactKey: Guid(84e653e030a06c84cae7d388cb40ac4b) Importer(815301076,1909f56bfc062723c751e8b465ee728b)
Start importing Assets/Scenes/Player.mat using Guid(84e653e030a06c84cae7d388cb40ac4b) Importer(815301076,1909f56bfc062723c751e8b465ee728b)  -> (artifact id: '3701709636905670e486b22e0d3a3e95') in 0.024894 seconds 
========================================================================
Received Import Request.
  Time since last request: 61.865393 seconds.
  path: Assets/Scenes/rotaor.cs
  artifactKey: Guid(967047dfcd938b545a2c5fb8bf60ccbe) Importer(815301076,1909f56bfc062723c751e8b465ee728b)
Start importing Assets/Scenes/rotaor.cs using Guid(967047dfcd938b545a2c5fb8bf60ccbe) Importer(815301076,1909f56bfc062723c751e8b465ee728b)  -> (artifact id: '98a471d5a94e58248ab2ff3e1b6fa805') in 0.012851 seconds 
========================================================================
Received Prepare
Registering precompiled user dll's ...
Registered in 0.009966 seconds.
Required property 'name' not set (Packages/com.unity.services.core/Runtime/Telemetry/Unity.Services.Core.Telemetry.asmdef)
Required property 'name' not set (Packages/com.unity.services.core/Runtime/Networking/Unity.Services.Core.Networking.asmdef)
Required property 'name' not set (Packages/com.unity.services.core/Runtime/Core.Internal/Unity.Services.Core.Internal.asmdef)
Required property 'name' not set (Packages/com.unity.services.core/Runtime/Configuration/Unity.Services.Core.Configuration.asmdef)
Required property 'name' not set (Packages/com.unity.services.core/Runtime/Core/Unity.Services.Core.asmdef)
Required property 'name' not set (Packages/com.unity.services.core/Editor/Core/Unity.Services.Core.Editor.asmdef)
Required property 'name' not set (Packages/com.unity.services.core/Editor/Core/Configuration/Unity.Services.Core.Configuration.Editor.asmdef)
Required property 'name' not set (Packages/com.unity.services.core/Runtime/Analytics/Unity.Services.Core.Analytics.asmdef)
Required property 'name' not set (Packages/com.unity.services.core/Runtime/Registration/Unity.Services.Core.Registration.asmdef)
Required property 'name' not set (Packages/com.unity.services.core/Runtime/Environments/Unity.Services.Core.Environments.asmdef)
Required property 'name' not set (Packages/com.unity.services.core/Runtime/Scheduler/Unity.Services.Core.Scheduler.asmdef)
Required property 'name' not set (Packages/com.unity.services.core/Runtime/Environments/Internal/Unity.Services.Core.Environments.Internal.asmdef)
Required property 'name' not set (Packages/com.unity.collab-proxy/Editor/Collaborate/Unity.CollabProxy.Editor.asmdef)
Required property 'name' not set (Packages/com.unity.collab-proxy/Tests/Editor/Collaborate/Unity.CollabProxy.EditorTests.asmdef)
Required property 'name' not set (Packages/com.unity.services.core/Runtime/Threading/Unity.Services.Core.Threading.asmdef)
Required property 'name' not set (Packages/com.unity.collab-proxy/Tests/Editor/PlasticSCM/Unity.PlasticSCM.EditorTests.asmdef)
Required property 'name' not set (Packages/com.unity.services.core/Runtime/Device/Unity.Services.Core.Device.asmdef)
Required property 'name' not set (Packages/com.unity.services.core/Runtime/Telemetry/Unity.Services.Core.Telemetry.asmdef)
Required property 'name' not set (Packages/com.unity.services.core/Runtime/Networking/Unity.Services.Core.Networking.asmdef)
Required property 'name' not set (Packages/com.unity.services.core/Runtime/Core.Internal/Unity.Services.Core.Internal.asmdef)
Required property 'name' not set (Packages/com.unity.services.core/Runtime/Configuration/Unity.Services.Core.Configuration.asmdef)
Required property 'name' not set (Packages/com.unity.services.core/Runtime/Core/Unity.Services.Core.asmdef)
Required property 'name' not set (Packages/com.unity.services.core/Editor/Core/Unity.Services.Core.Editor.asmdef)
Required property 'name' not set (Packages/com.unity.services.core/Editor/Core/Configuration/Unity.Services.Core.Configuration.Editor.asmdef)
Required property 'name' not set (Packages/com.unity.services.core/Runtime/Analytics/Unity.Services.Core.Analytics.asmdef)
Required property 'name' not set (Packages/com.unity.services.core/Runtime/Registration/Unity.Services.Core.Registration.asmdef)
Required property 'name' not set (Packages/com.unity.services.core/Runtime/Environments/Unity.Services.Core.Environments.asmdef)
Required property 'name' not set (Packages/com.unity.services.core/Runtime/Scheduler/Unity.Services.Core.Scheduler.asmdef)
Required property 'name' not set (Packages/com.unity.services.core/Runtime/Environments/Internal/Unity.Services.Core.Environments.Internal.asmdef)
Required property 'name' not set (Packages/com.unity.collab-proxy/Editor/Collaborate/Unity.CollabProxy.Editor.asmdef)
Required property 'name' not set (Packages/com.unity.collab-proxy/Tests/Editor/Collaborate/Unity.CollabProxy.EditorTests.asmdef)
Required property 'name' not set (Packages/com.unity.services.core/Runtime/Threading/Unity.Services.Core.Threading.asmdef)
Required property 'name' not set (Packages/com.unity.collab-proxy/Tests/Editor/PlasticSCM/Unity.PlasticSCM.EditorTests.asmdef)
Required property 'name' not set (Packages/com.unity.services.core/Runtime/Device/Unity.Services.Core.Device.asmdef)
Begin MonoManager ReloadAssembly
Symbol file LoadedFromMemory doesn't match image C:\Users\a0108\OneDrive\바탕 화면\sokovan\Library\PackageCache\com.unity.visualscripting@1.8.0\Editor\VisualScripting.Core\Dependencies\YamlDotNet\Unity.VisualScripting.YamlDotNet.dll
Symbol file LoadedFromMemory doesn't match image C:\Users\a0108\OneDrive\바탕 화면\sokovan\Library\PackageCache\com.unity.visualscripting@1.8.0\Editor\VisualScripting.Core\Dependencies\DotNetZip\Unity.VisualScripting.IonicZip.dll
Native extension for WindowsStandalone target not found
Native extension for WebGL target not found
Refreshing native plugins compatible for Editor in 0.41 ms, found 3 plugins.
Preloading 0 native plugins for Editor in 0.00 ms.
Required property 'name' not set (Packages/com.unity.services.core/Runtime/Telemetry/Unity.Services.Core.Telemetry.asmdef)
Required property 'name' not set (Packages/com.unity.services.core/Runtime/Networking/Unity.Services.Core.Networking.asmdef)
Required property 'name' not set (Packages/com.unity.services.core/Runtime/Core.Internal/Unity.Services.Core.Internal.asmdef)
Required property 'name' not set (Packages/com.unity.services.core/Runtime/Configuration/Unity.Services.Core.Configuration.asmdef)
Required property 'name' not set (Packages/com.unity.services.core/Runtime/Core/Unity.Services.Core.asmdef)
Required property 'name' not set (Packages/com.unity.services.core/Editor/Core/Unity.Services.Core.Editor.asmdef)
Required property 'name' not set (Packages/com.unity.services.core/Editor/Core/Configuration/Unity.Services.Core.Configuration.Editor.asmdef)
Required property 'name' not set (Packages/com.unity.services.core/Runtime/Analytics/Unity.Services.Core.Analytics.asmdef)
Required property 'name' not set (Packages/com.unity.services.core/Runtime/Registration/Unity.Services.Core.Registration.asmdef)
Required property 'name' not set (Packages/com.unity.services.core/Runtime/Environments/Unity.Services.Core.Environments.asmdef)
Required property 'name' not set (Packages/com.unity.services.core/Runtime/Scheduler/Unity.Services.Core.Scheduler.asmdef)
Required property 'name' not set (Packages/com.unity.services.core/Runtime/Environments/Internal/Unity.Services.Core.Environments.Internal.asmdef)
Required property 'name' not set (Packages/com.unity.collab-proxy/Editor/Collaborate/Unity.CollabProxy.Editor.asmdef)
Required property 'name' not set (Packages/com.unity.collab-proxy/Tests/Editor/Collaborate/Unity.CollabProxy.EditorTests.asmdef)
Required property 'name' not set (Packages/com.unity.services.core/Runtime/Threading/Unity.Services.Core.Threading.asmdef)
Required property 'name' not set (Packages/com.unity.collab-proxy/Tests/Editor/PlasticSCM/Unity.PlasticSCM.EditorTests.asmdef)
Required property 'name' not set (Packages/com.unity.services.core/Runtime/Device/Unity.Services.Core.Device.asmdef)
Mono: successfully reloaded assembly
- Completed reload, in  1.156 seconds
Domain Reload Profiling:
	ReloadAssembly (1157ms)
		BeginReloadAssembly (395ms)
			ExecutionOrderSort (0ms)
			DisableScriptedObjects (8ms)
			BackupInstance (0ms)
			ReleaseScriptingObjects (5ms)
			CreateAndSetChildDomain (74ms)
		EndReloadAssembly (644ms)
			LoadAssemblies (265ms)
			RebuildTransferFunctionScriptingTraits (0ms)
			SetupTypeCache (200ms)
			ReleaseScriptCaches (1ms)
			RebuildScriptCaches (28ms)
			SetupLoadedEditorAssemblies (290ms)
				LogAssemblyErrors (0ms)
				InitializePlatformSupportModulesInManaged (8ms)
				SetLoadedEditorAssemblies (0ms)
				RefreshPlugins (0ms)
				BeforeProcessingInitializeOnLoad (93ms)
				ProcessInitializeOnLoadAttributes (151ms)
				ProcessInitializeOnLoadMethodAttributes (22ms)
				AfterProcessingInitializeOnLoad (14ms)
				EditorAssembliesLoaded (0ms)
			ExecutionOrderSort2 (0ms)
			AwakeInstancesAfterBackupRestoration (8ms)
Platform modules already initialized, skipping
Refreshing native plugins compatible for Editor in 1.86 ms, found 3 plugins.
Preloading 0 native plugins for Editor in 0.00 ms.
Unloading 3042 Unused Serialized files (Serialized files now loaded: 0)
Unloading 15 unused Assets / (24.6 KB). Loaded Objects now: 3616.
Memory consumption went from 116.8 MB to 116.8 MB.
Total: 2.571300 ms (FindLiveObjects: 0.165500 ms CreateObjectMapping: 0.074400 ms MarkObjects: 2.311000 ms  DeleteObjects: 0.019300 ms)

AssetImportParameters requested are different than current active one (requested -> active):
  custom:video-decoder-ogg-theora: a1e56fd34408186e4bbccfd4996cb3dc -> 
  custom:container-muxer-webm: aa71ff27fc2769a1b78a27578f13a17b -> 
  custom:container-demuxer-webm: 4f35f7cbe854078d1ac9338744f61a02 -> 
  custom:video-encoder-webm-vp8: eb34c28f22e8b96e1ab97ce403110664 -> 
  custom:video-codec-MediaFoundation-h265: 746d11721c4dcdbdad8f713fa42b33f4 -> 
  custom:audio-encoder-webm-vorbis: bf7c407c2cedff20999df2af8eb42d56 -> 
  custom:framework-win-MediaFoundation: 216162199b28c13a410421893ffa2e32 -> 
  custom:container-demuxer-ogg: 62fdf1f143b41e24485cea50d1cbac27 -> 
  custom:video-decoder-webm-vp8: 9c59270c3fd7afecdb556c50c9e8de78 -> 
  custom:audio-decoder-ogg-vorbis: bf7c407c2cedff20999df2af8eb42d56 -> 
========================================================================
Received Prepare
Registering precompiled user dll's ...
Registered in 0.020265 seconds.
Required property 'name' not set (Packages/com.unity.services.core/Runtime/Telemetry/Unity.Services.Core.Telemetry.asmdef)
Required property 'name' not set (Packages/com.unity.services.core/Runtime/Networking/Unity.Services.Core.Networking.asmdef)
Required property 'name' not set (Packages/com.unity.services.core/Runtime/Core.Internal/Unity.Services.Core.Internal.asmdef)
Required property 'name' not set (Packages/com.unity.services.core/Runtime/Configuration/Unity.Services.Core.Configuration.asmdef)
Required property 'name' not set (Packages/com.unity.services.core/Runtime/Core/Unity.Services.Core.asmdef)
Required property 'name' not set (Packages/com.unity.services.core/Editor/Core/Unity.Services.Core.Editor.asmdef)
Required property 'name' not set (Packages/com.unity.services.core/Editor/Core/Configuration/Unity.Services.Core.Configuration.Editor.asmdef)
Required property 'name' not set (Packages/com.unity.services.core/Runtime/Analytics/Unity.Services.Core.Analytics.asmdef)
Required property 'name' not set (Packages/com.unity.services.core/Runtime/Registration/Unity.Services.Core.Registration.asmdef)
Required property 'name' not set (Packages/com.unity.services.core/Runtime/Environments/Unity.Services.Core.Environments.asmdef)
Required property 'name' not set (Packages/com.unity.services.core/Runtime/Scheduler/Unity.Services.Core.Scheduler.asmdef)
Required property 'name' not set (Packages/com.unity.services.core/Runtime/Environments/Internal/Unity.Services.Core.Environments.Internal.asmdef)
Required property 'name' not set (Packages/com.unity.collab-proxy/Editor/Collaborate/Unity.CollabProxy.Editor.asmdef)
Required property 'name' not set (Packages/com.unity.collab-proxy/Tests/Editor/Collaborate/Unity.CollabProxy.EditorTests.asmdef)
Required property 'name' not set (Packages/com.unity.services.core/Runtime/Threading/Unity.Services.Core.Threading.asmdef)
Required property 'name' not set (Packages/com.unity.collab-proxy/Tests/Editor/PlasticSCM/Unity.PlasticSCM.EditorTests.asmdef)
Required property 'name' not set (Packages/com.unity.services.core/Runtime/Device/Unity.Services.Core.Device.asmdef)
Required property 'name' not set (Packages/com.unity.services.core/Runtime/Telemetry/Unity.Services.Core.Telemetry.asmdef)
Required property 'name' not set (Packages/com.unity.services.core/Runtime/Networking/Unity.Services.Core.Networking.asmdef)
Required property 'name' not set (Packages/com.unity.services.core/Runtime/Core.Internal/Unity.Services.Core.Internal.asmdef)
Required property 'name' not set (Packages/com.unity.services.core/Runtime/Configuration/Unity.Services.Core.Configuration.asmdef)
Required property 'name' not set (Packages/com.unity.services.core/Runtime/Core/Unity.Services.Core.asmdef)
Required property 'name' not set (Packages/com.unity.services.core/Editor/Core/Unity.Services.Core.Editor.asmdef)
Required property 'name' not set (Packages/com.unity.services.core/Editor/Core/Configuration/Unity.Services.Core.Configuration.Editor.asmdef)
Required property 'name' not set (Packages/com.unity.services.core/Runtime/Analytics/Unity.Services.Core.Analytics.asmdef)
Required property 'name' not set (Packages/com.unity.services.core/Runtime/Registration/Unity.Services.Core.Registration.asmdef)
Required property 'name' not set (Packages/com.unity.services.core/Runtime/Environments/Unity.Services.Core.Environments.asmdef)
Required property 'name' not set (Packages/com.unity.services.core/Runtime/Scheduler/Unity.Services.Core.Scheduler.asmdef)
Required property 'name' not set (Packages/com.unity.services.core/Runtime/Environments/Internal/Unity.Services.Core.Environments.Internal.asmdef)
Required property 'name' not set (Packages/com.unity.collab-proxy/Editor/Collaborate/Unity.CollabProxy.Editor.asmdef)
Required property 'name' not set (Packages/com.unity.collab-proxy/Tests/Editor/Collaborate/Unity.CollabProxy.EditorTests.asmdef)
Required property 'name' not set (Packages/com.unity.services.core/Runtime/Threading/Unity.Services.Core.Threading.asmdef)
Required property 'name' not set (Packages/com.unity.collab-proxy/Tests/Editor/PlasticSCM/Unity.PlasticSCM.EditorTests.asmdef)
Required property 'name' not set (Packages/com.unity.services.core/Runtime/Device/Unity.Services.Core.Device.asmdef)
Begin MonoManager ReloadAssembly
Symbol file LoadedFromMemory doesn't match image C:\Users\a0108\OneDrive\바탕 화면\sokovan\Library\PackageCache\com.unity.visualscripting@1.8.0\Editor\VisualScripting.Core\Dependencies\YamlDotNet\Unity.VisualScripting.YamlDotNet.dll
Symbol file LoadedFromMemory doesn't match image C:\Users\a0108\OneDrive\바탕 화면\sokovan\Library\PackageCache\com.unity.visualscripting@1.8.0\Editor\VisualScripting.Core\Dependencies\DotNetZip\Unity.VisualScripting.IonicZip.dll
Native extension for WindowsStandalone target not found
Native extension for WebGL target not found
Refreshing native plugins compatible for Editor in 0.36 ms, found 3 plugins.
Preloading 0 native plugins for Editor in 0.00 ms.
Required property 'name' not set (Packages/com.unity.services.core/Runtime/Telemetry/Unity.Services.Core.Telemetry.asmdef)
Required property 'name' not set (Packages/com.unity.services.core/Runtime/Networking/Unity.Services.Core.Networking.asmdef)
Required property 'name' not set (Packages/com.unity.services.core/Runtime/Core.Internal/Unity.Services.Core.Internal.asmdef)
Required property 'name' not set (Packages/com.unity.services.core/Runtime/Configuration/Unity.Services.Core.Configuration.asmdef)
Required property 'name' not set (Packages/com.unity.services.core/Runtime/Core/Unity.Services.Core.asmdef)
Required property 'name' not set (Packages/com.unity.services.core/Editor/Core/Unity.Services.Core.Editor.asmdef)
Required property 'name' not set (Packages/com.unity.services.core/Editor/Core/Configuration/Unity.Services.Core.Configuration.Editor.asmdef)
Required property 'name' not set (Packages/com.unity.services.core/Runtime/Analytics/Unity.Services.Core.Analytics.asmdef)
Required property 'name' not set (Packages/com.unity.services.core/Runtime/Registration/Unity.Services.Core.Registration.asmdef)
Required property 'name' not set (Packages/com.unity.services.core/Runtime/Environments/Unity.Services.Core.Environments.asmdef)
Required property 'name' not set (Packages/com.unity.services.core/Runtime/Scheduler/Unity.Services.Core.Scheduler.asmdef)
Required property 'name' not set (Packages/com.unity.services.core/Runtime/Environments/Internal/Unity.Services.Core.Environments.Internal.asmdef)
Required property 'name' not set (Packages/com.unity.collab-proxy/Editor/Collaborate/Unity.CollabProxy.Editor.asmdef)
Required property 'name' not set (Packages/com.unity.collab-proxy/Tests/Editor/Collaborate/Unity.CollabProxy.EditorTests.asmdef)
Required property 'name' not set (Packages/com.unity.services.core/Runtime/Threading/Unity.Services.Core.Threading.asmdef)
Required property 'name' not set (Packages/com.unity.collab-proxy/Tests/Editor/PlasticSCM/Unity.PlasticSCM.EditorTests.asmdef)
Required property 'name' not set (Packages/com.unity.services.core/Runtime/Device/Unity.Services.Core.Device.asmdef)
Mono: successfully reloaded assembly
- Completed reload, in  0.828 seconds
Domain Reload Profiling:
	ReloadAssembly (829ms)
		BeginReloadAssembly (147ms)
			ExecutionOrderSort (0ms)
			DisableScriptedObjects (5ms)
			BackupInstance (0ms)
			ReleaseScriptingObjects (0ms)
			CreateAndSetChildDomain (28ms)
		EndReloadAssembly (594ms)
			LoadAssemblies (110ms)
			RebuildTransferFunctionScriptingTraits (0ms)
			SetupTypeCache (192ms)
			ReleaseScriptCaches (1ms)
			RebuildScriptCaches (29ms)
			SetupLoadedEditorAssemblies (255ms)
				LogAssemblyErrors (0ms)
				InitializePlatformSupportModulesInManaged (6ms)
				SetLoadedEditorAssemblies (0ms)
				RefreshPlugins (0ms)
				BeforeProcessingInitializeOnLoad (76ms)
				ProcessInitializeOnLoadAttributes (147ms)
				ProcessInitializeOnLoadMethodAttributes (13ms)
				AfterProcessingInitializeOnLoad (12ms)
				EditorAssembliesLoaded (0ms)
			ExecutionOrderSort2 (0ms)
			AwakeInstancesAfterBackupRestoration (8ms)
Platform modules already initialized, skipping
Refreshing native plugins compatible for Editor in 4.18 ms, found 3 plugins.
Preloading 0 native plugins for Editor in 0.00 ms.
Unloading 3042 Unused Serialized files (Serialized files now loaded: 0)
Unloading 15 unused Assets / (24.6 KB). Loaded Objects now: 3619.
Memory consumption went from 116.8 MB to 116.8 MB.
Total: 2.130900 ms (FindLiveObjects: 0.181400 ms CreateObjectMapping: 0.077100 ms MarkObjects: 1.851900 ms  DeleteObjects: 0.019500 ms)

AssetImportParameters requested are different than current active one (requested -> active):
  custom:video-decoder-ogg-theora: a1e56fd34408186e4bbccfd4996cb3dc -> 
  custom:container-muxer-webm: aa71ff27fc2769a1b78a27578f13a17b -> 
  custom:container-demuxer-webm: 4f35f7cbe854078d1ac9338744f61a02 -> 
  custom:video-encoder-webm-vp8: eb34c28f22e8b96e1ab97ce403110664 -> 
  custom:video-codec-MediaFoundation-h265: 746d11721c4dcdbdad8f713fa42b33f4 -> 
  custom:audio-encoder-webm-vorbis: bf7c407c2cedff20999df2af8eb42d56 -> 
  custom:framework-win-MediaFoundation: 216162199b28c13a410421893ffa2e32 -> 
  custom:container-demuxer-ogg: 62fdf1f143b41e24485cea50d1cbac27 -> 
  custom:video-decoder-webm-vp8: 9c59270c3fd7afecdb556c50c9e8de78 -> 
  custom:audio-decoder-ogg-vorbis: bf7c407c2cedff20999df2af8eb42d56 -> 
========================================================================
Received Import Request.
  Time since last request: 97.757764 seconds.
  path: Assets/Scenes/rotaor.cs
  artifactKey: Guid(967047dfcd938b545a2c5fb8bf60ccbe) Importer(815301076,1909f56bfc062723c751e8b465ee728b)
Start importing Assets/Scenes/rotaor.cs using Guid(967047dfcd938b545a2c5fb8bf60ccbe) Importer(815301076,1909f56bfc062723c751e8b465ee728b)  -> (artifact id: 'b0f1708c2b3f440a943a40408d6334c3') in 0.006745 seconds 
========================================================================
Received Prepare
Registering precompiled user dll's ...
Registered in 0.024081 seconds.
Required property 'name' not set (Packages/com.unity.services.core/Runtime/Telemetry/Unity.Services.Core.Telemetry.asmdef)
Required property 'name' not set (Packages/com.unity.services.core/Runtime/Networking/Unity.Services.Core.Networking.asmdef)
Required property 'name' not set (Packages/com.unity.services.core/Runtime/Core.Internal/Unity.Services.Core.Internal.asmdef)
Required property 'name' not set (Packages/com.unity.services.core/Runtime/Configuration/Unity.Services.Core.Configuration.asmdef)
Required property 'name' not set (Packages/com.unity.services.core/Runtime/Core/Unity.Services.Core.asmdef)
Required property 'name' not set (Packages/com.unity.services.core/Editor/Core/Unity.Services.Core.Editor.asmdef)
Required property 'name' not set (Packages/com.unity.services.core/Editor/Core/Configuration/Unity.Services.Core.Configuration.Editor.asmdef)
Required property 'name' not set (Packages/com.unity.services.core/Runtime/Analytics/Unity.Services.Core.Analytics.asmdef)
Required property 'name' not set (Packages/com.unity.services.core/Runtime/Registration/Unity.Services.Core.Registration.asmdef)
Required property 'name' not set (Packages/com.unity.services.core/Runtime/Environments/Unity.Services.Core.Environments.asmdef)
Required property 'name' not set (Packages/com.unity.services.core/Runtime/Scheduler/Unity.Services.Core.Scheduler.asmdef)
Required property 'name' not set (Packages/com.unity.services.core/Runtime/Environments/Internal/Unity.Services.Core.Environments.Internal.asmdef)
Required property 'name' not set (Packages/com.unity.collab-proxy/Editor/Collaborate/Unity.CollabProxy.Editor.asmdef)
Required property 'name' not set (Packages/com.unity.collab-proxy/Tests/Editor/Collaborate/Unity.CollabProxy.EditorTests.asmdef)
Required property 'name' not set (Packages/com.unity.services.core/Runtime/Threading/Unity.Services.Core.Threading.asmdef)
Required property 'name' not set (Packages/com.unity.collab-proxy/Tests/Editor/PlasticSCM/Unity.PlasticSCM.EditorTests.asmdef)
Required property 'name' not set (Packages/com.unity.services.core/Runtime/Device/Unity.Services.Core.Device.asmdef)
Required property 'name' not set (Packages/com.unity.services.core/Runtime/Telemetry/Unity.Services.Core.Telemetry.asmdef)
Required property 'name' not set (Packages/com.unity.services.core/Runtime/Networking/Unity.Services.Core.Networking.asmdef)
Required property 'name' not set (Packages/com.unity.services.core/Runtime/Core.Internal/Unity.Services.Core.Internal.asmdef)
Required property 'name' not set (Packages/com.unity.services.core/Runtime/Configuration/Unity.Services.Core.Configuration.asmdef)
Required property 'name' not set (Packages/com.unity.services.core/Runtime/Core/Unity.Services.Core.asmdef)
Required property 'name' not set (Packages/com.unity.services.core/Editor/Core/Unity.Services.Core.Editor.asmdef)
Required property 'name' not set (Packages/com.unity.services.core/Editor/Core/Configuration/Unity.Services.Core.Configuration.Editor.asmdef)
Required property 'name' not set (Packages/com.unity.services.core/Runtime/Analytics/Unity.Services.Core.Analytics.asmdef)
Required property 'name' not set (Packages/com.unity.services.core/Runtime/Registration/Unity.Services.Core.Registration.asmdef)
Required property 'name' not set (Packages/com.unity.services.core/Runtime/Environments/Unity.Services.Core.Environments.asmdef)
Required property 'name' not set (Packages/com.unity.services.core/Runtime/Scheduler/Unity.Services.Core.Scheduler.asmdef)
Required property 'name' not set (Packages/com.unity.services.core/Runtime/Environments/Internal/Unity.Services.Core.Environments.Internal.asmdef)
Required property 'name' not set (Packages/com.unity.collab-proxy/Editor/Collaborate/Unity.CollabProxy.Editor.asmdef)
Required property 'name' not set (Packages/com.unity.collab-proxy/Tests/Editor/Collaborate/Unity.CollabProxy.EditorTests.asmdef)
Required property 'name' not set (Packages/com.unity.services.core/Runtime/Threading/Unity.Services.Core.Threading.asmdef)
Required property 'name' not set (Packages/com.unity.collab-proxy/Tests/Editor/PlasticSCM/Unity.PlasticSCM.EditorTests.asmdef)
Required property 'name' not set (Packages/com.unity.services.core/Runtime/Device/Unity.Services.Core.Device.asmdef)
Begin MonoManager ReloadAssembly
Symbol file LoadedFromMemory doesn't match image C:\Users\a0108\OneDrive\바탕 화면\sokovan\Library\PackageCache\com.unity.visualscripting@1.8.0\Editor\VisualScripting.Core\Dependencies\YamlDotNet\Unity.VisualScripting.YamlDotNet.dll
Symbol file LoadedFromMemory doesn't match image C:\Users\a0108\OneDrive\바탕 화면\sokovan\Library\PackageCache\com.unity.visualscripting@1.8.0\Editor\VisualScripting.Core\Dependencies\DotNetZip\Unity.VisualScripting.IonicZip.dll
Native extension for WindowsStandalone target not found
Native extension for WebGL target not found
Refreshing native plugins compatible for Editor in 0.42 ms, found 3 plugins.
Preloading 0 native plugins for Editor in 0.00 ms.
Required property 'name' not set (Packages/com.unity.services.core/Runtime/Telemetry/Unity.Services.Core.Telemetry.asmdef)
Required property 'name' not set (Packages/com.unity.services.core/Runtime/Networking/Unity.Services.Core.Networking.asmdef)
Required property 'name' not set (Packages/com.unity.services.core/Runtime/Core.Internal/Unity.Services.Core.Internal.asmdef)
Required property 'name' not set (Packages/com.unity.services.core/Runtime/Configuration/Unity.Services.Core.Configuration.asmdef)
Required property 'name' not set (Packages/com.unity.services.core/Runtime/Core/Unity.Services.Core.asmdef)
Required property 'name' not set (Packages/com.unity.services.core/Editor/Core/Unity.Services.Core.Editor.asmdef)
Required property 'name' not set (Packages/com.unity.services.core/Editor/Core/Configuration/Unity.Services.Core.Configuration.Editor.asmdef)
Required property 'name' not set (Packages/com.unity.services.core/Runtime/Analytics/Unity.Services.Core.Analytics.asmdef)
Required property 'name' not set (Packages/com.unity.services.core/Runtime/Registration/Unity.Services.Core.Registration.asmdef)
Required property 'name' not set (Packages/com.unity.services.core/Runtime/Environments/Unity.Services.Core.Environments.asmdef)
Required property 'name' not set (Packages/com.unity.services.core/Runtime/Scheduler/Unity.Services.Core.Scheduler.asmdef)
Required property 'name' not set (Packages/com.unity.services.core/Runtime/Environments/Internal/Unity.Services.Core.Environments.Internal.asmdef)
Required property 'name' not set (Packages/com.unity.collab-proxy/Editor/Collaborate/Unity.CollabProxy.Editor.asmdef)
Required property 'name' not set (Packages/com.unity.collab-proxy/Tests/Editor/Collaborate/Unity.CollabProxy.EditorTests.asmdef)
Required property 'name' not set (Packages/com.unity.services.core/Runtime/Threading/Unity.Services.Core.Threading.asmdef)
Required property 'name' not set (Packages/com.unity.collab-proxy/Tests/Editor/PlasticSCM/Unity.PlasticSCM.EditorTests.asmdef)
Required property 'name' not set (Packages/com.unity.services.core/Runtime/Device/Unity.Services.Core.Device.asmdef)
Mono: successfully reloaded assembly
- Completed reload, in  1.145 seconds
Domain Reload Profiling:
	ReloadAssembly (1146ms)
		BeginReloadAssembly (335ms)
			ExecutionOrderSort (0ms)
			DisableScriptedObjects (11ms)
			BackupInstance (0ms)
			ReleaseScriptingObjects (0ms)
			CreateAndSetChildDomain (56ms)
		EndReloadAssembly (633ms)
			LoadAssemblies (239ms)
			RebuildTransferFunctionScriptingTraits (0ms)
			SetupTypeCache (197ms)
			ReleaseScriptCaches (1ms)
			RebuildScriptCaches (34ms)
			SetupLoadedEditorAssemblies (263ms)
				LogAssemblyErrors (0ms)
				InitializePlatformSupportModulesInManaged (9ms)
				SetLoadedEditorAssemblies (1ms)
				RefreshPlugins (1ms)
				BeforeProcessingInitializeOnLoad (76ms)
				ProcessInitializeOnLoadAttributes (150ms)
				ProcessInitializeOnLoadMethodAttributes (14ms)
				AfterProcessingInitializeOnLoad (12ms)
				EditorAssembliesLoaded (0ms)
			ExecutionOrderSort2 (0ms)
			AwakeInstancesAfterBackupRestoration (9ms)
Platform modules already initialized, skipping
Refreshing native plugins compatible for Editor in 1.69 ms, found 3 plugins.
Preloading 0 native plugins for Editor in 0.00 ms.
Unloading 3042 Unused Serialized files (Serialized files now loaded: 0)
Unloading 15 unused Assets / (24.7 KB). Loaded Objects now: 3622.
Memory consumption went from 116.8 MB to 116.8 MB.
Total: 2.353500 ms (FindLiveObjects: 0.171300 ms CreateObjectMapping: 0.076100 ms MarkObjects: 2.070700 ms  DeleteObjects: 0.034600 ms)

AssetImportParameters requested are different than current active one (requested -> active):
  custom:video-decoder-ogg-theora: a1e56fd34408186e4bbccfd4996cb3dc -> 
  custom:container-muxer-webm: aa71ff27fc2769a1b78a27578f13a17b -> 
  custom:container-demuxer-webm: 4f35f7cbe854078d1ac9338744f61a02 -> 
  custom:video-encoder-webm-vp8: eb34c28f22e8b96e1ab97ce403110664 -> 
  custom:video-codec-MediaFoundation-h265: 746d11721c4dcdbdad8f713fa42b33f4 -> 
  custom:audio-encoder-webm-vorbis: bf7c407c2cedff20999df2af8eb42d56 -> 
  custom:framework-win-MediaFoundation: 216162199b28c13a410421893ffa2e32 -> 
  custom:container-demuxer-ogg: 62fdf1f143b41e24485cea50d1cbac27 -> 
  custom:video-decoder-webm-vp8: 9c59270c3fd7afecdb556c50c9e8de78 -> 
  custom:audio-decoder-ogg-vorbis: bf7c407c2cedff20999df2af8eb42d56 -> 
========================================================================
Received Import Request.
  Time since last request: 450.074471 seconds.
  path: Assets/Scenes/rotaor.cs
  artifactKey: Guid(967047dfcd938b545a2c5fb8bf60ccbe) Importer(815301076,1909f56bfc062723c751e8b465ee728b)
Start importing Assets/Scenes/rotaor.cs using Guid(967047dfcd938b545a2c5fb8bf60ccbe) Importer(815301076,1909f56bfc062723c751e8b465ee728b)  -> (artifact id: '291388f17a94b158da7b6f59f2eea2e3') in 0.020816 seconds 
========================================================================
Received Import Request.
  Time since last request: 16.195656 seconds.
  path: Assets/Scenes/Endpoint.prefab
  artifactKey: Guid(5e314d58aa736e440a0ea538bef4e553) Importer(815301076,1909f56bfc062723c751e8b465ee728b)
Start importing Assets/Scenes/Endpoint.prefab using Guid(5e314d58aa736e440a0ea538bef4e553) Importer(815301076,1909f56bfc062723c751e8b465ee728b)  -> (artifact id: 'da6c26899b9052e707bd591726fd8beb') in 0.119686 seconds 
========================================================================
Received Import Request.
  Time since last request: 670.926519 seconds.
  path: Assets/Scenes/Endpoint.prefab
  artifactKey: Guid(5e314d58aa736e440a0ea538bef4e553) Importer(815301076,1909f56bfc062723c751e8b465ee728b)
Start importing Assets/Scenes/Endpoint.prefab using Guid(5e314d58aa736e440a0ea538bef4e553) Importer(815301076,1909f56bfc062723c751e8b465ee728b)  -> (artifact id: 'c6df8fb13115ed62447a30e090830d93') in 0.033113 seconds 
========================================================================
Received Import Request.
  Time since last request: 18.211937 seconds.
  path: Assets/Scenes/Endpoint.prefab
  artifactKey: Guid(5e314d58aa736e440a0ea538bef4e553) Importer(815301076,1909f56bfc062723c751e8b465ee728b)
Start importing Assets/Scenes/Endpoint.prefab using Guid(5e314d58aa736e440a0ea538bef4e553) Importer(815301076,1909f56bfc062723c751e8b465ee728b)  -> (artifact id: 'a9195f0ca5e15392d2e7d8062c94ebb1') in 0.035502 seconds 
========================================================================
Received Prepare
Registering precompiled user dll's ...
Registered in 0.022663 seconds.
Required property 'name' not set (Packages/com.unity.services.core/Runtime/Telemetry/Unity.Services.Core.Telemetry.asmdef)
Required property 'name' not set (Packages/com.unity.services.core/Runtime/Networking/Unity.Services.Core.Networking.asmdef)
Required property 'name' not set (Packages/com.unity.services.core/Runtime/Core.Internal/Unity.Services.Core.Internal.asmdef)
Required property 'name' not set (Packages/com.unity.services.core/Runtime/Configuration/Unity.Services.Core.Configuration.asmdef)
Required property 'name' not set (Packages/com.unity.services.core/Runtime/Core/Unity.Services.Core.asmdef)
Required property 'name' not set (Packages/com.unity.services.core/Editor/Core/Unity.Services.Core.Editor.asmdef)
Required property 'name' not set (Packages/com.unity.services.core/Editor/Core/Configuration/Unity.Services.Core.Configuration.Editor.asmdef)
Required property 'name' not set (Packages/com.unity.services.core/Runtime/Analytics/Unity.Services.Core.Analytics.asmdef)
Required property 'name' not set (Packages/com.unity.services.core/Runtime/Registration/Unity.Services.Core.Registration.asmdef)
Required property 'name' not set (Packages/com.unity.services.core/Runtime/Environments/Unity.Services.Core.Environments.asmdef)
Required property 'name' not set (Packages/com.unity.services.core/Runtime/Scheduler/Unity.Services.Core.Scheduler.asmdef)
Required property 'name' not set (Packages/com.unity.services.core/Runtime/Environments/Internal/Unity.Services.Core.Environments.Internal.asmdef)
Required property 'name' not set (Packages/com.unity.collab-proxy/Editor/Collaborate/Unity.CollabProxy.Editor.asmdef)
Required property 'name' not set (Packages/com.unity.collab-proxy/Tests/Editor/Collaborate/Unity.CollabProxy.EditorTests.asmdef)
Required property 'name' not set (Packages/com.unity.services.core/Runtime/Threading/Unity.Services.Core.Threading.asmdef)
Required property 'name' not set (Packages/com.unity.collab-proxy/Tests/Editor/PlasticSCM/Unity.PlasticSCM.EditorTests.asmdef)
Required property 'name' not set (Packages/com.unity.services.core/Runtime/Device/Unity.Services.Core.Device.asmdef)
Required property 'name' not set (Packages/com.unity.services.core/Runtime/Telemetry/Unity.Services.Core.Telemetry.asmdef)
Required property 'name' not set (Packages/com.unity.services.core/Runtime/Networking/Unity.Services.Core.Networking.asmdef)
Required property 'name' not set (Packages/com.unity.services.core/Runtime/Core.Internal/Unity.Services.Core.Internal.asmdef)
Required property 'name' not set (Packages/com.unity.services.core/Runtime/Configuration/Unity.Services.Core.Configuration.asmdef)
Required property 'name' not set (Packages/com.unity.services.core/Runtime/Core/Unity.Services.Core.asmdef)
Required property 'name' not set (Packages/com.unity.services.core/Editor/Core/Unity.Services.Core.Editor.asmdef)
Required property 'name' not set (Packages/com.unity.services.core/Editor/Core/Configuration/Unity.Services.Core.Configuration.Editor.asmdef)
Required property 'name' not set (Packages/com.unity.services.core/Runtime/Analytics/Unity.Services.Core.Analytics.asmdef)
Required property 'name' not set (Packages/com.unity.services.core/Runtime/Registration/Unity.Services.Core.Registration.asmdef)
Required property 'name' not set (Packages/com.unity.services.core/Runtime/Environments/Unity.Services.Core.Environments.asmdef)
Required property 'name' not set (Packages/com.unity.services.core/Runtime/Scheduler/Unity.Services.Core.Scheduler.asmdef)
Required property 'name' not set (Packages/com.unity.services.core/Runtime/Environments/Internal/Unity.Services.Core.Environments.Internal.asmdef)
Required property 'name' not set (Packages/com.unity.collab-proxy/Editor/Collaborate/Unity.CollabProxy.Editor.asmdef)
Required property 'name' not set (Packages/com.unity.collab-proxy/Tests/Editor/Collaborate/Unity.CollabProxy.EditorTests.asmdef)
Required property 'name' not set (Packages/com.unity.services.core/Runtime/Threading/Unity.Services.Core.Threading.asmdef)
Required property 'name' not set (Packages/com.unity.collab-proxy/Tests/Editor/PlasticSCM/Unity.PlasticSCM.EditorTests.asmdef)
Required property 'name' not set (Packages/com.unity.services.core/Runtime/Device/Unity.Services.Core.Device.asmdef)
Begin MonoManager ReloadAssembly
Symbol file LoadedFromMemory doesn't match image C:\Users\a0108\OneDrive\바탕 화면\sokovan\Library\PackageCache\com.unity.visualscripting@1.8.0\Editor\VisualScripting.Core\Dependencies\YamlDotNet\Unity.VisualScripting.YamlDotNet.dll
Symbol file LoadedFromMemory doesn't match image C:\Users\a0108\OneDrive\바탕 화면\sokovan\Library\PackageCache\com.unity.visualscripting@1.8.0\Editor\VisualScripting.Core\Dependencies\DotNetZip\Unity.VisualScripting.IonicZip.dll
Native extension for WindowsStandalone target not found
Native extension for WebGL target not found
Refreshing native plugins compatible for Editor in 0.54 ms, found 3 plugins.
Preloading 0 native plugins for Editor in 0.00 ms.
Required property 'name' not set (Packages/com.unity.services.core/Runtime/Telemetry/Unity.Services.Core.Telemetry.asmdef)
Required property 'name' not set (Packages/com.unity.services.core/Runtime/Networking/Unity.Services.Core.Networking.asmdef)
Required property 'name' not set (Packages/com.unity.services.core/Runtime/Core.Internal/Unity.Services.Core.Internal.asmdef)
Required property 'name' not set (Packages/com.unity.services.core/Runtime/Configuration/Unity.Services.Core.Configuration.asmdef)
Required property 'name' not set (Packages/com.unity.services.core/Runtime/Core/Unity.Services.Core.asmdef)
Required property 'name' not set (Packages/com.unity.services.core/Editor/Core/Unity.Services.Core.Editor.asmdef)
Required property 'name' not set (Packages/com.unity.services.core/Editor/Core/Configuration/Unity.Services.Core.Configuration.Editor.asmdef)
Required property 'name' not set (Packages/com.unity.services.core/Runtime/Analytics/Unity.Services.Core.Analytics.asmdef)
Required property 'name' not set (Packages/com.unity.services.core/Runtime/Registration/Unity.Services.Core.Registration.asmdef)
Required property 'name' not set (Packages/com.unity.services.core/Runtime/Environments/Unity.Services.Core.Environments.asmdef)
Required property 'name' not set (Packages/com.unity.services.core/Runtime/Scheduler/Unity.Services.Core.Scheduler.asmdef)
Required property 'name' not set (Packages/com.unity.services.core/Runtime/Environments/Internal/Unity.Services.Core.Environments.Internal.asmdef)
Required property 'name' not set (Packages/com.unity.collab-proxy/Editor/Collaborate/Unity.CollabProxy.Editor.asmdef)
Required property 'name' not set (Packages/com.unity.collab-proxy/Tests/Editor/Collaborate/Unity.CollabProxy.EditorTests.asmdef)
Required property 'name' not set (Packages/com.unity.services.core/Runtime/Threading/Unity.Services.Core.Threading.asmdef)
Required property 'name' not set (Packages/com.unity.collab-proxy/Tests/Editor/PlasticSCM/Unity.PlasticSCM.EditorTests.asmdef)
Required property 'name' not set (Packages/com.unity.services.core/Runtime/Device/Unity.Services.Core.Device.asmdef)
Mono: successfully reloaded assembly
- Completed reload, in  0.934 seconds
Domain Reload Profiling:
	ReloadAssembly (935ms)
		BeginReloadAssembly (144ms)
			ExecutionOrderSort (0ms)
			DisableScriptedObjects (3ms)
			BackupInstance (0ms)
			ReleaseScriptingObjects (0ms)
			CreateAndSetChildDomain (29ms)
		EndReloadAssembly (693ms)
			LoadAssemblies (106ms)
			RebuildTransferFunctionScriptingTraits (0ms)
			SetupTypeCache (263ms)
			ReleaseScriptCaches (1ms)
			RebuildScriptCaches (33ms)
			SetupLoadedEditorAssemblies (274ms)
				LogAssemblyErrors (0ms)
				InitializePlatformSupportModulesInManaged (7ms)
				SetLoadedEditorAssemblies (0ms)
				RefreshPlugins (1ms)
				BeforeProcessingInitializeOnLoad (85ms)
				ProcessInitializeOnLoadAttributes (157ms)
				ProcessInitializeOnLoadMethodAttributes (13ms)
				AfterProcessingInitializeOnLoad (11ms)
				EditorAssembliesLoaded (0ms)
			ExecutionOrderSort2 (0ms)
			AwakeInstancesAfterBackupRestoration (7ms)
Platform modules already initialized, skipping
Refreshing native plugins compatible for Editor in 1.90 ms, found 3 plugins.
Preloading 0 native plugins for Editor in 0.00 ms.
Unloading 3042 Unused Serialized files (Serialized files now loaded: 0)
Unloading 15 unused Assets / (24.6 KB). Loaded Objects now: 3625.
Memory consumption went from 116.8 MB to 116.8 MB.
Total: 5.488400 ms (FindLiveObjects: 0.336900 ms CreateObjectMapping: 0.099100 ms MarkObjects: 5.024700 ms  DeleteObjects: 0.026300 ms)

AssetImportParameters requested are different than current active one (requested -> active):
  custom:video-decoder-ogg-theora: a1e56fd34408186e4bbccfd4996cb3dc -> 
  custom:container-muxer-webm: aa71ff27fc2769a1b78a27578f13a17b -> 
  custom:container-demuxer-webm: 4f35f7cbe854078d1ac9338744f61a02 -> 
  custom:video-encoder-webm-vp8: eb34c28f22e8b96e1ab97ce403110664 -> 
  custom:video-codec-MediaFoundation-h265: 746d11721c4dcdbdad8f713fa42b33f4 -> 
  custom:audio-encoder-webm-vorbis: bf7c407c2cedff20999df2af8eb42d56 -> 
  custom:framework-win-MediaFoundation: 216162199b28c13a410421893ffa2e32 -> 
  custom:container-demuxer-ogg: 62fdf1f143b41e24485cea50d1cbac27 -> 
  custom:video-decoder-webm-vp8: 9c59270c3fd7afecdb556c50c9e8de78 -> 
  custom:audio-decoder-ogg-vorbis: bf7c407c2cedff20999df2af8eb42d56 -> 
========================================================================
Received Prepare
Registering precompiled user dll's ...
Registered in 0.009046 seconds.
Required property 'name' not set (Packages/com.unity.services.core/Runtime/Telemetry/Unity.Services.Core.Telemetry.asmdef)
Required property 'name' not set (Packages/com.unity.services.core/Runtime/Networking/Unity.Services.Core.Networking.asmdef)
Required property 'name' not set (Packages/com.unity.services.core/Runtime/Core.Internal/Unity.Services.Core.Internal.asmdef)
Required property 'name' not set (Packages/com.unity.services.core/Runtime/Configuration/Unity.Services.Core.Configuration.asmdef)
Required property 'name' not set (Packages/com.unity.services.core/Runtime/Core/Unity.Services.Core.asmdef)
Required property 'name' not set (Packages/com.unity.services.core/Editor/Core/Unity.Services.Core.Editor.asmdef)
Required property 'name' not set (Packages/com.unity.services.core/Editor/Core/Configuration/Unity.Services.Core.Configuration.Editor.asmdef)
Required property 'name' not set (Packages/com.unity.services.core/Runtime/Analytics/Unity.Services.Core.Analytics.asmdef)
Required property 'name' not set (Packages/com.unity.services.core/Runtime/Registration/Unity.Services.Core.Registration.asmdef)
Required property 'name' not set (Packages/com.unity.services.core/Runtime/Environments/Unity.Services.Core.Environments.asmdef)
Required property 'name' not set (Packages/com.unity.services.core/Runtime/Scheduler/Unity.Services.Core.Scheduler.asmdef)
Required property 'name' not set (Packages/com.unity.services.core/Runtime/Environments/Internal/Unity.Services.Core.Environments.Internal.asmdef)
Required property 'name' not set (Packages/com.unity.collab-proxy/Editor/Collaborate/Unity.CollabProxy.Editor.asmdef)
Required property 'name' not set (Packages/com.unity.collab-proxy/Tests/Editor/Collaborate/Unity.CollabProxy.EditorTests.asmdef)
Required property 'name' not set (Packages/com.unity.services.core/Runtime/Threading/Unity.Services.Core.Threading.asmdef)
Required property 'name' not set (Packages/com.unity.collab-proxy/Tests/Editor/PlasticSCM/Unity.PlasticSCM.EditorTests.asmdef)
Required property 'name' not set (Packages/com.unity.services.core/Runtime/Device/Unity.Services.Core.Device.asmdef)
Required property 'name' not set (Packages/com.unity.services.core/Runtime/Telemetry/Unity.Services.Core.Telemetry.asmdef)
Required property 'name' not set (Packages/com.unity.services.core/Runtime/Networking/Unity.Services.Core.Networking.asmdef)
Required property 'name' not set (Packages/com.unity.services.core/Runtime/Core.Internal/Unity.Services.Core.Internal.asmdef)
Required property 'name' not set (Packages/com.unity.services.core/Runtime/Configuration/Unity.Services.Core.Configuration.asmdef)
Required property 'name' not set (Packages/com.unity.services.core/Runtime/Core/Unity.Services.Core.asmdef)
Required property 'name' not set (Packages/com.unity.services.core/Editor/Core/Unity.Services.Core.Editor.asmdef)
Required property 'name' not set (Packages/com.unity.services.core/Editor/Core/Configuration/Unity.Services.Core.Configuration.Editor.asmdef)
Required property 'name' not set (Packages/com.unity.services.core/Runtime/Analytics/Unity.Services.Core.Analytics.asmdef)
Required property 'name' not set (Packages/com.unity.services.core/Runtime/Registration/Unity.Services.Core.Registration.asmdef)
Required property 'name' not set (Packages/com.unity.services.core/Runtime/Environments/Unity.Services.Core.Environments.asmdef)
Required property 'name' not set (Packages/com.unity.services.core/Runtime/Scheduler/Unity.Services.Core.Scheduler.asmdef)
Required property 'name' not set (Packages/com.unity.services.core/Runtime/Environments/Internal/Unity.Services.Core.Environments.Internal.asmdef)
Required property 'name' not set (Packages/com.unity.collab-proxy/Editor/Collaborate/Unity.CollabProxy.Editor.asmdef)
Required property 'name' not set (Packages/com.unity.collab-proxy/Tests/Editor/Collaborate/Unity.CollabProxy.EditorTests.asmdef)
Required property 'name' not set (Packages/com.unity.services.core/Runtime/Threading/Unity.Services.Core.Threading.asmdef)
Required property 'name' not set (Packages/com.unity.collab-proxy/Tests/Editor/PlasticSCM/Unity.PlasticSCM.EditorTests.asmdef)
Required property 'name' not set (Packages/com.unity.services.core/Runtime/Device/Unity.Services.Core.Device.asmdef)
Begin MonoManager ReloadAssembly
Symbol file LoadedFromMemory doesn't match image C:\Users\a0108\OneDrive\바탕 화면\sokovan\Library\PackageCache\com.unity.visualscripting@1.8.0\Editor\VisualScripting.Core\Dependencies\YamlDotNet\Unity.VisualScripting.YamlDotNet.dll
Symbol file LoadedFromMemory doesn't match image C:\Users\a0108\OneDrive\바탕 화면\sokovan\Library\PackageCache\com.unity.visualscripting@1.8.0\Editor\VisualScripting.Core\Dependencies\DotNetZip\Unity.VisualScripting.IonicZip.dll
Native extension for WindowsStandalone target not found
Native extension for WebGL target not found
Refreshing native plugins compatible for Editor in 0.56 ms, found 3 plugins.
Preloading 0 native plugins for Editor in 0.00 ms.
Required property 'name' not set (Packages/com.unity.services.core/Runtime/Telemetry/Unity.Services.Core.Telemetry.asmdef)
Required property 'name' not set (Packages/com.unity.services.core/Runtime/Networking/Unity.Services.Core.Networking.asmdef)
Required property 'name' not set (Packages/com.unity.services.core/Runtime/Core.Internal/Unity.Services.Core.Internal.asmdef)
Required property 'name' not set (Packages/com.unity.services.core/Runtime/Configuration/Unity.Services.Core.Configuration.asmdef)
Required property 'name' not set (Packages/com.unity.services.core/Runtime/Core/Unity.Services.Core.asmdef)
Required property 'name' not set (Packages/com.unity.services.core/Editor/Core/Unity.Services.Core.Editor.asmdef)
Required property 'name' not set (Packages/com.unity.services.core/Editor/Core/Configuration/Unity.Services.Core.Configuration.Editor.asmdef)
Required property 'name' not set (Packages/com.unity.services.core/Runtime/Analytics/Unity.Services.Core.Analytics.asmdef)
Required property 'name' not set (Packages/com.unity.services.core/Runtime/Registration/Unity.Services.Core.Registration.asmdef)
Required property 'name' not set (Packages/com.unity.services.core/Runtime/Environments/Unity.Services.Core.Environments.asmdef)
Required property 'name' not set (Packages/com.unity.services.core/Runtime/Scheduler/Unity.Services.Core.Scheduler.asmdef)
Required property 'name' not set (Packages/com.unity.services.core/Runtime/Environments/Internal/Unity.Services.Core.Environments.Internal.asmdef)
Required property 'name' not set (Packages/com.unity.collab-proxy/Editor/Collaborate/Unity.CollabProxy.Editor.asmdef)
Required property 'name' not set (Packages/com.unity.collab-proxy/Tests/Editor/Collaborate/Unity.CollabProxy.EditorTests.asmdef)
Required property 'name' not set (Packages/com.unity.services.core/Runtime/Threading/Unity.Services.Core.Threading.asmdef)
Required property 'name' not set (Packages/com.unity.collab-proxy/Tests/Editor/PlasticSCM/Unity.PlasticSCM.EditorTests.asmdef)
Required property 'name' not set (Packages/com.unity.services.core/Runtime/Device/Unity.Services.Core.Device.asmdef)
Mono: successfully reloaded assembly
- Completed reload, in  2.099 seconds
Domain Reload Profiling:
	ReloadAssembly (2102ms)
		BeginReloadAssembly (165ms)
			ExecutionOrderSort (0ms)
			DisableScriptedObjects (4ms)
			BackupInstance (0ms)
			ReleaseScriptingObjects (0ms)
			CreateAndSetChildDomain (32ms)
		EndReloadAssembly (1835ms)
			LoadAssemblies (147ms)
			RebuildTransferFunctionScriptingTraits (0ms)
			SetupTypeCache (520ms)
			ReleaseScriptCaches (1ms)
			RebuildScriptCaches (128ms)
			SetupLoadedEditorAssemblies (840ms)
				LogAssemblyErrors (0ms)
				InitializePlatformSupportModulesInManaged (19ms)
				SetLoadedEditorAssemblies (1ms)
				RefreshPlugins (1ms)
				BeforeProcessingInitializeOnLoad (274ms)
				ProcessInitializeOnLoadAttributes (458ms)
				ProcessInitializeOnLoadMethodAttributes (45ms)
				AfterProcessingInitializeOnLoad (41ms)
				EditorAssembliesLoaded (2ms)
			ExecutionOrderSort2 (0ms)
			AwakeInstancesAfterBackupRestoration (26ms)
Platform modules already initialized, skipping
Refreshing native plugins compatible for Editor in 3.63 ms, found 3 plugins.
Preloading 0 native plugins for Editor in 0.00 ms.
Unloading 3042 Unused Serialized files (Serialized files now loaded: 0)
Unloading 15 unused Assets / (24.7 KB). Loaded Objects now: 3628.
Memory consumption went from 116.9 MB to 116.9 MB.
Total: 4.364400 ms (FindLiveObjects: 0.259300 ms CreateObjectMapping: 0.101300 ms MarkObjects: 3.941400 ms  DeleteObjects: 0.059900 ms)

AssetImportParameters requested are different than current active one (requested -> active):
  custom:video-decoder-ogg-theora: a1e56fd34408186e4bbccfd4996cb3dc -> 
  custom:container-muxer-webm: aa71ff27fc2769a1b78a27578f13a17b -> 
  custom:container-demuxer-webm: 4f35f7cbe854078d1ac9338744f61a02 -> 
  custom:video-encoder-webm-vp8: eb34c28f22e8b96e1ab97ce403110664 -> 
  custom:video-codec-MediaFoundation-h265: 746d11721c4dcdbdad8f713fa42b33f4 -> 
  custom:audio-encoder-webm-vorbis: bf7c407c2cedff20999df2af8eb42d56 -> 
  custom:framework-win-MediaFoundation: 216162199b28c13a410421893ffa2e32 -> 
  custom:container-demuxer-ogg: 62fdf1f143b41e24485cea50d1cbac27 -> 
  custom:video-decoder-webm-vp8: 9c59270c3fd7afecdb556c50c9e8de78 -> 
  custom:audio-decoder-ogg-vorbis: bf7c407c2cedff20999df2af8eb42d56 -> 
========================================================================
Received Import Request.
  Time since last request: 32.317023 seconds.
  path: Assets/Scenes/Endpoint.prefab
  artifactKey: Guid(5e314d58aa736e440a0ea538bef4e553) Importer(815301076,1909f56bfc062723c751e8b465ee728b)
Start importing Assets/Scenes/Endpoint.prefab using Guid(5e314d58aa736e440a0ea538bef4e553) Importer(815301076,1909f56bfc062723c751e8b465ee728b)  -> (artifact id: '918b4579e266ef25b4043cfe2d5a4393') in 0.206020 seconds 
========================================================================
Received Import Request.
  Time since last request: 74.685544 seconds.
  path: ProjectSettings/TagManager.asset
  artifactKey: Guid(00000000000000003000000000000000) Importer(815301076,1909f56bfc062723c751e8b465ee728b)
Start importing ProjectSettings/TagManager.asset using Guid(00000000000000003000000000000000) Importer(815301076,1909f56bfc062723c751e8b465ee728b)  -> (artifact id: '5f74b9f0782f3ffe8a654b2b60a9f33c') in 0.006872 seconds 
========================================================================
Received Prepare
Registering precompiled user dll's ...
Registered in 0.010388 seconds.
Required property 'name' not set (Packages/com.unity.services.core/Runtime/Telemetry/Unity.Services.Core.Telemetry.asmdef)
Required property 'name' not set (Packages/com.unity.services.core/Runtime/Networking/Unity.Services.Core.Networking.asmdef)
Required property 'name' not set (Packages/com.unity.services.core/Runtime/Core.Internal/Unity.Services.Core.Internal.asmdef)
Required property 'name' not set (Packages/com.unity.services.core/Runtime/Configuration/Unity.Services.Core.Configuration.asmdef)
Required property 'name' not set (Packages/com.unity.services.core/Runtime/Core/Unity.Services.Core.asmdef)
Required property 'name' not set (Packages/com.unity.services.core/Editor/Core/Unity.Services.Core.Editor.asmdef)
Required property 'name' not set (Packages/com.unity.services.core/Editor/Core/Configuration/Unity.Services.Core.Configuration.Editor.asmdef)
Required property 'name' not set (Packages/com.unity.services.core/Runtime/Analytics/Unity.Services.Core.Analytics.asmdef)
Required property 'name' not set (Packages/com.unity.services.core/Runtime/Registration/Unity.Services.Core.Registration.asmdef)
Required property 'name' not set (Packages/com.unity.services.core/Runtime/Environments/Unity.Services.Core.Environments.asmdef)
Required property 'name' not set (Packages/com.unity.services.core/Runtime/Scheduler/Unity.Services.Core.Scheduler.asmdef)
Required property 'name' not set (Packages/com.unity.services.core/Runtime/Environments/Internal/Unity.Services.Core.Environments.Internal.asmdef)
Required property 'name' not set (Packages/com.unity.collab-proxy/Editor/Collaborate/Unity.CollabProxy.Editor.asmdef)
Required property 'name' not set (Packages/com.unity.collab-proxy/Tests/Editor/Collaborate/Unity.CollabProxy.EditorTests.asmdef)
Required property 'name' not set (Packages/com.unity.services.core/Runtime/Threading/Unity.Services.Core.Threading.asmdef)
Required property 'name' not set (Packages/com.unity.collab-proxy/Tests/Editor/PlasticSCM/Unity.PlasticSCM.EditorTests.asmdef)
Required property 'name' not set (Packages/com.unity.services.core/Runtime/Device/Unity.Services.Core.Device.asmdef)
Required property 'name' not set (Packages/com.unity.services.core/Runtime/Telemetry/Unity.Services.Core.Telemetry.asmdef)
Required property 'name' not set (Packages/com.unity.services.core/Runtime/Networking/Unity.Services.Core.Networking.asmdef)
Required property 'name' not set (Packages/com.unity.services.core/Runtime/Core.Internal/Unity.Services.Core.Internal.asmdef)
Required property 'name' not set (Packages/com.unity.services.core/Runtime/Configuration/Unity.Services.Core.Configuration.asmdef)
Required property 'name' not set (Packages/com.unity.services.core/Runtime/Core/Unity.Services.Core.asmdef)
Required property 'name' not set (Packages/com.unity.services.core/Editor/Core/Unity.Services.Core.Editor.asmdef)
Required property 'name' not set (Packages/com.unity.services.core/Editor/Core/Configuration/Unity.Services.Core.Configuration.Editor.asmdef)
Required property 'name' not set (Packages/com.unity.services.core/Runtime/Analytics/Unity.Services.Core.Analytics.asmdef)
Required property 'name' not set (Packages/com.unity.services.core/Runtime/Registration/Unity.Services.Core.Registration.asmdef)
Required property 'name' not set (Packages/com.unity.services.core/Runtime/Environments/Unity.Services.Core.Environments.asmdef)
Required property 'name' not set (Packages/com.unity.services.core/Runtime/Scheduler/Unity.Services.Core.Scheduler.asmdef)
Required property 'name' not set (Packages/com.unity.services.core/Runtime/Environments/Internal/Unity.Services.Core.Environments.Internal.asmdef)
Required property 'name' not set (Packages/com.unity.collab-proxy/Editor/Collaborate/Unity.CollabProxy.Editor.asmdef)
Required property 'name' not set (Packages/com.unity.collab-proxy/Tests/Editor/Collaborate/Unity.CollabProxy.EditorTests.asmdef)
Required property 'name' not set (Packages/com.unity.services.core/Runtime/Threading/Unity.Services.Core.Threading.asmdef)
Required property 'name' not set (Packages/com.unity.collab-proxy/Tests/Editor/PlasticSCM/Unity.PlasticSCM.EditorTests.asmdef)
Required property 'name' not set (Packages/com.unity.services.core/Runtime/Device/Unity.Services.Core.Device.asmdef)
Begin MonoManager ReloadAssembly
Symbol file LoadedFromMemory doesn't match image C:\Users\a0108\OneDrive\바탕 화면\sokovan\Library\PackageCache\com.unity.visualscripting@1.8.0\Editor\VisualScripting.Core\Dependencies\YamlDotNet\Unity.VisualScripting.YamlDotNet.dll
Symbol file LoadedFromMemory doesn't match image C:\Users\a0108\OneDrive\바탕 화면\sokovan\Library\PackageCache\com.unity.visualscripting@1.8.0\Editor\VisualScripting.Core\Dependencies\DotNetZip\Unity.VisualScripting.IonicZip.dll
Native extension for WindowsStandalone target not found
Native extension for WebGL target not found
Refreshing native plugins compatible for Editor in 0.38 ms, found 3 plugins.
Preloading 0 native plugins for Editor in 0.00 ms.
Required property 'name' not set (Packages/com.unity.services.core/Runtime/Telemetry/Unity.Services.Core.Telemetry.asmdef)
Required property 'name' not set (Packages/com.unity.services.core/Runtime/Networking/Unity.Services.Core.Networking.asmdef)
Required property 'name' not set (Packages/com.unity.services.core/Runtime/Core.Internal/Unity.Services.Core.Internal.asmdef)
Required property 'name' not set (Packages/com.unity.services.core/Runtime/Configuration/Unity.Services.Core.Configuration.asmdef)
Required property 'name' not set (Packages/com.unity.services.core/Runtime/Core/Unity.Services.Core.asmdef)
Required property 'name' not set (Packages/com.unity.services.core/Editor/Core/Unity.Services.Core.Editor.asmdef)
Required property 'name' not set (Packages/com.unity.services.core/Editor/Core/Configuration/Unity.Services.Core.Configuration.Editor.asmdef)
Required property 'name' not set (Packages/com.unity.services.core/Runtime/Analytics/Unity.Services.Core.Analytics.asmdef)
Required property 'name' not set (Packages/com.unity.services.core/Runtime/Registration/Unity.Services.Core.Registration.asmdef)
Required property 'name' not set (Packages/com.unity.services.core/Runtime/Environments/Unity.Services.Core.Environments.asmdef)
Required property 'name' not set (Packages/com.unity.services.core/Runtime/Scheduler/Unity.Services.Core.Scheduler.asmdef)
Required property 'name' not set (Packages/com.unity.services.core/Runtime/Environments/Internal/Unity.Services.Core.Environments.Internal.asmdef)
Required property 'name' not set (Packages/com.unity.collab-proxy/Editor/Collaborate/Unity.CollabProxy.Editor.asmdef)
Required property 'name' not set (Packages/com.unity.collab-proxy/Tests/Editor/Collaborate/Unity.CollabProxy.EditorTests.asmdef)
Required property 'name' not set (Packages/com.unity.services.core/Runtime/Threading/Unity.Services.Core.Threading.asmdef)
Required property 'name' not set (Packages/com.unity.collab-proxy/Tests/Editor/PlasticSCM/Unity.PlasticSCM.EditorTests.asmdef)
Required property 'name' not set (Packages/com.unity.services.core/Runtime/Device/Unity.Services.Core.Device.asmdef)
Mono: successfully reloaded assembly
- Completed reload, in  1.099 seconds
Domain Reload Profiling:
	ReloadAssembly (1100ms)
		BeginReloadAssembly (295ms)
			ExecutionOrderSort (0ms)
			DisableScriptedObjects (3ms)
			BackupInstance (0ms)
			ReleaseScriptingObjects (0ms)
			CreateAndSetChildDomain (41ms)
		EndReloadAssembly (590ms)
			LoadAssemblies (241ms)
			RebuildTransferFunctionScriptingTraits (0ms)
			SetupTypeCache (190ms)
			ReleaseScriptCaches (1ms)
			RebuildScriptCaches (29ms)
			SetupLoadedEditorAssemblies (259ms)
				LogAssemblyErrors (0ms)
				InitializePlatformSupportModulesInManaged (6ms)
				SetLoadedEditorAssemblies (0ms)
				RefreshPlugins (0ms)
				BeforeProcessingInitializeOnLoad (74ms)
				ProcessInitializeOnLoadAttributes (149ms)
				ProcessInitializeOnLoadMethodAttributes (17ms)
				AfterProcessingInitializeOnLoad (12ms)
				EditorAssembliesLoaded (0ms)
			ExecutionOrderSort2 (0ms)
			AwakeInstancesAfterBackupRestoration (6ms)
Platform modules already initialized, skipping
Refreshing native plugins compatible for Editor in 2.12 ms, found 3 plugins.
Preloading 0 native plugins for Editor in 0.00 ms.
Unloading 3043 Unused Serialized files (Serialized files now loaded: 0)
Unloading 16 unused Assets / (24.6 KB). Loaded Objects now: 3632.
Memory consumption went from 116.9 MB to 116.9 MB.
Total: 2.717100 ms (FindLiveObjects: 0.302000 ms CreateObjectMapping: 0.125100 ms MarkObjects: 2.261000 ms  DeleteObjects: 0.027500 ms)

AssetImportParameters requested are different than current active one (requested -> active):
  custom:video-decoder-ogg-theora: a1e56fd34408186e4bbccfd4996cb3dc -> 
  custom:container-muxer-webm: aa71ff27fc2769a1b78a27578f13a17b -> 
  custom:container-demuxer-webm: 4f35f7cbe854078d1ac9338744f61a02 -> 
  custom:video-encoder-webm-vp8: eb34c28f22e8b96e1ab97ce403110664 -> 
  custom:video-codec-MediaFoundation-h265: 746d11721c4dcdbdad8f713fa42b33f4 -> 
  custom:audio-encoder-webm-vorbis: bf7c407c2cedff20999df2af8eb42d56 -> 
  custom:framework-win-MediaFoundation: 216162199b28c13a410421893ffa2e32 -> 
  custom:container-demuxer-ogg: 62fdf1f143b41e24485cea50d1cbac27 -> 
  custom:video-decoder-webm-vp8: 9c59270c3fd7afecdb556c50c9e8de78 -> 
  custom:audio-decoder-ogg-vorbis: bf7c407c2cedff20999df2af8eb42d56 -> 
========================================================================
Received Prepare
Registering precompiled user dll's ...
Registered in 0.007628 seconds.
Required property 'name' not set (Packages/com.unity.services.core/Runtime/Telemetry/Unity.Services.Core.Telemetry.asmdef)
Required property 'name' not set (Packages/com.unity.services.core/Runtime/Networking/Unity.Services.Core.Networking.asmdef)
Required property 'name' not set (Packages/com.unity.services.core/Runtime/Core.Internal/Unity.Services.Core.Internal.asmdef)
Required property 'name' not set (Packages/com.unity.services.core/Runtime/Configuration/Unity.Services.Core.Configuration.asmdef)
Required property 'name' not set (Packages/com.unity.services.core/Runtime/Core/Unity.Services.Core.asmdef)
Required property 'name' not set (Packages/com.unity.services.core/Editor/Core/Unity.Services.Core.Editor.asmdef)
Required property 'name' not set (Packages/com.unity.services.core/Editor/Core/Configuration/Unity.Services.Core.Configuration.Editor.asmdef)
Required property 'name' not set (Packages/com.unity.services.core/Runtime/Analytics/Unity.Services.Core.Analytics.asmdef)
Required property 'name' not set (Packages/com.unity.services.core/Runtime/Registration/Unity.Services.Core.Registration.asmdef)
Required property 'name' not set (Packages/com.unity.services.core/Runtime/Environments/Unity.Services.Core.Environments.asmdef)
Required property 'name' not set (Packages/com.unity.services.core/Runtime/Scheduler/Unity.Services.Core.Scheduler.asmdef)
Required property 'name' not set (Packages/com.unity.services.core/Runtime/Environments/Internal/Unity.Services.Core.Environments.Internal.asmdef)
Required property 'name' not set (Packages/com.unity.collab-proxy/Editor/Collaborate/Unity.CollabProxy.Editor.asmdef)
Required property 'name' not set (Packages/com.unity.collab-proxy/Tests/Editor/Collaborate/Unity.CollabProxy.EditorTests.asmdef)
Required property 'name' not set (Packages/com.unity.services.core/Runtime/Threading/Unity.Services.Core.Threading.asmdef)
Required property 'name' not set (Packages/com.unity.collab-proxy/Tests/Editor/PlasticSCM/Unity.PlasticSCM.EditorTests.asmdef)
Required property 'name' not set (Packages/com.unity.services.core/Runtime/Device/Unity.Services.Core.Device.asmdef)
Required property 'name' not set (Packages/com.unity.services.core/Runtime/Telemetry/Unity.Services.Core.Telemetry.asmdef)
Required property 'name' not set (Packages/com.unity.services.core/Runtime/Networking/Unity.Services.Core.Networking.asmdef)
Required property 'name' not set (Packages/com.unity.services.core/Runtime/Core.Internal/Unity.Services.Core.Internal.asmdef)
Required property 'name' not set (Packages/com.unity.services.core/Runtime/Configuration/Unity.Services.Core.Configuration.asmdef)
Required property 'name' not set (Packages/com.unity.services.core/Runtime/Core/Unity.Services.Core.asmdef)
Required property 'name' not set (Packages/com.unity.services.core/Editor/Core/Unity.Services.Core.Editor.asmdef)
Required property 'name' not set (Packages/com.unity.services.core/Editor/Core/Configuration/Unity.Services.Core.Configuration.Editor.asmdef)
Required property 'name' not set (Packages/com.unity.services.core/Runtime/Analytics/Unity.Services.Core.Analytics.asmdef)
Required property 'name' not set (Packages/com.unity.services.core/Runtime/Registration/Unity.Services.Core.Registration.asmdef)
Required property 'name' not set (Packages/com.unity.services.core/Runtime/Environments/Unity.Services.Core.Environments.asmdef)
Required property 'name' not set (Packages/com.unity.services.core/Runtime/Scheduler/Unity.Services.Core.Scheduler.asmdef)
Required property 'name' not set (Packages/com.unity.services.core/Runtime/Environments/Internal/Unity.Services.Core.Environments.Internal.asmdef)
Required property 'name' not set (Packages/com.unity.collab-proxy/Editor/Collaborate/Unity.CollabProxy.Editor.asmdef)
Required property 'name' not set (Packages/com.unity.collab-proxy/Tests/Editor/Collaborate/Unity.CollabProxy.EditorTests.asmdef)
Required property 'name' not set (Packages/com.unity.services.core/Runtime/Threading/Unity.Services.Core.Threading.asmdef)
Required property 'name' not set (Packages/com.unity.collab-proxy/Tests/Editor/PlasticSCM/Unity.PlasticSCM.EditorTests.asmdef)
Required property 'name' not set (Packages/com.unity.services.core/Runtime/Device/Unity.Services.Core.Device.asmdef)
Begin MonoManager ReloadAssembly
Symbol file LoadedFromMemory doesn't match image C:\Users\a0108\OneDrive\바탕 화면\sokovan\Library\PackageCache\com.unity.visualscripting@1.8.0\Editor\VisualScripting.Core\Dependencies\YamlDotNet\Unity.VisualScripting.YamlDotNet.dll
Symbol file LoadedFromMemory doesn't match image C:\Users\a0108\OneDrive\바탕 화면\sokovan\Library\PackageCache\com.unity.visualscripting@1.8.0\Editor\VisualScripting.Core\Dependencies\DotNetZip\Unity.VisualScripting.IonicZip.dll
Native extension for WindowsStandalone target not found
Native extension for WebGL target not found
Refreshing native plugins compatible for Editor in 0.48 ms, found 3 plugins.
Preloading 0 native plugins for Editor in 0.00 ms.
Required property 'name' not set (Packages/com.unity.services.core/Runtime/Telemetry/Unity.Services.Core.Telemetry.asmdef)
Required property 'name' not set (Packages/com.unity.services.core/Runtime/Networking/Unity.Services.Core.Networking.asmdef)
Required property 'name' not set (Packages/com.unity.services.core/Runtime/Core.Internal/Unity.Services.Core.Internal.asmdef)
Required property 'name' not set (Packages/com.unity.services.core/Runtime/Configuration/Unity.Services.Core.Configuration.asmdef)
Required property 'name' not set (Packages/com.unity.services.core/Runtime/Core/Unity.Services.Core.asmdef)
Required property 'name' not set (Packages/com.unity.services.core/Editor/Core/Unity.Services.Core.Editor.asmdef)
Required property 'name' not set (Packages/com.unity.services.core/Editor/Core/Configuration/Unity.Services.Core.Configuration.Editor.asmdef)
Required property 'name' not set (Packages/com.unity.services.core/Runtime/Analytics/Unity.Services.Core.Analytics.asmdef)
Required property 'name' not set (Packages/com.unity.services.core/Runtime/Registration/Unity.Services.Core.Registration.asmdef)
Required property 'name' not set (Packages/com.unity.services.core/Runtime/Environments/Unity.Services.Core.Environments.asmdef)
Required property 'name' not set (Packages/com.unity.services.core/Runtime/Scheduler/Unity.Services.Core.Scheduler.asmdef)
Required property 'name' not set (Packages/com.unity.services.core/Runtime/Environments/Internal/Unity.Services.Core.Environments.Internal.asmdef)
Required property 'name' not set (Packages/com.unity.collab-proxy/Editor/Collaborate/Unity.CollabProxy.Editor.asmdef)
Required property 'name' not set (Packages/com.unity.collab-proxy/Tests/Editor/Collaborate/Unity.CollabProxy.EditorTests.asmdef)
Required property 'name' not set (Packages/com.unity.services.core/Runtime/Threading/Unity.Services.Core.Threading.asmdef)
Required property 'name' not set (Packages/com.unity.collab-proxy/Tests/Editor/PlasticSCM/Unity.PlasticSCM.EditorTests.asmdef)
Required property 'name' not set (Packages/com.unity.services.core/Runtime/Device/Unity.Services.Core.Device.asmdef)
Mono: successfully reloaded assembly
- Completed reload, in  1.139 seconds
Domain Reload Profiling:
	ReloadAssembly (1139ms)
		BeginReloadAssembly (399ms)
			ExecutionOrderSort (0ms)
			DisableScriptedObjects (6ms)
			BackupInstance (0ms)
			ReleaseScriptingObjects (0ms)
			CreateAndSetChildDomain (66ms)
		EndReloadAssembly (616ms)
			LoadAssemblies (281ms)
			RebuildTransferFunctionScriptingTraits (0ms)
			SetupTypeCache (190ms)
			ReleaseScriptCaches (1ms)
			RebuildScriptCaches (30ms)
			SetupLoadedEditorAssemblies (278ms)
				LogAssemblyErrors (0ms)
				InitializePlatformSupportModulesInManaged (8ms)
				SetLoadedEditorAssemblies (0ms)
				RefreshPlugins (1ms)
				BeforeProcessingInitializeOnLoad (82ms)
				ProcessInitializeOnLoadAttributes (161ms)
				ProcessInitializeOnLoadMethodAttributes (14ms)
				AfterProcessingInitializeOnLoad (12ms)
				EditorAssembliesLoaded (0ms)
			ExecutionOrderSort2 (0ms)
			AwakeInstancesAfterBackupRestoration (6ms)
Platform modules already initialized, skipping
Refreshing native plugins compatible for Editor in 1.57 ms, found 3 plugins.
Preloading 0 native plugins for Editor in 0.00 ms.
Unloading 3042 Unused Serialized files (Serialized files now loaded: 0)
Unloading 16 unused Assets / (24.7 KB). Loaded Objects now: 3634.
Memory consumption went from 116.9 MB to 116.9 MB.
Total: 2.521600 ms (FindLiveObjects: 0.202300 ms CreateObjectMapping: 0.089200 ms MarkObjects: 2.208500 ms  DeleteObjects: 0.020800 ms)

AssetImportParameters requested are different than current active one (requested -> active):
  custom:video-decoder-ogg-theora: a1e56fd34408186e4bbccfd4996cb3dc -> 
  custom:container-muxer-webm: aa71ff27fc2769a1b78a27578f13a17b -> 
  custom:container-demuxer-webm: 4f35f7cbe854078d1ac9338744f61a02 -> 
  custom:video-encoder-webm-vp8: eb34c28f22e8b96e1ab97ce403110664 -> 
  custom:video-codec-MediaFoundation-h265: 746d11721c4dcdbdad8f713fa42b33f4 -> 
  custom:audio-encoder-webm-vorbis: bf7c407c2cedff20999df2af8eb42d56 -> 
  custom:framework-win-MediaFoundation: 216162199b28c13a410421893ffa2e32 -> 
  custom:container-demuxer-ogg: 62fdf1f143b41e24485cea50d1cbac27 -> 
  custom:video-decoder-webm-vp8: 9c59270c3fd7afecdb556c50c9e8de78 -> 
  custom:audio-decoder-ogg-vorbis: bf7c407c2cedff20999df2af8eb42d56 -> 
========================================================================
Received Prepare
Registering precompiled user dll's ...
Registered in 0.007918 seconds.
Required property 'name' not set (Packages/com.unity.services.core/Runtime/Telemetry/Unity.Services.Core.Telemetry.asmdef)
Required property 'name' not set (Packages/com.unity.services.core/Runtime/Networking/Unity.Services.Core.Networking.asmdef)
Required property 'name' not set (Packages/com.unity.services.core/Runtime/Core.Internal/Unity.Services.Core.Internal.asmdef)
Required property 'name' not set (Packages/com.unity.services.core/Runtime/Configuration/Unity.Services.Core.Configuration.asmdef)
Required property 'name' not set (Packages/com.unity.services.core/Runtime/Core/Unity.Services.Core.asmdef)
Required property 'name' not set (Packages/com.unity.services.core/Editor/Core/Unity.Services.Core.Editor.asmdef)
Required property 'name' not set (Packages/com.unity.services.core/Editor/Core/Configuration/Unity.Services.Core.Configuration.Editor.asmdef)
Required property 'name' not set (Packages/com.unity.services.core/Runtime/Analytics/Unity.Services.Core.Analytics.asmdef)
Required property 'name' not set (Packages/com.unity.services.core/Runtime/Registration/Unity.Services.Core.Registration.asmdef)
Required property 'name' not set (Packages/com.unity.services.core/Runtime/Environments/Unity.Services.Core.Environments.asmdef)
Required property 'name' not set (Packages/com.unity.services.core/Runtime/Scheduler/Unity.Services.Core.Scheduler.asmdef)
Required property 'name' not set (Packages/com.unity.services.core/Runtime/Environments/Internal/Unity.Services.Core.Environments.Internal.asmdef)
Required property 'name' not set (Packages/com.unity.collab-proxy/Editor/Collaborate/Unity.CollabProxy.Editor.asmdef)
Required property 'name' not set (Packages/com.unity.collab-proxy/Tests/Editor/Collaborate/Unity.CollabProxy.EditorTests.asmdef)
Required property 'name' not set (Packages/com.unity.services.core/Runtime/Threading/Unity.Services.Core.Threading.asmdef)
Required property 'name' not set (Packages/com.unity.collab-proxy/Tests/Editor/PlasticSCM/Unity.PlasticSCM.EditorTests.asmdef)
Required property 'name' not set (Packages/com.unity.services.core/Runtime/Device/Unity.Services.Core.Device.asmdef)
Required property 'name' not set (Packages/com.unity.services.core/Runtime/Telemetry/Unity.Services.Core.Telemetry.asmdef)
Required property 'name' not set (Packages/com.unity.services.core/Runtime/Networking/Unity.Services.Core.Networking.asmdef)
Required property 'name' not set (Packages/com.unity.services.core/Runtime/Core.Internal/Unity.Services.Core.Internal.asmdef)
Required property 'name' not set (Packages/com.unity.services.core/Runtime/Configuration/Unity.Services.Core.Configuration.asmdef)
Required property 'name' not set (Packages/com.unity.services.core/Runtime/Core/Unity.Services.Core.asmdef)
Required property 'name' not set (Packages/com.unity.services.core/Editor/Core/Unity.Services.Core.Editor.asmdef)
Required property 'name' not set (Packages/com.unity.services.core/Editor/Core/Configuration/Unity.Services.Core.Configuration.Editor.asmdef)
Required property 'name' not set (Packages/com.unity.services.core/Runtime/Analytics/Unity.Services.Core.Analytics.asmdef)
Required property 'name' not set (Packages/com.unity.services.core/Runtime/Registration/Unity.Services.Core.Registration.asmdef)
Required property 'name' not set (Packages/com.unity.services.core/Runtime/Environments/Unity.Services.Core.Environments.asmdef)
Required property 'name' not set (Packages/com.unity.services.core/Runtime/Scheduler/Unity.Services.Core.Scheduler.asmdef)
Required property 'name' not set (Packages/com.unity.services.core/Runtime/Environments/Internal/Unity.Services.Core.Environments.Internal.asmdef)
Required property 'name' not set (Packages/com.unity.collab-proxy/Editor/Collaborate/Unity.CollabProxy.Editor.asmdef)
Required property 'name' not set (Packages/com.unity.collab-proxy/Tests/Editor/Collaborate/Unity.CollabProxy.EditorTests.asmdef)
Required property 'name' not set (Packages/com.unity.services.core/Runtime/Threading/Unity.Services.Core.Threading.asmdef)
Required property 'name' not set (Packages/com.unity.collab-proxy/Tests/Editor/PlasticSCM/Unity.PlasticSCM.EditorTests.asmdef)
Required property 'name' not set (Packages/com.unity.services.core/Runtime/Device/Unity.Services.Core.Device.asmdef)
Begin MonoManager ReloadAssembly
Symbol file LoadedFromMemory doesn't match image C:\Users\a0108\OneDrive\바탕 화면\sokovan\Library\PackageCache\com.unity.visualscripting@1.8.0\Editor\VisualScripting.Core\Dependencies\YamlDotNet\Unity.VisualScripting.YamlDotNet.dll
Symbol file LoadedFromMemory doesn't match image C:\Users\a0108\OneDrive\바탕 화면\sokovan\Library\PackageCache\com.unity.visualscripting@1.8.0\Editor\VisualScripting.Core\Dependencies\DotNetZip\Unity.VisualScripting.IonicZip.dll
Native extension for WindowsStandalone target not found
Native extension for WebGL target not found
Refreshing native plugins compatible for Editor in 0.43 ms, found 3 plugins.
Preloading 0 native plugins for Editor in 0.00 ms.
Required property 'name' not set (Packages/com.unity.services.core/Runtime/Telemetry/Unity.Services.Core.Telemetry.asmdef)
Required property 'name' not set (Packages/com.unity.services.core/Runtime/Networking/Unity.Services.Core.Networking.asmdef)
Required property 'name' not set (Packages/com.unity.services.core/Runtime/Core.Internal/Unity.Services.Core.Internal.asmdef)
Required property 'name' not set (Packages/com.unity.services.core/Runtime/Configuration/Unity.Services.Core.Configuration.asmdef)
Required property 'name' not set (Packages/com.unity.services.core/Runtime/Core/Unity.Services.Core.asmdef)
Required property 'name' not set (Packages/com.unity.services.core/Editor/Core/Unity.Services.Core.Editor.asmdef)
Required property 'name' not set (Packages/com.unity.services.core/Editor/Core/Configuration/Unity.Services.Core.Configuration.Editor.asmdef)
Required property 'name' not set (Packages/com.unity.services.core/Runtime/Analytics/Unity.Services.Core.Analytics.asmdef)
Required property 'name' not set (Packages/com.unity.services.core/Runtime/Registration/Unity.Services.Core.Registration.asmdef)
Required property 'name' not set (Packages/com.unity.services.core/Runtime/Environments/Unity.Services.Core.Environments.asmdef)
Required property 'name' not set (Packages/com.unity.services.core/Runtime/Scheduler/Unity.Services.Core.Scheduler.asmdef)
Required property 'name' not set (Packages/com.unity.services.core/Runtime/Environments/Internal/Unity.Services.Core.Environments.Internal.asmdef)
Required property 'name' not set (Packages/com.unity.collab-proxy/Editor/Collaborate/Unity.CollabProxy.Editor.asmdef)
Required property 'name' not set (Packages/com.unity.collab-proxy/Tests/Editor/Collaborate/Unity.CollabProxy.EditorTests.asmdef)
Required property 'name' not set (Packages/com.unity.services.core/Runtime/Threading/Unity.Services.Core.Threading.asmdef)
Required property 'name' not set (Packages/com.unity.collab-proxy/Tests/Editor/PlasticSCM/Unity.PlasticSCM.EditorTests.asmdef)
Required property 'name' not set (Packages/com.unity.services.core/Runtime/Device/Unity.Services.Core.Device.asmdef)
Mono: successfully reloaded assembly
- Completed reload, in  1.146 seconds
Domain Reload Profiling:
	ReloadAssembly (1147ms)
		BeginReloadAssembly (215ms)
			ExecutionOrderSort (0ms)
			DisableScriptedObjects (8ms)
			BackupInstance (0ms)
			ReleaseScriptingObjects (0ms)
			CreateAndSetChildDomain (37ms)
		EndReloadAssembly (606ms)
			LoadAssemblies (162ms)
			RebuildTransferFunctionScriptingTraits (0ms)
			SetupTypeCache (183ms)
			ReleaseScriptCaches (1ms)
			RebuildScriptCaches (32ms)
			SetupLoadedEditorAssemblies (259ms)
				LogAssemblyErrors (0ms)
				InitializePlatformSupportModulesInManaged (6ms)
				SetLoadedEditorAssemblies (0ms)
				RefreshPlugins (1ms)
				BeforeProcessingInitializeOnLoad (76ms)
				ProcessInitializeOnLoadAttributes (150ms)
				ProcessInitializeOnLoadMethodAttributes (12ms)
				AfterProcessingInitializeOnLoad (13ms)
				EditorAssembliesLoaded (0ms)
			ExecutionOrderSort2 (0ms)
			AwakeInstancesAfterBackupRestoration (7ms)
Platform modules already initialized, skipping
Refreshing native plugins compatible for Editor in 1.88 ms, found 3 plugins.
Preloading 0 native plugins for Editor in 0.00 ms.
Unloading 3043 Unused Serialized files (Serialized files now loaded: 0)
Unloading 15 unused Assets / (24.8 KB). Loaded Objects now: 3638.
Memory consumption went from 116.9 MB to 116.9 MB.
Total: 2.246400 ms (FindLiveObjects: 0.177700 ms CreateObjectMapping: 0.075900 ms MarkObjects: 1.966600 ms  DeleteObjects: 0.025300 ms)

AssetImportParameters requested are different than current active one (requested -> active):
  custom:video-decoder-ogg-theora: a1e56fd34408186e4bbccfd4996cb3dc -> 
  custom:container-muxer-webm: aa71ff27fc2769a1b78a27578f13a17b -> 
  custom:container-demuxer-webm: 4f35f7cbe854078d1ac9338744f61a02 -> 
  custom:video-encoder-webm-vp8: eb34c28f22e8b96e1ab97ce403110664 -> 
  custom:video-codec-MediaFoundation-h265: 746d11721c4dcdbdad8f713fa42b33f4 -> 
  custom:audio-encoder-webm-vorbis: bf7c407c2cedff20999df2af8eb42d56 -> 
  custom:framework-win-MediaFoundation: 216162199b28c13a410421893ffa2e32 -> 
  custom:container-demuxer-ogg: 62fdf1f143b41e24485cea50d1cbac27 -> 
  custom:video-decoder-webm-vp8: 9c59270c3fd7afecdb556c50c9e8de78 -> 
  custom:audio-decoder-ogg-vorbis: bf7c407c2cedff20999df2af8eb42d56 -> 
========================================================================
Received Prepare
Registering precompiled user dll's ...
Registered in 0.010272 seconds.
Required property 'name' not set (Packages/com.unity.services.core/Runtime/Telemetry/Unity.Services.Core.Telemetry.asmdef)
Required property 'name' not set (Packages/com.unity.services.core/Runtime/Networking/Unity.Services.Core.Networking.asmdef)
Required property 'name' not set (Packages/com.unity.services.core/Runtime/Core.Internal/Unity.Services.Core.Internal.asmdef)
Required property 'name' not set (Packages/com.unity.services.core/Runtime/Configuration/Unity.Services.Core.Configuration.asmdef)
Required property 'name' not set (Packages/com.unity.services.core/Runtime/Core/Unity.Services.Core.asmdef)
Required property 'name' not set (Packages/com.unity.services.core/Editor/Core/Unity.Services.Core.Editor.asmdef)
Required property 'name' not set (Packages/com.unity.services.core/Editor/Core/Configuration/Unity.Services.Core.Configuration.Editor.asmdef)
Required property 'name' not set (Packages/com.unity.services.core/Runtime/Analytics/Unity.Services.Core.Analytics.asmdef)
Required property 'name' not set (Packages/com.unity.services.core/Runtime/Registration/Unity.Services.Core.Registration.asmdef)
Required property 'name' not set (Packages/com.unity.services.core/Runtime/Environments/Unity.Services.Core.Environments.asmdef)
Required property 'name' not set (Packages/com.unity.services.core/Runtime/Scheduler/Unity.Services.Core.Scheduler.asmdef)
Required property 'name' not set (Packages/com.unity.services.core/Runtime/Environments/Internal/Unity.Services.Core.Environments.Internal.asmdef)
Required property 'name' not set (Packages/com.unity.collab-proxy/Editor/Collaborate/Unity.CollabProxy.Editor.asmdef)
Required property 'name' not set (Packages/com.unity.collab-proxy/Tests/Editor/Collaborate/Unity.CollabProxy.EditorTests.asmdef)
Required property 'name' not set (Packages/com.unity.services.core/Runtime/Threading/Unity.Services.Core.Threading.asmdef)
Required property 'name' not set (Packages/com.unity.collab-proxy/Tests/Editor/PlasticSCM/Unity.PlasticSCM.EditorTests.asmdef)
Required property 'name' not set (Packages/com.unity.services.core/Runtime/Device/Unity.Services.Core.Device.asmdef)
Required property 'name' not set (Packages/com.unity.services.core/Runtime/Telemetry/Unity.Services.Core.Telemetry.asmdef)
Required property 'name' not set (Packages/com.unity.services.core/Runtime/Networking/Unity.Services.Core.Networking.asmdef)
Required property 'name' not set (Packages/com.unity.services.core/Runtime/Core.Internal/Unity.Services.Core.Internal.asmdef)
Required property 'name' not set (Packages/com.unity.services.core/Runtime/Configuration/Unity.Services.Core.Configuration.asmdef)
Required property 'name' not set (Packages/com.unity.services.core/Runtime/Core/Unity.Services.Core.asmdef)
Required property 'name' not set (Packages/com.unity.services.core/Editor/Core/Unity.Services.Core.Editor.asmdef)
Required property 'name' not set (Packages/com.unity.services.core/Editor/Core/Configuration/Unity.Services.Core.Configuration.Editor.asmdef)
Required property 'name' not set (Packages/com.unity.services.core/Runtime/Analytics/Unity.Services.Core.Analytics.asmdef)
Required property 'name' not set (Packages/com.unity.services.core/Runtime/Registration/Unity.Services.Core.Registration.asmdef)
Required property 'name' not set (Packages/com.unity.services.core/Runtime/Environments/Unity.Services.Core.Environments.asmdef)
Required property 'name' not set (Packages/com.unity.services.core/Runtime/Scheduler/Unity.Services.Core.Scheduler.asmdef)
Required property 'name' not set (Packages/com.unity.services.core/Runtime/Environments/Internal/Unity.Services.Core.Environments.Internal.asmdef)
Required property 'name' not set (Packages/com.unity.collab-proxy/Editor/Collaborate/Unity.CollabProxy.Editor.asmdef)
Required property 'name' not set (Packages/com.unity.collab-proxy/Tests/Editor/Collaborate/Unity.CollabProxy.EditorTests.asmdef)
Required property 'name' not set (Packages/com.unity.services.core/Runtime/Threading/Unity.Services.Core.Threading.asmdef)
Required property 'name' not set (Packages/com.unity.collab-proxy/Tests/Editor/PlasticSCM/Unity.PlasticSCM.EditorTests.asmdef)
Required property 'name' not set (Packages/com.unity.services.core/Runtime/Device/Unity.Services.Core.Device.asmdef)
Begin MonoManager ReloadAssembly
Symbol file LoadedFromMemory doesn't match image C:\Users\a0108\OneDrive\바탕 화면\sokovan\Library\PackageCache\com.unity.visualscripting@1.8.0\Editor\VisualScripting.Core\Dependencies\YamlDotNet\Unity.VisualScripting.YamlDotNet.dll
Symbol file LoadedFromMemory doesn't match image C:\Users\a0108\OneDrive\바탕 화면\sokovan\Library\PackageCache\com.unity.visualscripting@1.8.0\Editor\VisualScripting.Core\Dependencies\DotNetZip\Unity.VisualScripting.IonicZip.dll
Native extension for WindowsStandalone target not found
Native extension for WebGL target not found
Refreshing native plugins compatible for Editor in 0.67 ms, found 3 plugins.
Preloading 0 native plugins for Editor in 0.00 ms.
Required property 'name' not set (Packages/com.unity.services.core/Runtime/Telemetry/Unity.Services.Core.Telemetry.asmdef)
Required property 'name' not set (Packages/com.unity.services.core/Runtime/Networking/Unity.Services.Core.Networking.asmdef)
Required property 'name' not set (Packages/com.unity.services.core/Runtime/Core.Internal/Unity.Services.Core.Internal.asmdef)
Required property 'name' not set (Packages/com.unity.services.core/Runtime/Configuration/Unity.Services.Core.Configuration.asmdef)
Required property 'name' not set (Packages/com.unity.services.core/Runtime/Core/Unity.Services.Core.asmdef)
Required property 'name' not set (Packages/com.unity.services.core/Editor/Core/Unity.Services.Core.Editor.asmdef)
Required property 'name' not set (Packages/com.unity.services.core/Editor/Core/Configuration/Unity.Services.Core.Configuration.Editor.asmdef)
Required property 'name' not set (Packages/com.unity.services.core/Runtime/Analytics/Unity.Services.Core.Analytics.asmdef)
Required property 'name' not set (Packages/com.unity.services.core/Runtime/Registration/Unity.Services.Core.Registration.asmdef)
Required property 'name' not set (Packages/com.unity.services.core/Runtime/Environments/Unity.Services.Core.Environments.asmdef)
Required property 'name' not set (Packages/com.unity.services.core/Runtime/Scheduler/Unity.Services.Core.Scheduler.asmdef)
Required property 'name' not set (Packages/com.unity.services.core/Runtime/Environments/Internal/Unity.Services.Core.Environments.Internal.asmdef)
Required property 'name' not set (Packages/com.unity.collab-proxy/Editor/Collaborate/Unity.CollabProxy.Editor.asmdef)
Required property 'name' not set (Packages/com.unity.collab-proxy/Tests/Editor/Collaborate/Unity.CollabProxy.EditorTests.asmdef)
Required property 'name' not set (Packages/com.unity.services.core/Runtime/Threading/Unity.Services.Core.Threading.asmdef)
Required property 'name' not set (Packages/com.unity.collab-proxy/Tests/Editor/PlasticSCM/Unity.PlasticSCM.EditorTests.asmdef)
Required property 'name' not set (Packages/com.unity.services.core/Runtime/Device/Unity.Services.Core.Device.asmdef)
Mono: successfully reloaded assembly
- Completed reload, in  1.205 seconds
Domain Reload Profiling:
	ReloadAssembly (1205ms)
		BeginReloadAssembly (200ms)
			ExecutionOrderSort (0ms)
			DisableScriptedObjects (5ms)
			BackupInstance (0ms)
			ReleaseScriptingObjects (0ms)
			CreateAndSetChildDomain (49ms)
		EndReloadAssembly (836ms)
			LoadAssemblies (209ms)
			RebuildTransferFunctionScriptingTraits (0ms)
			SetupTypeCache (271ms)
			ReleaseScriptCaches (1ms)
			RebuildScriptCaches (35ms)
			SetupLoadedEditorAssemblies (266ms)
				LogAssemblyErrors (0ms)
				InitializePlatformSupportModulesInManaged (6ms)
				SetLoadedEditorAssemblies (0ms)
				RefreshPlugins (1ms)
				BeforeProcessingInitializeOnLoad (82ms)
				ProcessInitializeOnLoadAttributes (152ms)
				ProcessInitializeOnLoadMethodAttributes (13ms)
				AfterProcessingInitializeOnLoad (12ms)
				EditorAssembliesLoaded (0ms)
			ExecutionOrderSort2 (0ms)
			AwakeInstancesAfterBackupRestoration (6ms)
Platform modules already initialized, skipping
Refreshing native plugins compatible for Editor in 2.04 ms, found 3 plugins.
Preloading 0 native plugins for Editor in 0.00 ms.
Unloading 3043 Unused Serialized files (Serialized files now loaded: 0)
Unloading 15 unused Assets / (24.6 KB). Loaded Objects now: 3641.
Memory consumption went from 116.9 MB to 116.9 MB.
Total: 2.861400 ms (FindLiveObjects: 0.193300 ms CreateObjectMapping: 0.092700 ms MarkObjects: 2.549500 ms  DeleteObjects: 0.024700 ms)

AssetImportParameters requested are different than current active one (requested -> active):
  custom:video-decoder-ogg-theora: a1e56fd34408186e4bbccfd4996cb3dc -> 
  custom:container-muxer-webm: aa71ff27fc2769a1b78a27578f13a17b -> 
  custom:container-demuxer-webm: 4f35f7cbe854078d1ac9338744f61a02 -> 
  custom:video-encoder-webm-vp8: eb34c28f22e8b96e1ab97ce403110664 -> 
  custom:video-codec-MediaFoundation-h265: 746d11721c4dcdbdad8f713fa42b33f4 -> 
  custom:audio-encoder-webm-vorbis: bf7c407c2cedff20999df2af8eb42d56 -> 
  custom:framework-win-MediaFoundation: 216162199b28c13a410421893ffa2e32 -> 
  custom:container-demuxer-ogg: 62fdf1f143b41e24485cea50d1cbac27 -> 
  custom:video-decoder-webm-vp8: 9c59270c3fd7afecdb556c50c9e8de78 -> 
  custom:audio-decoder-ogg-vorbis: bf7c407c2cedff20999df2af8eb42d56 -> 
========================================================================
Received Prepare
Registering precompiled user dll's ...
Registered in 0.012891 seconds.
Required property 'name' not set (Packages/com.unity.services.core/Runtime/Telemetry/Unity.Services.Core.Telemetry.asmdef)
Required property 'name' not set (Packages/com.unity.services.core/Runtime/Networking/Unity.Services.Core.Networking.asmdef)
Required property 'name' not set (Packages/com.unity.services.core/Runtime/Core.Internal/Unity.Services.Core.Internal.asmdef)
Required property 'name' not set (Packages/com.unity.services.core/Runtime/Configuration/Unity.Services.Core.Configuration.asmdef)
Required property 'name' not set (Packages/com.unity.services.core/Runtime/Core/Unity.Services.Core.asmdef)
Required property 'name' not set (Packages/com.unity.services.core/Editor/Core/Unity.Services.Core.Editor.asmdef)
Required property 'name' not set (Packages/com.unity.services.core/Editor/Core/Configuration/Unity.Services.Core.Configuration.Editor.asmdef)
Required property 'name' not set (Packages/com.unity.services.core/Runtime/Analytics/Unity.Services.Core.Analytics.asmdef)
Required property 'name' not set (Packages/com.unity.services.core/Runtime/Registration/Unity.Services.Core.Registration.asmdef)
Required property 'name' not set (Packages/com.unity.services.core/Runtime/Environments/Unity.Services.Core.Environments.asmdef)
Required property 'name' not set (Packages/com.unity.services.core/Runtime/Scheduler/Unity.Services.Core.Scheduler.asmdef)
Required property 'name' not set (Packages/com.unity.services.core/Runtime/Environments/Internal/Unity.Services.Core.Environments.Internal.asmdef)
Required property 'name' not set (Packages/com.unity.collab-proxy/Editor/Collaborate/Unity.CollabProxy.Editor.asmdef)
Required property 'name' not set (Packages/com.unity.collab-proxy/Tests/Editor/Collaborate/Unity.CollabProxy.EditorTests.asmdef)
Required property 'name' not set (Packages/com.unity.services.core/Runtime/Threading/Unity.Services.Core.Threading.asmdef)
Required property 'name' not set (Packages/com.unity.collab-proxy/Tests/Editor/PlasticSCM/Unity.PlasticSCM.EditorTests.asmdef)
Required property 'name' not set (Packages/com.unity.services.core/Runtime/Device/Unity.Services.Core.Device.asmdef)
Required property 'name' not set (Packages/com.unity.services.core/Runtime/Telemetry/Unity.Services.Core.Telemetry.asmdef)
Required property 'name' not set (Packages/com.unity.services.core/Runtime/Networking/Unity.Services.Core.Networking.asmdef)
Required property 'name' not set (Packages/com.unity.services.core/Runtime/Core.Internal/Unity.Services.Core.Internal.asmdef)
Required property 'name' not set (Packages/com.unity.services.core/Runtime/Configuration/Unity.Services.Core.Configuration.asmdef)
Required property 'name' not set (Packages/com.unity.services.core/Runtime/Core/Unity.Services.Core.asmdef)
Required property 'name' not set (Packages/com.unity.services.core/Editor/Core/Unity.Services.Core.Editor.asmdef)
Required property 'name' not set (Packages/com.unity.services.core/Editor/Core/Configuration/Unity.Services.Core.Configuration.Editor.asmdef)
Required property 'name' not set (Packages/com.unity.services.core/Runtime/Analytics/Unity.Services.Core.Analytics.asmdef)
Required property 'name' not set (Packages/com.unity.services.core/Runtime/Registration/Unity.Services.Core.Registration.asmdef)
Required property 'name' not set (Packages/com.unity.services.core/Runtime/Environments/Unity.Services.Core.Environments.asmdef)
Required property 'name' not set (Packages/com.unity.services.core/Runtime/Scheduler/Unity.Services.Core.Scheduler.asmdef)
Required property 'name' not set (Packages/com.unity.services.core/Runtime/Environments/Internal/Unity.Services.Core.Environments.Internal.asmdef)
Required property 'name' not set (Packages/com.unity.collab-proxy/Editor/Collaborate/Unity.CollabProxy.Editor.asmdef)
Required property 'name' not set (Packages/com.unity.collab-proxy/Tests/Editor/Collaborate/Unity.CollabProxy.EditorTests.asmdef)
Required property 'name' not set (Packages/com.unity.services.core/Runtime/Threading/Unity.Services.Core.Threading.asmdef)
Required property 'name' not set (Packages/com.unity.collab-proxy/Tests/Editor/PlasticSCM/Unity.PlasticSCM.EditorTests.asmdef)
Required property 'name' not set (Packages/com.unity.services.core/Runtime/Device/Unity.Services.Core.Device.asmdef)
Begin MonoManager ReloadAssembly
Symbol file LoadedFromMemory doesn't match image C:\Users\a0108\OneDrive\바탕 화면\sokovan\Library\PackageCache\com.unity.visualscripting@1.8.0\Editor\VisualScripting.Core\Dependencies\YamlDotNet\Unity.VisualScripting.YamlDotNet.dll
Symbol file LoadedFromMemory doesn't match image C:\Users\a0108\OneDrive\바탕 화면\sokovan\Library\PackageCache\com.unity.visualscripting@1.8.0\Editor\VisualScripting.Core\Dependencies\DotNetZip\Unity.VisualScripting.IonicZip.dll
Native extension for WindowsStandalone target not found
Native extension for WebGL target not found
Refreshing native plugins compatible for Editor in 0.61 ms, found 3 plugins.
Preloading 0 native plugins for Editor in 0.00 ms.
Required property 'name' not set (Packages/com.unity.services.core/Runtime/Telemetry/Unity.Services.Core.Telemetry.asmdef)
Required property 'name' not set (Packages/com.unity.services.core/Runtime/Networking/Unity.Services.Core.Networking.asmdef)
Required property 'name' not set (Packages/com.unity.services.core/Runtime/Core.Internal/Unity.Services.Core.Internal.asmdef)
Required property 'name' not set (Packages/com.unity.services.core/Runtime/Configuration/Unity.Services.Core.Configuration.asmdef)
Required property 'name' not set (Packages/com.unity.services.core/Runtime/Core/Unity.Services.Core.asmdef)
Required property 'name' not set (Packages/com.unity.services.core/Editor/Core/Unity.Services.Core.Editor.asmdef)
Required property 'name' not set (Packages/com.unity.services.core/Editor/Core/Configuration/Unity.Services.Core.Configuration.Editor.asmdef)
Required property 'name' not set (Packages/com.unity.services.core/Runtime/Analytics/Unity.Services.Core.Analytics.asmdef)
Required property 'name' not set (Packages/com.unity.services.core/Runtime/Registration/Unity.Services.Core.Registration.asmdef)
Required property 'name' not set (Packages/com.unity.services.core/Runtime/Environments/Unity.Services.Core.Environments.asmdef)
Required property 'name' not set (Packages/com.unity.services.core/Runtime/Scheduler/Unity.Services.Core.Scheduler.asmdef)
Required property 'name' not set (Packages/com.unity.services.core/Runtime/Environments/Internal/Unity.Services.Core.Environments.Internal.asmdef)
Required property 'name' not set (Packages/com.unity.collab-proxy/Editor/Collaborate/Unity.CollabProxy.Editor.asmdef)
Required property 'name' not set (Packages/com.unity.collab-proxy/Tests/Editor/Collaborate/Unity.CollabProxy.EditorTests.asmdef)
Required property 'name' not set (Packages/com.unity.services.core/Runtime/Threading/Unity.Services.Core.Threading.asmdef)
Required property 'name' not set (Packages/com.unity.collab-proxy/Tests/Editor/PlasticSCM/Unity.PlasticSCM.EditorTests.asmdef)
Required property 'name' not set (Packages/com.unity.services.core/Runtime/Device/Unity.Services.Core.Device.asmdef)
Mono: successfully reloaded assembly
- Completed reload, in  2.170 seconds
Domain Reload Profiling:
	ReloadAssembly (2175ms)
		BeginReloadAssembly (150ms)
			ExecutionOrderSort (0ms)
			DisableScriptedObjects (4ms)
			BackupInstance (0ms)
			ReleaseScriptingObjects (0ms)
			CreateAndSetChildDomain (24ms)
		EndReloadAssembly (1921ms)
			LoadAssemblies (120ms)
			RebuildTransferFunctionScriptingTraits (0ms)
			SetupTypeCache (491ms)
			ReleaseScriptCaches (7ms)
			RebuildScriptCaches (104ms)
			SetupLoadedEditorAssemblies (971ms)
				LogAssemblyErrors (0ms)
				InitializePlatformSupportModulesInManaged (31ms)
				SetLoadedEditorAssemblies (1ms)
				RefreshPlugins (1ms)
				BeforeProcessingInitializeOnLoad (277ms)
				ProcessInitializeOnLoadAttributes (571ms)
				ProcessInitializeOnLoadMethodAttributes (45ms)
				AfterProcessingInitializeOnLoad (45ms)
				EditorAssembliesLoaded (0ms)
			ExecutionOrderSort2 (0ms)
			AwakeInstancesAfterBackupRestoration (26ms)
Platform modules already initialized, skipping
Refreshing native plugins compatible for Editor in 12.22 ms, found 3 plugins.
Preloading 0 native plugins for Editor in 0.00 ms.
Unloading 3043 Unused Serialized files (Serialized files now loaded: 0)
Unloading 15 unused Assets / (24.6 KB). Loaded Objects now: 3644.
Memory consumption went from 117.0 MB to 116.9 MB.
Total: 9.703600 ms (FindLiveObjects: 0.259700 ms CreateObjectMapping: 0.098600 ms MarkObjects: 9.312200 ms  DeleteObjects: 0.030900 ms)

AssetImportParameters requested are different than current active one (requested -> active):
  custom:video-decoder-ogg-theora: a1e56fd34408186e4bbccfd4996cb3dc -> 
  custom:container-muxer-webm: aa71ff27fc2769a1b78a27578f13a17b -> 
  custom:container-demuxer-webm: 4f35f7cbe854078d1ac9338744f61a02 -> 
  custom:video-encoder-webm-vp8: eb34c28f22e8b96e1ab97ce403110664 -> 
  custom:video-codec-MediaFoundation-h265: 746d11721c4dcdbdad8f713fa42b33f4 -> 
  custom:audio-encoder-webm-vorbis: bf7c407c2cedff20999df2af8eb42d56 -> 
  custom:framework-win-MediaFoundation: 216162199b28c13a410421893ffa2e32 -> 
  custom:container-demuxer-ogg: 62fdf1f143b41e24485cea50d1cbac27 -> 
  custom:video-decoder-webm-vp8: 9c59270c3fd7afecdb556c50c9e8de78 -> 
  custom:audio-decoder-ogg-vorbis: bf7c407c2cedff20999df2af8eb42d56 -> 
========================================================================
Received Prepare
Registering precompiled user dll's ...
Registered in 0.009391 seconds.
Required property 'name' not set (Packages/com.unity.services.core/Runtime/Telemetry/Unity.Services.Core.Telemetry.asmdef)
Required property 'name' not set (Packages/com.unity.services.core/Runtime/Networking/Unity.Services.Core.Networking.asmdef)
Required property 'name' not set (Packages/com.unity.services.core/Runtime/Core.Internal/Unity.Services.Core.Internal.asmdef)
Required property 'name' not set (Packages/com.unity.services.core/Runtime/Configuration/Unity.Services.Core.Configuration.asmdef)
Required property 'name' not set (Packages/com.unity.services.core/Runtime/Core/Unity.Services.Core.asmdef)
Required property 'name' not set (Packages/com.unity.services.core/Editor/Core/Unity.Services.Core.Editor.asmdef)
Required property 'name' not set (Packages/com.unity.services.core/Editor/Core/Configuration/Unity.Services.Core.Configuration.Editor.asmdef)
Required property 'name' not set (Packages/com.unity.services.core/Runtime/Analytics/Unity.Services.Core.Analytics.asmdef)
Required property 'name' not set (Packages/com.unity.services.core/Runtime/Registration/Unity.Services.Core.Registration.asmdef)
Required property 'name' not set (Packages/com.unity.services.core/Runtime/Environments/Unity.Services.Core.Environments.asmdef)
Required property 'name' not set (Packages/com.unity.services.core/Runtime/Scheduler/Unity.Services.Core.Scheduler.asmdef)
Required property 'name' not set (Packages/com.unity.services.core/Runtime/Environments/Internal/Unity.Services.Core.Environments.Internal.asmdef)
Required property 'name' not set (Packages/com.unity.collab-proxy/Editor/Collaborate/Unity.CollabProxy.Editor.asmdef)
Required property 'name' not set (Packages/com.unity.collab-proxy/Tests/Editor/Collaborate/Unity.CollabProxy.EditorTests.asmdef)
Required property 'name' not set (Packages/com.unity.services.core/Runtime/Threading/Unity.Services.Core.Threading.asmdef)
Required property 'name' not set (Packages/com.unity.collab-proxy/Tests/Editor/PlasticSCM/Unity.PlasticSCM.EditorTests.asmdef)
Required property 'name' not set (Packages/com.unity.services.core/Runtime/Device/Unity.Services.Core.Device.asmdef)
Required property 'name' not set (Packages/com.unity.services.core/Runtime/Telemetry/Unity.Services.Core.Telemetry.asmdef)
Required property 'name' not set (Packages/com.unity.services.core/Runtime/Networking/Unity.Services.Core.Networking.asmdef)
Required property 'name' not set (Packages/com.unity.services.core/Runtime/Core.Internal/Unity.Services.Core.Internal.asmdef)
Required property 'name' not set (Packages/com.unity.services.core/Runtime/Configuration/Unity.Services.Core.Configuration.asmdef)
Required property 'name' not set (Packages/com.unity.services.core/Runtime/Core/Unity.Services.Core.asmdef)
Required property 'name' not set (Packages/com.unity.services.core/Editor/Core/Unity.Services.Core.Editor.asmdef)
Required property 'name' not set (Packages/com.unity.services.core/Editor/Core/Configuration/Unity.Services.Core.Configuration.Editor.asmdef)
Required property 'name' not set (Packages/com.unity.services.core/Runtime/Analytics/Unity.Services.Core.Analytics.asmdef)
Required property 'name' not set (Packages/com.unity.services.core/Runtime/Registration/Unity.Services.Core.Registration.asmdef)
Required property 'name' not set (Packages/com.unity.services.core/Runtime/Environments/Unity.Services.Core.Environments.asmdef)
Required property 'name' not set (Packages/com.unity.services.core/Runtime/Scheduler/Unity.Services.Core.Scheduler.asmdef)
Required property 'name' not set (Packages/com.unity.services.core/Runtime/Environments/Internal/Unity.Services.Core.Environments.Internal.asmdef)
Required property 'name' not set (Packages/com.unity.collab-proxy/Editor/Collaborate/Unity.CollabProxy.Editor.asmdef)
Required property 'name' not set (Packages/com.unity.collab-proxy/Tests/Editor/Collaborate/Unity.CollabProxy.EditorTests.asmdef)
Required property 'name' not set (Packages/com.unity.services.core/Runtime/Threading/Unity.Services.Core.Threading.asmdef)
Required property 'name' not set (Packages/com.unity.collab-proxy/Tests/Editor/PlasticSCM/Unity.PlasticSCM.EditorTests.asmdef)
Required property 'name' not set (Packages/com.unity.services.core/Runtime/Device/Unity.Services.Core.Device.asmdef)
Begin MonoManager ReloadAssembly
Symbol file LoadedFromMemory doesn't match image C:\Users\a0108\OneDrive\바탕 화면\sokovan\Library\PackageCache\com.unity.visualscripting@1.8.0\Editor\VisualScripting.Core\Dependencies\YamlDotNet\Unity.VisualScripting.YamlDotNet.dll
Symbol file LoadedFromMemory doesn't match image C:\Users\a0108\OneDrive\바탕 화면\sokovan\Library\PackageCache\com.unity.visualscripting@1.8.0\Editor\VisualScripting.Core\Dependencies\DotNetZip\Unity.VisualScripting.IonicZip.dll
Native extension for WindowsStandalone target not found
Native extension for WebGL target not found
Refreshing native plugins compatible for Editor in 0.80 ms, found 3 plugins.
Preloading 0 native plugins for Editor in 0.00 ms.
Required property 'name' not set (Packages/com.unity.services.core/Runtime/Telemetry/Unity.Services.Core.Telemetry.asmdef)
Required property 'name' not set (Packages/com.unity.services.core/Runtime/Networking/Unity.Services.Core.Networking.asmdef)
Required property 'name' not set (Packages/com.unity.services.core/Runtime/Core.Internal/Unity.Services.Core.Internal.asmdef)
Required property 'name' not set (Packages/com.unity.services.core/Runtime/Configuration/Unity.Services.Core.Configuration.asmdef)
Required property 'name' not set (Packages/com.unity.services.core/Runtime/Core/Unity.Services.Core.asmdef)
Required property 'name' not set (Packages/com.unity.services.core/Editor/Core/Unity.Services.Core.Editor.asmdef)
Required property 'name' not set (Packages/com.unity.services.core/Editor/Core/Configuration/Unity.Services.Core.Configuration.Editor.asmdef)
Required property 'name' not set (Packages/com.unity.services.core/Runtime/Analytics/Unity.Services.Core.Analytics.asmdef)
Required property 'name' not set (Packages/com.unity.services.core/Runtime/Registration/Unity.Services.Core.Registration.asmdef)
Required property 'name' not set (Packages/com.unity.services.core/Runtime/Environments/Unity.Services.Core.Environments.asmdef)
Required property 'name' not set (Packages/com.unity.services.core/Runtime/Scheduler/Unity.Services.Core.Scheduler.asmdef)
Required property 'name' not set (Packages/com.unity.services.core/Runtime/Environments/Internal/Unity.Services.Core.Environments.Internal.asmdef)
Required property 'name' not set (Packages/com.unity.collab-proxy/Editor/Collaborate/Unity.CollabProxy.Editor.asmdef)
Required property 'name' not set (Packages/com.unity.collab-proxy/Tests/Editor/Collaborate/Unity.CollabProxy.EditorTests.asmdef)
Required property 'name' not set (Packages/com.unity.services.core/Runtime/Threading/Unity.Services.Core.Threading.asmdef)
Required property 'name' not set (Packages/com.unity.collab-proxy/Tests/Editor/PlasticSCM/Unity.PlasticSCM.EditorTests.asmdef)
Required property 'name' not set (Packages/com.unity.services.core/Runtime/Device/Unity.Services.Core.Device.asmdef)
Mono: successfully reloaded assembly
- Completed reload, in  2.923 seconds
Domain Reload Profiling:
	ReloadAssembly (2924ms)
		BeginReloadAssembly (167ms)
			ExecutionOrderSort (0ms)
			DisableScriptedObjects (4ms)
			BackupInstance (0ms)
			ReleaseScriptingObjects (0ms)
			CreateAndSetChildDomain (25ms)
		EndReloadAssembly (2516ms)
			LoadAssemblies (212ms)
			RebuildTransferFunctionScriptingTraits (0ms)
			SetupTypeCache (671ms)
			ReleaseScriptCaches (2ms)
			RebuildScriptCaches (102ms)
			SetupLoadedEditorAssemblies (1275ms)
				LogAssemblyErrors (0ms)
				InitializePlatformSupportModulesInManaged (36ms)
				SetLoadedEditorAssemblies (1ms)
				RefreshPlugins (1ms)
				BeforeProcessingInitializeOnLoad (377ms)
				ProcessInitializeOnLoadAttributes (742ms)
				ProcessInitializeOnLoadMethodAttributes (64ms)
				AfterProcessingInitializeOnLoad (52ms)
				EditorAssembliesLoaded (0ms)
			ExecutionOrderSort2 (0ms)
			AwakeInstancesAfterBackupRestoration (22ms)
Platform modules already initialized, skipping
Refreshing native plugins compatible for Editor in 3.34 ms, found 3 plugins.
Preloading 0 native plugins for Editor in 0.00 ms.
Unloading 3043 Unused Serialized files (Serialized files now loaded: 0)
Unloading 15 unused Assets / (24.7 KB). Loaded Objects now: 3647.
Memory consumption went from 117.0 MB to 116.9 MB.
Total: 6.924500 ms (FindLiveObjects: 0.356600 ms CreateObjectMapping: 0.212600 ms MarkObjects: 6.317400 ms  DeleteObjects: 0.035800 ms)

AssetImportParameters requested are different than current active one (requested -> active):
  custom:video-decoder-ogg-theora: a1e56fd34408186e4bbccfd4996cb3dc -> 
  custom:container-muxer-webm: aa71ff27fc2769a1b78a27578f13a17b -> 
  custom:container-demuxer-webm: 4f35f7cbe854078d1ac9338744f61a02 -> 
  custom:video-encoder-webm-vp8: eb34c28f22e8b96e1ab97ce403110664 -> 
  custom:video-codec-MediaFoundation-h265: 746d11721c4dcdbdad8f713fa42b33f4 -> 
  custom:audio-encoder-webm-vorbis: bf7c407c2cedff20999df2af8eb42d56 -> 
  custom:framework-win-MediaFoundation: 216162199b28c13a410421893ffa2e32 -> 
  custom:container-demuxer-ogg: 62fdf1f143b41e24485cea50d1cbac27 -> 
  custom:video-decoder-webm-vp8: 9c59270c3fd7afecdb556c50c9e8de78 -> 
  custom:audio-decoder-ogg-vorbis: bf7c407c2cedff20999df2af8eb42d56 -> 
========================================================================
Received Prepare
Registering precompiled user dll's ...
Registered in 0.020099 seconds.
Required property 'name' not set (Packages/com.unity.services.core/Runtime/Telemetry/Unity.Services.Core.Telemetry.asmdef)
Required property 'name' not set (Packages/com.unity.services.core/Runtime/Networking/Unity.Services.Core.Networking.asmdef)
Required property 'name' not set (Packages/com.unity.services.core/Runtime/Core.Internal/Unity.Services.Core.Internal.asmdef)
Required property 'name' not set (Packages/com.unity.services.core/Runtime/Configuration/Unity.Services.Core.Configuration.asmdef)
Required property 'name' not set (Packages/com.unity.services.core/Runtime/Core/Unity.Services.Core.asmdef)
Required property 'name' not set (Packages/com.unity.services.core/Editor/Core/Unity.Services.Core.Editor.asmdef)
Required property 'name' not set (Packages/com.unity.services.core/Editor/Core/Configuration/Unity.Services.Core.Configuration.Editor.asmdef)
Required property 'name' not set (Packages/com.unity.services.core/Runtime/Analytics/Unity.Services.Core.Analytics.asmdef)
Required property 'name' not set (Packages/com.unity.services.core/Runtime/Registration/Unity.Services.Core.Registration.asmdef)
Required property 'name' not set (Packages/com.unity.services.core/Runtime/Environments/Unity.Services.Core.Environments.asmdef)
Required property 'name' not set (Packages/com.unity.services.core/Runtime/Scheduler/Unity.Services.Core.Scheduler.asmdef)
Required property 'name' not set (Packages/com.unity.services.core/Runtime/Environments/Internal/Unity.Services.Core.Environments.Internal.asmdef)
Required property 'name' not set (Packages/com.unity.collab-proxy/Editor/Collaborate/Unity.CollabProxy.Editor.asmdef)
Required property 'name' not set (Packages/com.unity.collab-proxy/Tests/Editor/Collaborate/Unity.CollabProxy.EditorTests.asmdef)
Required property 'name' not set (Packages/com.unity.services.core/Runtime/Threading/Unity.Services.Core.Threading.asmdef)
Required property 'name' not set (Packages/com.unity.collab-proxy/Tests/Editor/PlasticSCM/Unity.PlasticSCM.EditorTests.asmdef)
Required property 'name' not set (Packages/com.unity.services.core/Runtime/Device/Unity.Services.Core.Device.asmdef)
Required property 'name' not set (Packages/com.unity.services.core/Runtime/Telemetry/Unity.Services.Core.Telemetry.asmdef)
Required property 'name' not set (Packages/com.unity.services.core/Runtime/Networking/Unity.Services.Core.Networking.asmdef)
Required property 'name' not set (Packages/com.unity.services.core/Runtime/Core.Internal/Unity.Services.Core.Internal.asmdef)
Required property 'name' not set (Packages/com.unity.services.core/Runtime/Configuration/Unity.Services.Core.Configuration.asmdef)
Required property 'name' not set (Packages/com.unity.services.core/Runtime/Core/Unity.Services.Core.asmdef)
Required property 'name' not set (Packages/com.unity.services.core/Editor/Core/Unity.Services.Core.Editor.asmdef)
Required property 'name' not set (Packages/com.unity.services.core/Editor/Core/Configuration/Unity.Services.Core.Configuration.Editor.asmdef)
Required property 'name' not set (Packages/com.unity.services.core/Runtime/Analytics/Unity.Services.Core.Analytics.asmdef)
Required property 'name' not set (Packages/com.unity.services.core/Runtime/Registration/Unity.Services.Core.Registration.asmdef)
Required property 'name' not set (Packages/com.unity.services.core/Runtime/Environments/Unity.Services.Core.Environments.asmdef)
Required property 'name' not set (Packages/com.unity.services.core/Runtime/Scheduler/Unity.Services.Core.Scheduler.asmdef)
Required property 'name' not set (Packages/com.unity.services.core/Runtime/Environments/Internal/Unity.Services.Core.Environments.Internal.asmdef)
Required property 'name' not set (Packages/com.unity.collab-proxy/Editor/Collaborate/Unity.CollabProxy.Editor.asmdef)
Required property 'name' not set (Packages/com.unity.collab-proxy/Tests/Editor/Collaborate/Unity.CollabProxy.EditorTests.asmdef)
Required property 'name' not set (Packages/com.unity.services.core/Runtime/Threading/Unity.Services.Core.Threading.asmdef)
Required property 'name' not set (Packages/com.unity.collab-proxy/Tests/Editor/PlasticSCM/Unity.PlasticSCM.EditorTests.asmdef)
Required property 'name' not set (Packages/com.unity.services.core/Runtime/Device/Unity.Services.Core.Device.asmdef)
Begin MonoManager ReloadAssembly
Symbol file LoadedFromMemory doesn't match image C:\Users\a0108\OneDrive\바탕 화면\sokovan\Library\PackageCache\com.unity.visualscripting@1.8.0\Editor\VisualScripting.Core\Dependencies\YamlDotNet\Unity.VisualScripting.YamlDotNet.dll
Symbol file LoadedFromMemory doesn't match image C:\Users\a0108\OneDrive\바탕 화면\sokovan\Library\PackageCache\com.unity.visualscripting@1.8.0\Editor\VisualScripting.Core\Dependencies\DotNetZip\Unity.VisualScripting.IonicZip.dll
Native extension for WindowsStandalone target not found
Native extension for WebGL target not found
Refreshing native plugins compatible for Editor in 0.38 ms, found 3 plugins.
Preloading 0 native plugins for Editor in 0.00 ms.
Required property 'name' not set (Packages/com.unity.services.core/Runtime/Telemetry/Unity.Services.Core.Telemetry.asmdef)
Required property 'name' not set (Packages/com.unity.services.core/Runtime/Networking/Unity.Services.Core.Networking.asmdef)
Required property 'name' not set (Packages/com.unity.services.core/Runtime/Core.Internal/Unity.Services.Core.Internal.asmdef)
Required property 'name' not set (Packages/com.unity.services.core/Runtime/Configuration/Unity.Services.Core.Configuration.asmdef)
Required property 'name' not set (Packages/com.unity.services.core/Runtime/Core/Unity.Services.Core.asmdef)
Required property 'name' not set (Packages/com.unity.services.core/Editor/Core/Unity.Services.Core.Editor.asmdef)
Required property 'name' not set (Packages/com.unity.services.core/Editor/Core/Configuration/Unity.Services.Core.Configuration.Editor.asmdef)
Required property 'name' not set (Packages/com.unity.services.core/Runtime/Analytics/Unity.Services.Core.Analytics.asmdef)
Required property 'name' not set (Packages/com.unity.services.core/Runtime/Registration/Unity.Services.Core.Registration.asmdef)
Required property 'name' not set (Packages/com.unity.services.core/Runtime/Environments/Unity.Services.Core.Environments.asmdef)
Required property 'name' not set (Packages/com.unity.services.core/Runtime/Scheduler/Unity.Services.Core.Scheduler.asmdef)
Required property 'name' not set (Packages/com.unity.services.core/Runtime/Environments/Internal/Unity.Services.Core.Environments.Internal.asmdef)
Required property 'name' not set (Packages/com.unity.collab-proxy/Editor/Collaborate/Unity.CollabProxy.Editor.asmdef)
Required property 'name' not set (Packages/com.unity.collab-proxy/Tests/Editor/Collaborate/Unity.CollabProxy.EditorTests.asmdef)
Required property 'name' not set (Packages/com.unity.services.core/Runtime/Threading/Unity.Services.Core.Threading.asmdef)
Required property 'name' not set (Packages/com.unity.collab-proxy/Tests/Editor/PlasticSCM/Unity.PlasticSCM.EditorTests.asmdef)
Required property 'name' not set (Packages/com.unity.services.core/Runtime/Device/Unity.Services.Core.Device.asmdef)
Mono: successfully reloaded assembly
- Completed reload, in  0.803 seconds
Domain Reload Profiling:
	ReloadAssembly (804ms)
		BeginReloadAssembly (141ms)
			ExecutionOrderSort (0ms)
			DisableScriptedObjects (4ms)
			BackupInstance (0ms)
			ReleaseScriptingObjects (0ms)
			CreateAndSetChildDomain (25ms)
		EndReloadAssembly (581ms)
			LoadAssemblies (107ms)
			RebuildTransferFunctionScriptingTraits (0ms)
			SetupTypeCache (184ms)
			ReleaseScriptCaches (1ms)
			RebuildScriptCaches (29ms)
			SetupLoadedEditorAssemblies (254ms)
				LogAssemblyErrors (0ms)
				InitializePlatformSupportModulesInManaged (7ms)
				SetLoadedEditorAssemblies (0ms)
				RefreshPlugins (0ms)
				BeforeProcessingInitializeOnLoad (76ms)
				ProcessInitializeOnLoadAttributes (145ms)
				ProcessInitializeOnLoadMethodAttributes (13ms)
				AfterProcessingInitializeOnLoad (12ms)
				EditorAssembliesLoaded (0ms)
			ExecutionOrderSort2 (0ms)
			AwakeInstancesAfterBackupRestoration (6ms)
Platform modules already initialized, skipping
Refreshing native plugins compatible for Editor in 1.68 ms, found 3 plugins.
Preloading 0 native plugins for Editor in 0.00 ms.
Unloading 3043 Unused Serialized files (Serialized files now loaded: 0)
Unloading 15 unused Assets / (24.6 KB). Loaded Objects now: 3650.
Memory consumption went from 117.0 MB to 116.9 MB.
Total: 2.363600 ms (FindLiveObjects: 0.168700 ms CreateObjectMapping: 0.070900 ms MarkObjects: 2.101700 ms  DeleteObjects: 0.021000 ms)

AssetImportParameters requested are different than current active one (requested -> active):
  custom:video-decoder-ogg-theora: a1e56fd34408186e4bbccfd4996cb3dc -> 
  custom:container-muxer-webm: aa71ff27fc2769a1b78a27578f13a17b -> 
  custom:container-demuxer-webm: 4f35f7cbe854078d1ac9338744f61a02 -> 
  custom:video-encoder-webm-vp8: eb34c28f22e8b96e1ab97ce403110664 -> 
  custom:video-codec-MediaFoundation-h265: 746d11721c4dcdbdad8f713fa42b33f4 -> 
  custom:audio-encoder-webm-vorbis: bf7c407c2cedff20999df2af8eb42d56 -> 
  custom:framework-win-MediaFoundation: 216162199b28c13a410421893ffa2e32 -> 
  custom:container-demuxer-ogg: 62fdf1f143b41e24485cea50d1cbac27 -> 
  custom:video-decoder-webm-vp8: 9c59270c3fd7afecdb556c50c9e8de78 -> 
  custom:audio-decoder-ogg-vorbis: bf7c407c2cedff20999df2af8eb42d56 -> 
========================================================================
Received Prepare
Registering precompiled user dll's ...
Registered in 0.025800 seconds.
Required property 'name' not set (Packages/com.unity.services.core/Runtime/Telemetry/Unity.Services.Core.Telemetry.asmdef)
Required property 'name' not set (Packages/com.unity.services.core/Runtime/Networking/Unity.Services.Core.Networking.asmdef)
Required property 'name' not set (Packages/com.unity.services.core/Runtime/Core.Internal/Unity.Services.Core.Internal.asmdef)
Required property 'name' not set (Packages/com.unity.services.core/Runtime/Configuration/Unity.Services.Core.Configuration.asmdef)
Required property 'name' not set (Packages/com.unity.services.core/Runtime/Core/Unity.Services.Core.asmdef)
Required property 'name' not set (Packages/com.unity.services.core/Editor/Core/Unity.Services.Core.Editor.asmdef)
Required property 'name' not set (Packages/com.unity.services.core/Editor/Core/Configuration/Unity.Services.Core.Configuration.Editor.asmdef)
Required property 'name' not set (Packages/com.unity.services.core/Runtime/Analytics/Unity.Services.Core.Analytics.asmdef)
Required property 'name' not set (Packages/com.unity.services.core/Runtime/Registration/Unity.Services.Core.Registration.asmdef)
Required property 'name' not set (Packages/com.unity.services.core/Runtime/Environments/Unity.Services.Core.Environments.asmdef)
Required property 'name' not set (Packages/com.unity.services.core/Runtime/Scheduler/Unity.Services.Core.Scheduler.asmdef)
Required property 'name' not set (Packages/com.unity.services.core/Runtime/Environments/Internal/Unity.Services.Core.Environments.Internal.asmdef)
Required property 'name' not set (Packages/com.unity.collab-proxy/Editor/Collaborate/Unity.CollabProxy.Editor.asmdef)
Required property 'name' not set (Packages/com.unity.collab-proxy/Tests/Editor/Collaborate/Unity.CollabProxy.EditorTests.asmdef)
Required property 'name' not set (Packages/com.unity.services.core/Runtime/Threading/Unity.Services.Core.Threading.asmdef)
Required property 'name' not set (Packages/com.unity.collab-proxy/Tests/Editor/PlasticSCM/Unity.PlasticSCM.EditorTests.asmdef)
Required property 'name' not set (Packages/com.unity.services.core/Runtime/Device/Unity.Services.Core.Device.asmdef)
Required property 'name' not set (Packages/com.unity.services.core/Runtime/Telemetry/Unity.Services.Core.Telemetry.asmdef)
Required property 'name' not set (Packages/com.unity.services.core/Runtime/Networking/Unity.Services.Core.Networking.asmdef)
Required property 'name' not set (Packages/com.unity.services.core/Runtime/Core.Internal/Unity.Services.Core.Internal.asmdef)
Required property 'name' not set (Packages/com.unity.services.core/Runtime/Configuration/Unity.Services.Core.Configuration.asmdef)
Required property 'name' not set (Packages/com.unity.services.core/Runtime/Core/Unity.Services.Core.asmdef)
Required property 'name' not set (Packages/com.unity.services.core/Editor/Core/Unity.Services.Core.Editor.asmdef)
Required property 'name' not set (Packages/com.unity.services.core/Editor/Core/Configuration/Unity.Services.Core.Configuration.Editor.asmdef)
Required property 'name' not set (Packages/com.unity.services.core/Runtime/Analytics/Unity.Services.Core.Analytics.asmdef)
Required property 'name' not set (Packages/com.unity.services.core/Runtime/Registration/Unity.Services.Core.Registration.asmdef)
Required property 'name' not set (Packages/com.unity.services.core/Runtime/Environments/Unity.Services.Core.Environments.asmdef)
Required property 'name' not set (Packages/com.unity.services.core/Runtime/Scheduler/Unity.Services.Core.Scheduler.asmdef)
Required property 'name' not set (Packages/com.unity.services.core/Runtime/Environments/Internal/Unity.Services.Core.Environments.Internal.asmdef)
Required property 'name' not set (Packages/com.unity.collab-proxy/Editor/Collaborate/Unity.CollabProxy.Editor.asmdef)
Required property 'name' not set (Packages/com.unity.collab-proxy/Tests/Editor/Collaborate/Unity.CollabProxy.EditorTests.asmdef)
Required property 'name' not set (Packages/com.unity.services.core/Runtime/Threading/Unity.Services.Core.Threading.asmdef)
Required property 'name' not set (Packages/com.unity.collab-proxy/Tests/Editor/PlasticSCM/Unity.PlasticSCM.EditorTests.asmdef)
Required property 'name' not set (Packages/com.unity.services.core/Runtime/Device/Unity.Services.Core.Device.asmdef)
Begin MonoManager ReloadAssembly
Symbol file LoadedFromMemory doesn't match image C:\Users\a0108\OneDrive\바탕 화면\sokovan\Library\PackageCache\com.unity.visualscripting@1.8.0\Editor\VisualScripting.Core\Dependencies\YamlDotNet\Unity.VisualScripting.YamlDotNet.dll
Symbol file LoadedFromMemory doesn't match image C:\Users\a0108\OneDrive\바탕 화면\sokovan\Library\PackageCache\com.unity.visualscripting@1.8.0\Editor\VisualScripting.Core\Dependencies\DotNetZip\Unity.VisualScripting.IonicZip.dll
Native extension for WindowsStandalone target not found
Native extension for WebGL target not found
Refreshing native plugins compatible for Editor in 0.41 ms, found 3 plugins.
Preloading 0 native plugins for Editor in 0.00 ms.
Required property 'name' not set (Packages/com.unity.services.core/Runtime/Telemetry/Unity.Services.Core.Telemetry.asmdef)
Required property 'name' not set (Packages/com.unity.services.core/Runtime/Networking/Unity.Services.Core.Networking.asmdef)
Required property 'name' not set (Packages/com.unity.services.core/Runtime/Core.Internal/Unity.Services.Core.Internal.asmdef)
Required property 'name' not set (Packages/com.unity.services.core/Runtime/Configuration/Unity.Services.Core.Configuration.asmdef)
Required property 'name' not set (Packages/com.unity.services.core/Runtime/Core/Unity.Services.Core.asmdef)
Required property 'name' not set (Packages/com.unity.services.core/Editor/Core/Unity.Services.Core.Editor.asmdef)
Required property 'name' not set (Packages/com.unity.services.core/Editor/Core/Configuration/Unity.Services.Core.Configuration.Editor.asmdef)
Required property 'name' not set (Packages/com.unity.services.core/Runtime/Analytics/Unity.Services.Core.Analytics.asmdef)
Required property 'name' not set (Packages/com.unity.services.core/Runtime/Registration/Unity.Services.Core.Registration.asmdef)
Required property 'name' not set (Packages/com.unity.services.core/Runtime/Environments/Unity.Services.Core.Environments.asmdef)
Required property 'name' not set (Packages/com.unity.services.core/Runtime/Scheduler/Unity.Services.Core.Scheduler.asmdef)
Required property 'name' not set (Packages/com.unity.services.core/Runtime/Environments/Internal/Unity.Services.Core.Environments.Internal.asmdef)
Required property 'name' not set (Packages/com.unity.collab-proxy/Editor/Collaborate/Unity.CollabProxy.Editor.asmdef)
Required property 'name' not set (Packages/com.unity.collab-proxy/Tests/Editor/Collaborate/Unity.CollabProxy.EditorTests.asmdef)
Required property 'name' not set (Packages/com.unity.services.core/Runtime/Threading/Unity.Services.Core.Threading.asmdef)
Required property 'name' not set (Packages/com.unity.collab-proxy/Tests/Editor/PlasticSCM/Unity.PlasticSCM.EditorTests.asmdef)
Required property 'name' not set (Packages/com.unity.services.core/Runtime/Device/Unity.Services.Core.Device.asmdef)
Mono: successfully reloaded assembly
- Completed reload, in  0.904 seconds
Domain Reload Profiling:
	ReloadAssembly (905ms)
		BeginReloadAssembly (228ms)
			ExecutionOrderSort (0ms)
			DisableScriptedObjects (10ms)
			BackupInstance (0ms)
			ReleaseScriptingObjects (0ms)
			CreateAndSetChildDomain (43ms)
		EndReloadAssembly (588ms)
			LoadAssemblies (136ms)
			RebuildTransferFunctionScriptingTraits (0ms)
			SetupTypeCache (182ms)
			ReleaseScriptCaches (2ms)
			RebuildScriptCaches (31ms)
			SetupLoadedEditorAssemblies (260ms)
				LogAssemblyErrors (0ms)
				InitializePlatformSupportModulesInManaged (6ms)
				SetLoadedEditorAssemblies (0ms)
				RefreshPlugins (0ms)
				BeforeProcessingInitializeOnLoad (76ms)
				ProcessInitializeOnLoadAttributes (151ms)
				ProcessInitializeOnLoadMethodAttributes (13ms)
				AfterProcessingInitializeOnLoad (13ms)
				EditorAssembliesLoaded (0ms)
			ExecutionOrderSort2 (0ms)
			AwakeInstancesAfterBackupRestoration (7ms)
Platform modules already initialized, skipping
Refreshing native plugins compatible for Editor in 2.56 ms, found 3 plugins.
Preloading 0 native plugins for Editor in 0.00 ms.
Unloading 3043 Unused Serialized files (Serialized files now loaded: 0)
Unloading 15 unused Assets / (24.7 KB). Loaded Objects now: 3653.
Memory consumption went from 117.0 MB to 117.0 MB.
Total: 2.251000 ms (FindLiveObjects: 0.169200 ms CreateObjectMapping: 0.072700 ms MarkObjects: 1.987400 ms  DeleteObjects: 0.020700 ms)

AssetImportParameters requested are different than current active one (requested -> active):
  custom:video-decoder-ogg-theora: a1e56fd34408186e4bbccfd4996cb3dc -> 
  custom:container-muxer-webm: aa71ff27fc2769a1b78a27578f13a17b -> 
  custom:container-demuxer-webm: 4f35f7cbe854078d1ac9338744f61a02 -> 
  custom:video-encoder-webm-vp8: eb34c28f22e8b96e1ab97ce403110664 -> 
  custom:video-codec-MediaFoundation-h265: 746d11721c4dcdbdad8f713fa42b33f4 -> 
  custom:audio-encoder-webm-vorbis: bf7c407c2cedff20999df2af8eb42d56 -> 
  custom:framework-win-MediaFoundation: 216162199b28c13a410421893ffa2e32 -> 
  custom:container-demuxer-ogg: 62fdf1f143b41e24485cea50d1cbac27 -> 
  custom:video-decoder-webm-vp8: 9c59270c3fd7afecdb556c50c9e8de78 -> 
  custom:audio-decoder-ogg-vorbis: bf7c407c2cedff20999df2af8eb42d56 -> 
========================================================================
Received Prepare
Registering precompiled user dll's ...
Registered in 0.010682 seconds.
Required property 'name' not set (Packages/com.unity.services.core/Runtime/Telemetry/Unity.Services.Core.Telemetry.asmdef)
Required property 'name' not set (Packages/com.unity.services.core/Runtime/Networking/Unity.Services.Core.Networking.asmdef)
Required property 'name' not set (Packages/com.unity.services.core/Runtime/Core.Internal/Unity.Services.Core.Internal.asmdef)
Required property 'name' not set (Packages/com.unity.services.core/Runtime/Configuration/Unity.Services.Core.Configuration.asmdef)
Required property 'name' not set (Packages/com.unity.services.core/Runtime/Core/Unity.Services.Core.asmdef)
Required property 'name' not set (Packages/com.unity.services.core/Editor/Core/Unity.Services.Core.Editor.asmdef)
Required property 'name' not set (Packages/com.unity.services.core/Editor/Core/Configuration/Unity.Services.Core.Configuration.Editor.asmdef)
Required property 'name' not set (Packages/com.unity.services.core/Runtime/Analytics/Unity.Services.Core.Analytics.asmdef)
Required property 'name' not set (Packages/com.unity.services.core/Runtime/Registration/Unity.Services.Core.Registration.asmdef)
Required property 'name' not set (Packages/com.unity.services.core/Runtime/Environments/Unity.Services.Core.Environments.asmdef)
Required property 'name' not set (Packages/com.unity.services.core/Runtime/Scheduler/Unity.Services.Core.Scheduler.asmdef)
Required property 'name' not set (Packages/com.unity.services.core/Runtime/Environments/Internal/Unity.Services.Core.Environments.Internal.asmdef)
Required property 'name' not set (Packages/com.unity.collab-proxy/Editor/Collaborate/Unity.CollabProxy.Editor.asmdef)
Required property 'name' not set (Packages/com.unity.collab-proxy/Tests/Editor/Collaborate/Unity.CollabProxy.EditorTests.asmdef)
Required property 'name' not set (Packages/com.unity.services.core/Runtime/Threading/Unity.Services.Core.Threading.asmdef)
Required property 'name' not set (Packages/com.unity.collab-proxy/Tests/Editor/PlasticSCM/Unity.PlasticSCM.EditorTests.asmdef)
Required property 'name' not set (Packages/com.unity.services.core/Runtime/Device/Unity.Services.Core.Device.asmdef)
Required property 'name' not set (Packages/com.unity.services.core/Runtime/Telemetry/Unity.Services.Core.Telemetry.asmdef)
Required property 'name' not set (Packages/com.unity.services.core/Runtime/Networking/Unity.Services.Core.Networking.asmdef)
Required property 'name' not set (Packages/com.unity.services.core/Runtime/Core.Internal/Unity.Services.Core.Internal.asmdef)
Required property 'name' not set (Packages/com.unity.services.core/Runtime/Configuration/Unity.Services.Core.Configuration.asmdef)
Required property 'name' not set (Packages/com.unity.services.core/Runtime/Core/Unity.Services.Core.asmdef)
Required property 'name' not set (Packages/com.unity.services.core/Editor/Core/Unity.Services.Core.Editor.asmdef)
Required property 'name' not set (Packages/com.unity.services.core/Editor/Core/Configuration/Unity.Services.Core.Configuration.Editor.asmdef)
Required property 'name' not set (Packages/com.unity.services.core/Runtime/Analytics/Unity.Services.Core.Analytics.asmdef)
Required property 'name' not set (Packages/com.unity.services.core/Runtime/Registration/Unity.Services.Core.Registration.asmdef)
Required property 'name' not set (Packages/com.unity.services.core/Runtime/Environments/Unity.Services.Core.Environments.asmdef)
Required property 'name' not set (Packages/com.unity.services.core/Runtime/Scheduler/Unity.Services.Core.Scheduler.asmdef)
Required property 'name' not set (Packages/com.unity.services.core/Runtime/Environments/Internal/Unity.Services.Core.Environments.Internal.asmdef)
Required property 'name' not set (Packages/com.unity.collab-proxy/Editor/Collaborate/Unity.CollabProxy.Editor.asmdef)
Required property 'name' not set (Packages/com.unity.collab-proxy/Tests/Editor/Collaborate/Unity.CollabProxy.EditorTests.asmdef)
Required property 'name' not set (Packages/com.unity.services.core/Runtime/Threading/Unity.Services.Core.Threading.asmdef)
Required property 'name' not set (Packages/com.unity.collab-proxy/Tests/Editor/PlasticSCM/Unity.PlasticSCM.EditorTests.asmdef)
Required property 'name' not set (Packages/com.unity.services.core/Runtime/Device/Unity.Services.Core.Device.asmdef)
Begin MonoManager ReloadAssembly
Symbol file LoadedFromMemory doesn't match image C:\Users\a0108\OneDrive\바탕 화면\sokovan\Library\PackageCache\com.unity.visualscripting@1.8.0\Editor\VisualScripting.Core\Dependencies\YamlDotNet\Unity.VisualScripting.YamlDotNet.dll
Symbol file LoadedFromMemory doesn't match image C:\Users\a0108\OneDrive\바탕 화면\sokovan\Library\PackageCache\com.unity.visualscripting@1.8.0\Editor\VisualScripting.Core\Dependencies\DotNetZip\Unity.VisualScripting.IonicZip.dll
Native extension for WindowsStandalone target not found
Native extension for WebGL target not found
Refreshing native plugins compatible for Editor in 0.63 ms, found 3 plugins.
Preloading 0 native plugins for Editor in 0.00 ms.
Required property 'name' not set (Packages/com.unity.services.core/Runtime/Telemetry/Unity.Services.Core.Telemetry.asmdef)
Required property 'name' not set (Packages/com.unity.services.core/Runtime/Networking/Unity.Services.Core.Networking.asmdef)
Required property 'name' not set (Packages/com.unity.services.core/Runtime/Core.Internal/Unity.Services.Core.Internal.asmdef)
Required property 'name' not set (Packages/com.unity.services.core/Runtime/Configuration/Unity.Services.Core.Configuration.asmdef)
Required property 'name' not set (Packages/com.unity.services.core/Runtime/Core/Unity.Services.Core.asmdef)
Required property 'name' not set (Packages/com.unity.services.core/Editor/Core/Unity.Services.Core.Editor.asmdef)
Required property 'name' not set (Packages/com.unity.services.core/Editor/Core/Configuration/Unity.Services.Core.Configuration.Editor.asmdef)
Required property 'name' not set (Packages/com.unity.services.core/Runtime/Analytics/Unity.Services.Core.Analytics.asmdef)
Required property 'name' not set (Packages/com.unity.services.core/Runtime/Registration/Unity.Services.Core.Registration.asmdef)
Required property 'name' not set (Packages/com.unity.services.core/Runtime/Environments/Unity.Services.Core.Environments.asmdef)
Required property 'name' not set (Packages/com.unity.services.core/Runtime/Scheduler/Unity.Services.Core.Scheduler.asmdef)
Required property 'name' not set (Packages/com.unity.services.core/Runtime/Environments/Internal/Unity.Services.Core.Environments.Internal.asmdef)
Required property 'name' not set (Packages/com.unity.collab-proxy/Editor/Collaborate/Unity.CollabProxy.Editor.asmdef)
Required property 'name' not set (Packages/com.unity.collab-proxy/Tests/Editor/Collaborate/Unity.CollabProxy.EditorTests.asmdef)
Required property 'name' not set (Packages/com.unity.services.core/Runtime/Threading/Unity.Services.Core.Threading.asmdef)
Required property 'name' not set (Packages/com.unity.collab-proxy/Tests/Editor/PlasticSCM/Unity.PlasticSCM.EditorTests.asmdef)
Required property 'name' not set (Packages/com.unity.services.core/Runtime/Device/Unity.Services.Core.Device.asmdef)
Mono: successfully reloaded assembly
- Completed reload, in  1.866 seconds
Domain Reload Profiling:
	ReloadAssembly (1866ms)
		BeginReloadAssembly (163ms)
			ExecutionOrderSort (0ms)
			DisableScriptedObjects (5ms)
			BackupInstance (0ms)
			ReleaseScriptingObjects (0ms)
			CreateAndSetChildDomain (24ms)
		EndReloadAssembly (1590ms)
			LoadAssemblies (128ms)
			RebuildTransferFunctionScriptingTraits (0ms)
			SetupTypeCache (398ms)
			ReleaseScriptCaches (2ms)
			RebuildScriptCaches (104ms)
			SetupLoadedEditorAssemblies (784ms)
				LogAssemblyErrors (0ms)
				InitializePlatformSupportModulesInManaged (32ms)
				SetLoadedEditorAssemblies (3ms)
				RefreshPlugins (1ms)
				BeforeProcessingInitializeOnLoad (255ms)
				ProcessInitializeOnLoadAttributes (424ms)
				ProcessInitializeOnLoadMethodAttributes (43ms)
				AfterProcessingInitializeOnLoad (26ms)
				EditorAssembliesLoaded (0ms)
			ExecutionOrderSort2 (0ms)
			AwakeInstancesAfterBackupRestoration (22ms)
Platform modules already initialized, skipping
Refreshing native plugins compatible for Editor in 7.81 ms, found 3 plugins.
Preloading 0 native plugins for Editor in 0.00 ms.
Unloading 3043 Unused Serialized files (Serialized files now loaded: 0)
Unloading 15 unused Assets / (24.7 KB). Loaded Objects now: 3656.
Memory consumption went from 117.0 MB to 117.0 MB.
Total: 3.965000 ms (FindLiveObjects: 0.236000 ms CreateObjectMapping: 0.096900 ms MarkObjects: 3.597400 ms  DeleteObjects: 0.033000 ms)

AssetImportParameters requested are different than current active one (requested -> active):
  custom:video-decoder-ogg-theora: a1e56fd34408186e4bbccfd4996cb3dc -> 
  custom:container-muxer-webm: aa71ff27fc2769a1b78a27578f13a17b -> 
  custom:container-demuxer-webm: 4f35f7cbe854078d1ac9338744f61a02 -> 
  custom:video-encoder-webm-vp8: eb34c28f22e8b96e1ab97ce403110664 -> 
  custom:video-codec-MediaFoundation-h265: 746d11721c4dcdbdad8f713fa42b33f4 -> 
  custom:audio-encoder-webm-vorbis: bf7c407c2cedff20999df2af8eb42d56 -> 
  custom:framework-win-MediaFoundation: 216162199b28c13a410421893ffa2e32 -> 
  custom:container-demuxer-ogg: 62fdf1f143b41e24485cea50d1cbac27 -> 
  custom:video-decoder-webm-vp8: 9c59270c3fd7afecdb556c50c9e8de78 -> 
  custom:audio-decoder-ogg-vorbis: bf7c407c2cedff20999df2af8eb42d56 -> 
========================================================================
Received Prepare
Registering precompiled user dll's ...
Registered in 0.023452 seconds.
Required property 'name' not set (Packages/com.unity.services.core/Runtime/Telemetry/Unity.Services.Core.Telemetry.asmdef)
Required property 'name' not set (Packages/com.unity.services.core/Runtime/Networking/Unity.Services.Core.Networking.asmdef)
Required property 'name' not set (Packages/com.unity.services.core/Runtime/Core.Internal/Unity.Services.Core.Internal.asmdef)
Required property 'name' not set (Packages/com.unity.services.core/Runtime/Configuration/Unity.Services.Core.Configuration.asmdef)
Required property 'name' not set (Packages/com.unity.services.core/Runtime/Core/Unity.Services.Core.asmdef)
Required property 'name' not set (Packages/com.unity.services.core/Editor/Core/Unity.Services.Core.Editor.asmdef)
Required property 'name' not set (Packages/com.unity.services.core/Editor/Core/Configuration/Unity.Services.Core.Configuration.Editor.asmdef)
Required property 'name' not set (Packages/com.unity.services.core/Runtime/Analytics/Unity.Services.Core.Analytics.asmdef)
Required property 'name' not set (Packages/com.unity.services.core/Runtime/Registration/Unity.Services.Core.Registration.asmdef)
Required property 'name' not set (Packages/com.unity.services.core/Runtime/Environments/Unity.Services.Core.Environments.asmdef)
Required property 'name' not set (Packages/com.unity.services.core/Runtime/Scheduler/Unity.Services.Core.Scheduler.asmdef)
Required property 'name' not set (Packages/com.unity.services.core/Runtime/Environments/Internal/Unity.Services.Core.Environments.Internal.asmdef)
Required property 'name' not set (Packages/com.unity.collab-proxy/Editor/Collaborate/Unity.CollabProxy.Editor.asmdef)
Required property 'name' not set (Packages/com.unity.collab-proxy/Tests/Editor/Collaborate/Unity.CollabProxy.EditorTests.asmdef)
Required property 'name' not set (Packages/com.unity.services.core/Runtime/Threading/Unity.Services.Core.Threading.asmdef)
Required property 'name' not set (Packages/com.unity.collab-proxy/Tests/Editor/PlasticSCM/Unity.PlasticSCM.EditorTests.asmdef)
Required property 'name' not set (Packages/com.unity.services.core/Runtime/Device/Unity.Services.Core.Device.asmdef)
Required property 'name' not set (Packages/com.unity.services.core/Runtime/Telemetry/Unity.Services.Core.Telemetry.asmdef)
Required property 'name' not set (Packages/com.unity.services.core/Runtime/Networking/Unity.Services.Core.Networking.asmdef)
Required property 'name' not set (Packages/com.unity.services.core/Runtime/Core.Internal/Unity.Services.Core.Internal.asmdef)
Required property 'name' not set (Packages/com.unity.services.core/Runtime/Configuration/Unity.Services.Core.Configuration.asmdef)
Required property 'name' not set (Packages/com.unity.services.core/Runtime/Core/Unity.Services.Core.asmdef)
Required property 'name' not set (Packages/com.unity.services.core/Editor/Core/Unity.Services.Core.Editor.asmdef)
Required property 'name' not set (Packages/com.unity.services.core/Editor/Core/Configuration/Unity.Services.Core.Configuration.Editor.asmdef)
Required property 'name' not set (Packages/com.unity.services.core/Runtime/Analytics/Unity.Services.Core.Analytics.asmdef)
Required property 'name' not set (Packages/com.unity.services.core/Runtime/Registration/Unity.Services.Core.Registration.asmdef)
Required property 'name' not set (Packages/com.unity.services.core/Runtime/Environments/Unity.Services.Core.Environments.asmdef)
Required property 'name' not set (Packages/com.unity.services.core/Runtime/Scheduler/Unity.Services.Core.Scheduler.asmdef)
Required property 'name' not set (Packages/com.unity.services.core/Runtime/Environments/Internal/Unity.Services.Core.Environments.Internal.asmdef)
Required property 'name' not set (Packages/com.unity.collab-proxy/Editor/Collaborate/Unity.CollabProxy.Editor.asmdef)
Required property 'name' not set (Packages/com.unity.collab-proxy/Tests/Editor/Collaborate/Unity.CollabProxy.EditorTests.asmdef)
Required property 'name' not set (Packages/com.unity.services.core/Runtime/Threading/Unity.Services.Core.Threading.asmdef)
Required property 'name' not set (Packages/com.unity.collab-proxy/Tests/Editor/PlasticSCM/Unity.PlasticSCM.EditorTests.asmdef)
Required property 'name' not set (Packages/com.unity.services.core/Runtime/Device/Unity.Services.Core.Device.asmdef)
Begin MonoManager ReloadAssembly
Symbol file LoadedFromMemory doesn't match image C:\Users\a0108\OneDrive\바탕 화면\sokovan\Library\PackageCache\com.unity.visualscripting@1.8.0\Editor\VisualScripting.Core\Dependencies\YamlDotNet\Unity.VisualScripting.YamlDotNet.dll
Symbol file LoadedFromMemory doesn't match image C:\Users\a0108\OneDrive\바탕 화면\sokovan\Library\PackageCache\com.unity.visualscripting@1.8.0\Editor\VisualScripting.Core\Dependencies\DotNetZip\Unity.VisualScripting.IonicZip.dll
Native extension for WindowsStandalone target not found
Native extension for WebGL target not found
Refreshing native plugins compatible for Editor in 0.41 ms, found 3 plugins.
Preloading 0 native plugins for Editor in 0.00 ms.
Required property 'name' not set (Packages/com.unity.services.core/Runtime/Telemetry/Unity.Services.Core.Telemetry.asmdef)
Required property 'name' not set (Packages/com.unity.services.core/Runtime/Networking/Unity.Services.Core.Networking.asmdef)
Required property 'name' not set (Packages/com.unity.services.core/Runtime/Core.Internal/Unity.Services.Core.Internal.asmdef)
Required property 'name' not set (Packages/com.unity.services.core/Runtime/Configuration/Unity.Services.Core.Configuration.asmdef)
Required property 'name' not set (Packages/com.unity.services.core/Runtime/Core/Unity.Services.Core.asmdef)
Required property 'name' not set (Packages/com.unity.services.core/Editor/Core/Unity.Services.Core.Editor.asmdef)
Required property 'name' not set (Packages/com.unity.services.core/Editor/Core/Configuration/Unity.Services.Core.Configuration.Editor.asmdef)
Required property 'name' not set (Packages/com.unity.services.core/Runtime/Analytics/Unity.Services.Core.Analytics.asmdef)
Required property 'name' not set (Packages/com.unity.services.core/Runtime/Registration/Unity.Services.Core.Registration.asmdef)
Required property 'name' not set (Packages/com.unity.services.core/Runtime/Environments/Unity.Services.Core.Environments.asmdef)
Required property 'name' not set (Packages/com.unity.services.core/Runtime/Scheduler/Unity.Services.Core.Scheduler.asmdef)
Required property 'name' not set (Packages/com.unity.services.core/Runtime/Environments/Internal/Unity.Services.Core.Environments.Internal.asmdef)
Required property 'name' not set (Packages/com.unity.collab-proxy/Editor/Collaborate/Unity.CollabProxy.Editor.asmdef)
Required property 'name' not set (Packages/com.unity.collab-proxy/Tests/Editor/Collaborate/Unity.CollabProxy.EditorTests.asmdef)
Required property 'name' not set (Packages/com.unity.services.core/Runtime/Threading/Unity.Services.Core.Threading.asmdef)
Required property 'name' not set (Packages/com.unity.collab-proxy/Tests/Editor/PlasticSCM/Unity.PlasticSCM.EditorTests.asmdef)
Required property 'name' not set (Packages/com.unity.services.core/Runtime/Device/Unity.Services.Core.Device.asmdef)
Mono: successfully reloaded assembly
- Completed reload, in  0.837 seconds
Domain Reload Profiling:
	ReloadAssembly (838ms)
		BeginReloadAssembly (175ms)
			ExecutionOrderSort (0ms)
			DisableScriptedObjects (4ms)
			BackupInstance (0ms)
			ReleaseScriptingObjects (0ms)
			CreateAndSetChildDomain (42ms)
		EndReloadAssembly (577ms)
			LoadAssemblies (123ms)
			RebuildTransferFunctionScriptingTraits (0ms)
			SetupTypeCache (197ms)
			ReleaseScriptCaches (1ms)
			RebuildScriptCaches (27ms)
			SetupLoadedEditorAssemblies (240ms)
				LogAssemblyErrors (0ms)
				InitializePlatformSupportModulesInManaged (5ms)
				SetLoadedEditorAssemblies (0ms)
				RefreshPlugins (0ms)
				BeforeProcessingInitializeOnLoad (70ms)
				ProcessInitializeOnLoadAttributes (140ms)
				ProcessInitializeOnLoadMethodAttributes (13ms)
				AfterProcessingInitializeOnLoad (11ms)
				EditorAssembliesLoaded (0ms)
			ExecutionOrderSort2 (0ms)
			AwakeInstancesAfterBackupRestoration (7ms)
Platform modules already initialized, skipping
Refreshing native plugins compatible for Editor in 1.72 ms, found 3 plugins.
Preloading 0 native plugins for Editor in 0.00 ms.
Unloading 3043 Unused Serialized files (Serialized files now loaded: 0)
Unloading 15 unused Assets / (24.8 KB). Loaded Objects now: 3659.
Memory consumption went from 117.0 MB to 117.0 MB.
Total: 2.110700 ms (FindLiveObjects: 0.184600 ms CreateObjectMapping: 0.080800 ms MarkObjects: 1.821000 ms  DeleteObjects: 0.022900 ms)

AssetImportParameters requested are different than current active one (requested -> active):
  custom:video-decoder-ogg-theora: a1e56fd34408186e4bbccfd4996cb3dc -> 
  custom:container-muxer-webm: aa71ff27fc2769a1b78a27578f13a17b -> 
  custom:container-demuxer-webm: 4f35f7cbe854078d1ac9338744f61a02 -> 
  custom:video-encoder-webm-vp8: eb34c28f22e8b96e1ab97ce403110664 -> 
  custom:video-codec-MediaFoundation-h265: 746d11721c4dcdbdad8f713fa42b33f4 -> 
  custom:audio-encoder-webm-vorbis: bf7c407c2cedff20999df2af8eb42d56 -> 
  custom:framework-win-MediaFoundation: 216162199b28c13a410421893ffa2e32 -> 
  custom:container-demuxer-ogg: 62fdf1f143b41e24485cea50d1cbac27 -> 
  custom:video-decoder-webm-vp8: 9c59270c3fd7afecdb556c50c9e8de78 -> 
  custom:audio-decoder-ogg-vorbis: bf7c407c2cedff20999df2af8eb42d56 -> 
========================================================================
Received Prepare
Registering precompiled user dll's ...
Registered in 0.012786 seconds.
Required property 'name' not set (Packages/com.unity.services.core/Runtime/Telemetry/Unity.Services.Core.Telemetry.asmdef)
Required property 'name' not set (Packages/com.unity.services.core/Runtime/Networking/Unity.Services.Core.Networking.asmdef)
Required property 'name' not set (Packages/com.unity.services.core/Runtime/Core.Internal/Unity.Services.Core.Internal.asmdef)
Required property 'name' not set (Packages/com.unity.services.core/Runtime/Configuration/Unity.Services.Core.Configuration.asmdef)
Required property 'name' not set (Packages/com.unity.services.core/Runtime/Core/Unity.Services.Core.asmdef)
Required property 'name' not set (Packages/com.unity.services.core/Editor/Core/Unity.Services.Core.Editor.asmdef)
Required property 'name' not set (Packages/com.unity.services.core/Editor/Core/Configuration/Unity.Services.Core.Configuration.Editor.asmdef)
Required property 'name' not set (Packages/com.unity.services.core/Runtime/Analytics/Unity.Services.Core.Analytics.asmdef)
Required property 'name' not set (Packages/com.unity.services.core/Runtime/Registration/Unity.Services.Core.Registration.asmdef)
Required property 'name' not set (Packages/com.unity.services.core/Runtime/Environments/Unity.Services.Core.Environments.asmdef)
Required property 'name' not set (Packages/com.unity.services.core/Runtime/Scheduler/Unity.Services.Core.Scheduler.asmdef)
Required property 'name' not set (Packages/com.unity.services.core/Runtime/Environments/Internal/Unity.Services.Core.Environments.Internal.asmdef)
Required property 'name' not set (Packages/com.unity.collab-proxy/Editor/Collaborate/Unity.CollabProxy.Editor.asmdef)
Required property 'name' not set (Packages/com.unity.collab-proxy/Tests/Editor/Collaborate/Unity.CollabProxy.EditorTests.asmdef)
Required property 'name' not set (Packages/com.unity.services.core/Runtime/Threading/Unity.Services.Core.Threading.asmdef)
Required property 'name' not set (Packages/com.unity.collab-proxy/Tests/Editor/PlasticSCM/Unity.PlasticSCM.EditorTests.asmdef)
Required property 'name' not set (Packages/com.unity.services.core/Runtime/Device/Unity.Services.Core.Device.asmdef)
Required property 'name' not set (Packages/com.unity.services.core/Runtime/Telemetry/Unity.Services.Core.Telemetry.asmdef)
Required property 'name' not set (Packages/com.unity.services.core/Runtime/Networking/Unity.Services.Core.Networking.asmdef)
Required property 'name' not set (Packages/com.unity.services.core/Runtime/Core.Internal/Unity.Services.Core.Internal.asmdef)
Required property 'name' not set (Packages/com.unity.services.core/Runtime/Configuration/Unity.Services.Core.Configuration.asmdef)
Required property 'name' not set (Packages/com.unity.services.core/Runtime/Core/Unity.Services.Core.asmdef)
Required property 'name' not set (Packages/com.unity.services.core/Editor/Core/Unity.Services.Core.Editor.asmdef)
Required property 'name' not set (Packages/com.unity.services.core/Editor/Core/Configuration/Unity.Services.Core.Configuration.Editor.asmdef)
Required property 'name' not set (Packages/com.unity.services.core/Runtime/Analytics/Unity.Services.Core.Analytics.asmdef)
Required property 'name' not set (Packages/com.unity.services.core/Runtime/Registration/Unity.Services.Core.Registration.asmdef)
Required property 'name' not set (Packages/com.unity.services.core/Runtime/Environments/Unity.Services.Core.Environments.asmdef)
Required property 'name' not set (Packages/com.unity.services.core/Runtime/Scheduler/Unity.Services.Core.Scheduler.asmdef)
Required property 'name' not set (Packages/com.unity.services.core/Runtime/Environments/Internal/Unity.Services.Core.Environments.Internal.asmdef)
Required property 'name' not set (Packages/com.unity.collab-proxy/Editor/Collaborate/Unity.CollabProxy.Editor.asmdef)
Required property 'name' not set (Packages/com.unity.collab-proxy/Tests/Editor/Collaborate/Unity.CollabProxy.EditorTests.asmdef)
Required property 'name' not set (Packages/com.unity.services.core/Runtime/Threading/Unity.Services.Core.Threading.asmdef)
Required property 'name' not set (Packages/com.unity.collab-proxy/Tests/Editor/PlasticSCM/Unity.PlasticSCM.EditorTests.asmdef)
Required property 'name' not set (Packages/com.unity.services.core/Runtime/Device/Unity.Services.Core.Device.asmdef)
Begin MonoManager ReloadAssembly
Symbol file LoadedFromMemory doesn't match image C:\Users\a0108\OneDrive\바탕 화면\sokovan\Library\PackageCache\com.unity.visualscripting@1.8.0\Editor\VisualScripting.Core\Dependencies\YamlDotNet\Unity.VisualScripting.YamlDotNet.dll
Symbol file LoadedFromMemory doesn't match image C:\Users\a0108\OneDrive\바탕 화면\sokovan\Library\PackageCache\com.unity.visualscripting@1.8.0\Editor\VisualScripting.Core\Dependencies\DotNetZip\Unity.VisualScripting.IonicZip.dll
Native extension for WindowsStandalone target not found
Native extension for WebGL target not found
Refreshing native plugins compatible for Editor in 0.52 ms, found 3 plugins.
Preloading 0 native plugins for Editor in 0.00 ms.
Required property 'name' not set (Packages/com.unity.services.core/Runtime/Telemetry/Unity.Services.Core.Telemetry.asmdef)
Required property 'name' not set (Packages/com.unity.services.core/Runtime/Networking/Unity.Services.Core.Networking.asmdef)
Required property 'name' not set (Packages/com.unity.services.core/Runtime/Core.Internal/Unity.Services.Core.Internal.asmdef)
Required property 'name' not set (Packages/com.unity.services.core/Runtime/Configuration/Unity.Services.Core.Configuration.asmdef)
Required property 'name' not set (Packages/com.unity.services.core/Runtime/Core/Unity.Services.Core.asmdef)
Required property 'name' not set (Packages/com.unity.services.core/Editor/Core/Unity.Services.Core.Editor.asmdef)
Required property 'name' not set (Packages/com.unity.services.core/Editor/Core/Configuration/Unity.Services.Core.Configuration.Editor.asmdef)
Required property 'name' not set (Packages/com.unity.services.core/Runtime/Analytics/Unity.Services.Core.Analytics.asmdef)
Required property 'name' not set (Packages/com.unity.services.core/Runtime/Registration/Unity.Services.Core.Registration.asmdef)
Required property 'name' not set (Packages/com.unity.services.core/Runtime/Environments/Unity.Services.Core.Environments.asmdef)
Required property 'name' not set (Packages/com.unity.services.core/Runtime/Scheduler/Unity.Services.Core.Scheduler.asmdef)
Required property 'name' not set (Packages/com.unity.services.core/Runtime/Environments/Internal/Unity.Services.Core.Environments.Internal.asmdef)
Required property 'name' not set (Packages/com.unity.collab-proxy/Editor/Collaborate/Unity.CollabProxy.Editor.asmdef)
Required property 'name' not set (Packages/com.unity.collab-proxy/Tests/Editor/Collaborate/Unity.CollabProxy.EditorTests.asmdef)
Required property 'name' not set (Packages/com.unity.services.core/Runtime/Threading/Unity.Services.Core.Threading.asmdef)
Required property 'name' not set (Packages/com.unity.collab-proxy/Tests/Editor/PlasticSCM/Unity.PlasticSCM.EditorTests.asmdef)
Required property 'name' not set (Packages/com.unity.services.core/Runtime/Device/Unity.Services.Core.Device.asmdef)
Mono: successfully reloaded assembly
- Completed reload, in  2.264 seconds
Domain Reload Profiling:
	ReloadAssembly (2264ms)
		BeginReloadAssembly (166ms)
			ExecutionOrderSort (0ms)
			DisableScriptedObjects (4ms)
			BackupInstance (0ms)
			ReleaseScriptingObjects (0ms)
			CreateAndSetChildDomain (27ms)
		EndReloadAssembly (2007ms)
			LoadAssemblies (155ms)
			RebuildTransferFunctionScriptingTraits (0ms)
			SetupTypeCache (414ms)
			ReleaseScriptCaches (4ms)
			RebuildScriptCaches (126ms)
			SetupLoadedEditorAssemblies (1116ms)
				LogAssemblyErrors (0ms)
				InitializePlatformSupportModulesInManaged (34ms)
				SetLoadedEditorAssemblies (2ms)
				RefreshPlugins (1ms)
				BeforeProcessingInitializeOnLoad (334ms)
				ProcessInitializeOnLoadAttributes (645ms)
				ProcessInitializeOnLoadMethodAttributes (59ms)
				AfterProcessingInitializeOnLoad (40ms)
				EditorAssembliesLoaded (0ms)
			ExecutionOrderSort2 (0ms)
			AwakeInstancesAfterBackupRestoration (23ms)
Platform modules already initialized, skipping
Refreshing native plugins compatible for Editor in 2.33 ms, found 3 plugins.
Preloading 0 native plugins for Editor in 0.00 ms.
Unloading 3043 Unused Serialized files (Serialized files now loaded: 0)
Unloading 15 unused Assets / (24.6 KB). Loaded Objects now: 3662.
Memory consumption went from 117.0 MB to 117.0 MB.
Total: 2.713000 ms (FindLiveObjects: 0.190600 ms CreateObjectMapping: 0.080000 ms MarkObjects: 2.421000 ms  DeleteObjects: 0.020500 ms)

AssetImportParameters requested are different than current active one (requested -> active):
  custom:video-decoder-ogg-theora: a1e56fd34408186e4bbccfd4996cb3dc -> 
  custom:container-muxer-webm: aa71ff27fc2769a1b78a27578f13a17b -> 
  custom:container-demuxer-webm: 4f35f7cbe854078d1ac9338744f61a02 -> 
  custom:video-encoder-webm-vp8: eb34c28f22e8b96e1ab97ce403110664 -> 
  custom:video-codec-MediaFoundation-h265: 746d11721c4dcdbdad8f713fa42b33f4 -> 
  custom:audio-encoder-webm-vorbis: bf7c407c2cedff20999df2af8eb42d56 -> 
  custom:framework-win-MediaFoundation: 216162199b28c13a410421893ffa2e32 -> 
  custom:container-demuxer-ogg: 62fdf1f143b41e24485cea50d1cbac27 -> 
  custom:video-decoder-webm-vp8: 9c59270c3fd7afecdb556c50c9e8de78 -> 
  custom:audio-decoder-ogg-vorbis: bf7c407c2cedff20999df2af8eb42d56 -> 
========================================================================
Received Prepare
Registering precompiled user dll's ...
Registered in 0.009240 seconds.
Required property 'name' not set (Packages/com.unity.services.core/Runtime/Telemetry/Unity.Services.Core.Telemetry.asmdef)
Required property 'name' not set (Packages/com.unity.services.core/Runtime/Networking/Unity.Services.Core.Networking.asmdef)
Required property 'name' not set (Packages/com.unity.services.core/Runtime/Core.Internal/Unity.Services.Core.Internal.asmdef)
Required property 'name' not set (Packages/com.unity.services.core/Runtime/Configuration/Unity.Services.Core.Configuration.asmdef)
Required property 'name' not set (Packages/com.unity.services.core/Runtime/Core/Unity.Services.Core.asmdef)
Required property 'name' not set (Packages/com.unity.services.core/Editor/Core/Unity.Services.Core.Editor.asmdef)
Required property 'name' not set (Packages/com.unity.services.core/Editor/Core/Configuration/Unity.Services.Core.Configuration.Editor.asmdef)
Required property 'name' not set (Packages/com.unity.services.core/Runtime/Analytics/Unity.Services.Core.Analytics.asmdef)
Required property 'name' not set (Packages/com.unity.services.core/Runtime/Registration/Unity.Services.Core.Registration.asmdef)
Required property 'name' not set (Packages/com.unity.services.core/Runtime/Environments/Unity.Services.Core.Environments.asmdef)
Required property 'name' not set (Packages/com.unity.services.core/Runtime/Scheduler/Unity.Services.Core.Scheduler.asmdef)
Required property 'name' not set (Packages/com.unity.services.core/Runtime/Environments/Internal/Unity.Services.Core.Environments.Internal.asmdef)
Required property 'name' not set (Packages/com.unity.collab-proxy/Editor/Collaborate/Unity.CollabProxy.Editor.asmdef)
Required property 'name' not set (Packages/com.unity.collab-proxy/Tests/Editor/Collaborate/Unity.CollabProxy.EditorTests.asmdef)
Required property 'name' not set (Packages/com.unity.services.core/Runtime/Threading/Unity.Services.Core.Threading.asmdef)
Required property 'name' not set (Packages/com.unity.collab-proxy/Tests/Editor/PlasticSCM/Unity.PlasticSCM.EditorTests.asmdef)
Required property 'name' not set (Packages/com.unity.services.core/Runtime/Device/Unity.Services.Core.Device.asmdef)
Required property 'name' not set (Packages/com.unity.services.core/Runtime/Telemetry/Unity.Services.Core.Telemetry.asmdef)
Required property 'name' not set (Packages/com.unity.services.core/Runtime/Networking/Unity.Services.Core.Networking.asmdef)
Required property 'name' not set (Packages/com.unity.services.core/Runtime/Core.Internal/Unity.Services.Core.Internal.asmdef)
Required property 'name' not set (Packages/com.unity.services.core/Runtime/Configuration/Unity.Services.Core.Configuration.asmdef)
Required property 'name' not set (Packages/com.unity.services.core/Runtime/Core/Unity.Services.Core.asmdef)
Required property 'name' not set (Packages/com.unity.services.core/Editor/Core/Unity.Services.Core.Editor.asmdef)
Required property 'name' not set (Packages/com.unity.services.core/Editor/Core/Configuration/Unity.Services.Core.Configuration.Editor.asmdef)
Required property 'name' not set (Packages/com.unity.services.core/Runtime/Analytics/Unity.Services.Core.Analytics.asmdef)
Required property 'name' not set (Packages/com.unity.services.core/Runtime/Registration/Unity.Services.Core.Registration.asmdef)
Required property 'name' not set (Packages/com.unity.services.core/Runtime/Environments/Unity.Services.Core.Environments.asmdef)
Required property 'name' not set (Packages/com.unity.services.core/Runtime/Scheduler/Unity.Services.Core.Scheduler.asmdef)
Required property 'name' not set (Packages/com.unity.services.core/Runtime/Environments/Internal/Unity.Services.Core.Environments.Internal.asmdef)
Required property 'name' not set (Packages/com.unity.collab-proxy/Editor/Collaborate/Unity.CollabProxy.Editor.asmdef)
Required property 'name' not set (Packages/com.unity.collab-proxy/Tests/Editor/Collaborate/Unity.CollabProxy.EditorTests.asmdef)
Required property 'name' not set (Packages/com.unity.services.core/Runtime/Threading/Unity.Services.Core.Threading.asmdef)
Required property 'name' not set (Packages/com.unity.collab-proxy/Tests/Editor/PlasticSCM/Unity.PlasticSCM.EditorTests.asmdef)
Required property 'name' not set (Packages/com.unity.services.core/Runtime/Device/Unity.Services.Core.Device.asmdef)
Begin MonoManager ReloadAssembly
Symbol file LoadedFromMemory doesn't match image C:\Users\a0108\OneDrive\바탕 화면\sokovan\Library\PackageCache\com.unity.visualscripting@1.8.0\Editor\VisualScripting.Core\Dependencies\YamlDotNet\Unity.VisualScripting.YamlDotNet.dll
Symbol file LoadedFromMemory doesn't match image C:\Users\a0108\OneDrive\바탕 화면\sokovan\Library\PackageCache\com.unity.visualscripting@1.8.0\Editor\VisualScripting.Core\Dependencies\DotNetZip\Unity.VisualScripting.IonicZip.dll
Native extension for WindowsStandalone target not found
Native extension for WebGL target not found
Refreshing native plugins compatible for Editor in 0.45 ms, found 3 plugins.
Preloading 0 native plugins for Editor in 0.00 ms.
Required property 'name' not set (Packages/com.unity.services.core/Runtime/Telemetry/Unity.Services.Core.Telemetry.asmdef)
Required property 'name' not set (Packages/com.unity.services.core/Runtime/Networking/Unity.Services.Core.Networking.asmdef)
Required property 'name' not set (Packages/com.unity.services.core/Runtime/Core.Internal/Unity.Services.Core.Internal.asmdef)
Required property 'name' not set (Packages/com.unity.services.core/Runtime/Configuration/Unity.Services.Core.Configuration.asmdef)
Required property 'name' not set (Packages/com.unity.services.core/Runtime/Core/Unity.Services.Core.asmdef)
Required property 'name' not set (Packages/com.unity.services.core/Editor/Core/Unity.Services.Core.Editor.asmdef)
Required property 'name' not set (Packages/com.unity.services.core/Editor/Core/Configuration/Unity.Services.Core.Configuration.Editor.asmdef)
Required property 'name' not set (Packages/com.unity.services.core/Runtime/Analytics/Unity.Services.Core.Analytics.asmdef)
Required property 'name' not set (Packages/com.unity.services.core/Runtime/Registration/Unity.Services.Core.Registration.asmdef)
Required property 'name' not set (Packages/com.unity.services.core/Runtime/Environments/Unity.Services.Core.Environments.asmdef)
Required property 'name' not set (Packages/com.unity.services.core/Runtime/Scheduler/Unity.Services.Core.Scheduler.asmdef)
Required property 'name' not set (Packages/com.unity.services.core/Runtime/Environments/Internal/Unity.Services.Core.Environments.Internal.asmdef)
Required property 'name' not set (Packages/com.unity.collab-proxy/Editor/Collaborate/Unity.CollabProxy.Editor.asmdef)
Required property 'name' not set (Packages/com.unity.collab-proxy/Tests/Editor/Collaborate/Unity.CollabProxy.EditorTests.asmdef)
Required property 'name' not set (Packages/com.unity.services.core/Runtime/Threading/Unity.Services.Core.Threading.asmdef)
Required property 'name' not set (Packages/com.unity.collab-proxy/Tests/Editor/PlasticSCM/Unity.PlasticSCM.EditorTests.asmdef)
Required property 'name' not set (Packages/com.unity.services.core/Runtime/Device/Unity.Services.Core.Device.asmdef)
Mono: successfully reloaded assembly
- Completed reload, in  2.255 seconds
Domain Reload Profiling:
	ReloadAssembly (2256ms)
		BeginReloadAssembly (175ms)
			ExecutionOrderSort (0ms)
			DisableScriptedObjects (4ms)
			BackupInstance (0ms)
			ReleaseScriptingObjects (0ms)
			CreateAndSetChildDomain (30ms)
		EndReloadAssembly (1919ms)
			LoadAssemblies (179ms)
			RebuildTransferFunctionScriptingTraits (0ms)
			SetupTypeCache (644ms)
			ReleaseScriptCaches (1ms)
			RebuildScriptCaches (100ms)
			SetupLoadedEditorAssemblies (793ms)
				LogAssemblyErrors (0ms)
				InitializePlatformSupportModulesInManaged (27ms)
				SetLoadedEditorAssemblies (1ms)
				RefreshPlugins (1ms)
				BeforeProcessingInitializeOnLoad (235ms)
				ProcessInitializeOnLoadAttributes (448ms)
				ProcessInitializeOnLoadMethodAttributes (48ms)
				AfterProcessingInitializeOnLoad (33ms)
				EditorAssembliesLoaded (0ms)
			ExecutionOrderSort2 (0ms)
			AwakeInstancesAfterBackupRestoration (25ms)
Platform modules already initialized, skipping
Refreshing native plugins compatible for Editor in 4.25 ms, found 3 plugins.
Preloading 0 native plugins for Editor in 0.00 ms.
Unloading 3043 Unused Serialized files (Serialized files now loaded: 0)
Unloading 15 unused Assets / (24.7 KB). Loaded Objects now: 3665.
Memory consumption went from 117.0 MB to 117.0 MB.
Total: 11.004700 ms (FindLiveObjects: 1.296100 ms CreateObjectMapping: 0.299100 ms MarkObjects: 9.371700 ms  DeleteObjects: 0.036000 ms)

AssetImportParameters requested are different than current active one (requested -> active):
  custom:video-decoder-ogg-theora: a1e56fd34408186e4bbccfd4996cb3dc -> 
  custom:container-muxer-webm: aa71ff27fc2769a1b78a27578f13a17b -> 
  custom:container-demuxer-webm: 4f35f7cbe854078d1ac9338744f61a02 -> 
  custom:video-encoder-webm-vp8: eb34c28f22e8b96e1ab97ce403110664 -> 
  custom:video-codec-MediaFoundation-h265: 746d11721c4dcdbdad8f713fa42b33f4 -> 
  custom:audio-encoder-webm-vorbis: bf7c407c2cedff20999df2af8eb42d56 -> 
  custom:framework-win-MediaFoundation: 216162199b28c13a410421893ffa2e32 -> 
  custom:container-demuxer-ogg: 62fdf1f143b41e24485cea50d1cbac27 -> 
  custom:video-decoder-webm-vp8: 9c59270c3fd7afecdb556c50c9e8de78 -> 
  custom:audio-decoder-ogg-vorbis: bf7c407c2cedff20999df2af8eb42d56 -> 
========================================================================
Received Prepare
Registering precompiled user dll's ...
Registered in 0.022152 seconds.
Required property 'name' not set (Packages/com.unity.services.core/Runtime/Telemetry/Unity.Services.Core.Telemetry.asmdef)
Required property 'name' not set (Packages/com.unity.services.core/Runtime/Networking/Unity.Services.Core.Networking.asmdef)
Required property 'name' not set (Packages/com.unity.services.core/Runtime/Core.Internal/Unity.Services.Core.Internal.asmdef)
Required property 'name' not set (Packages/com.unity.services.core/Runtime/Configuration/Unity.Services.Core.Configuration.asmdef)
Required property 'name' not set (Packages/com.unity.services.core/Runtime/Core/Unity.Services.Core.asmdef)
Required property 'name' not set (Packages/com.unity.services.core/Editor/Core/Unity.Services.Core.Editor.asmdef)
Required property 'name' not set (Packages/com.unity.services.core/Editor/Core/Configuration/Unity.Services.Core.Configuration.Editor.asmdef)
Required property 'name' not set (Packages/com.unity.services.core/Runtime/Analytics/Unity.Services.Core.Analytics.asmdef)
Required property 'name' not set (Packages/com.unity.services.core/Runtime/Registration/Unity.Services.Core.Registration.asmdef)
Required property 'name' not set (Packages/com.unity.services.core/Runtime/Environments/Unity.Services.Core.Environments.asmdef)
Required property 'name' not set (Packages/com.unity.services.core/Runtime/Scheduler/Unity.Services.Core.Scheduler.asmdef)
Required property 'name' not set (Packages/com.unity.services.core/Runtime/Environments/Internal/Unity.Services.Core.Environments.Internal.asmdef)
Required property 'name' not set (Packages/com.unity.collab-proxy/Editor/Collaborate/Unity.CollabProxy.Editor.asmdef)
Required property 'name' not set (Packages/com.unity.collab-proxy/Tests/Editor/Collaborate/Unity.CollabProxy.EditorTests.asmdef)
Required property 'name' not set (Packages/com.unity.services.core/Runtime/Threading/Unity.Services.Core.Threading.asmdef)
Required property 'name' not set (Packages/com.unity.collab-proxy/Tests/Editor/PlasticSCM/Unity.PlasticSCM.EditorTests.asmdef)
Required property 'name' not set (Packages/com.unity.services.core/Runtime/Device/Unity.Services.Core.Device.asmdef)
Required property 'name' not set (Packages/com.unity.services.core/Runtime/Telemetry/Unity.Services.Core.Telemetry.asmdef)
Required property 'name' not set (Packages/com.unity.services.core/Runtime/Networking/Unity.Services.Core.Networking.asmdef)
Required property 'name' not set (Packages/com.unity.services.core/Runtime/Core.Internal/Unity.Services.Core.Internal.asmdef)
Required property 'name' not set (Packages/com.unity.services.core/Runtime/Configuration/Unity.Services.Core.Configuration.asmdef)
Required property 'name' not set (Packages/com.unity.services.core/Runtime/Core/Unity.Services.Core.asmdef)
Required property 'name' not set (Packages/com.unity.services.core/Editor/Core/Unity.Services.Core.Editor.asmdef)
Required property 'name' not set (Packages/com.unity.services.core/Editor/Core/Configuration/Unity.Services.Core.Configuration.Editor.asmdef)
Required property 'name' not set (Packages/com.unity.services.core/Runtime/Analytics/Unity.Services.Core.Analytics.asmdef)
Required property 'name' not set (Packages/com.unity.services.core/Runtime/Registration/Unity.Services.Core.Registration.asmdef)
Required property 'name' not set (Packages/com.unity.services.core/Runtime/Environments/Unity.Services.Core.Environments.asmdef)
Required property 'name' not set (Packages/com.unity.services.core/Runtime/Scheduler/Unity.Services.Core.Scheduler.asmdef)
Required property 'name' not set (Packages/com.unity.services.core/Runtime/Environments/Internal/Unity.Services.Core.Environments.Internal.asmdef)
Required property 'name' not set (Packages/com.unity.collab-proxy/Editor/Collaborate/Unity.CollabProxy.Editor.asmdef)
Required property 'name' not set (Packages/com.unity.collab-proxy/Tests/Editor/Collaborate/Unity.CollabProxy.EditorTests.asmdef)
Required property 'name' not set (Packages/com.unity.services.core/Runtime/Threading/Unity.Services.Core.Threading.asmdef)
Required property 'name' not set (Packages/com.unity.collab-proxy/Tests/Editor/PlasticSCM/Unity.PlasticSCM.EditorTests.asmdef)
Required property 'name' not set (Packages/com.unity.services.core/Runtime/Device/Unity.Services.Core.Device.asmdef)
Begin MonoManager ReloadAssembly
Symbol file LoadedFromMemory doesn't match image C:\Users\a0108\OneDrive\바탕 화면\sokovan\Library\PackageCache\com.unity.visualscripting@1.8.0\Editor\VisualScripting.Core\Dependencies\YamlDotNet\Unity.VisualScripting.YamlDotNet.dll
Symbol file LoadedFromMemory doesn't match image C:\Users\a0108\OneDrive\바탕 화면\sokovan\Library\PackageCache\com.unity.visualscripting@1.8.0\Editor\VisualScripting.Core\Dependencies\DotNetZip\Unity.VisualScripting.IonicZip.dll
Native extension for WindowsStandalone target not found
Native extension for WebGL target not found
Refreshing native plugins compatible for Editor in 0.80 ms, found 3 plugins.
Preloading 0 native plugins for Editor in 0.00 ms.
Required property 'name' not set (Packages/com.unity.services.core/Runtime/Telemetry/Unity.Services.Core.Telemetry.asmdef)
Required property 'name' not set (Packages/com.unity.services.core/Runtime/Networking/Unity.Services.Core.Networking.asmdef)
Required property 'name' not set (Packages/com.unity.services.core/Runtime/Core.Internal/Unity.Services.Core.Internal.asmdef)
Required property 'name' not set (Packages/com.unity.services.core/Runtime/Configuration/Unity.Services.Core.Configuration.asmdef)
Required property 'name' not set (Packages/com.unity.services.core/Runtime/Core/Unity.Services.Core.asmdef)
Required property 'name' not set (Packages/com.unity.services.core/Editor/Core/Unity.Services.Core.Editor.asmdef)
Required property 'name' not set (Packages/com.unity.services.core/Editor/Core/Configuration/Unity.Services.Core.Configuration.Editor.asmdef)
Required property 'name' not set (Packages/com.unity.services.core/Runtime/Analytics/Unity.Services.Core.Analytics.asmdef)
Required property 'name' not set (Packages/com.unity.services.core/Runtime/Registration/Unity.Services.Core.Registration.asmdef)
Required property 'name' not set (Packages/com.unity.services.core/Runtime/Environments/Unity.Services.Core.Environments.asmdef)
Required property 'name' not set (Packages/com.unity.services.core/Runtime/Scheduler/Unity.Services.Core.Scheduler.asmdef)
Required property 'name' not set (Packages/com.unity.services.core/Runtime/Environments/Internal/Unity.Services.Core.Environments.Internal.asmdef)
Required property 'name' not set (Packages/com.unity.collab-proxy/Editor/Collaborate/Unity.CollabProxy.Editor.asmdef)
Required property 'name' not set (Packages/com.unity.collab-proxy/Tests/Editor/Collaborate/Unity.CollabProxy.EditorTests.asmdef)
Required property 'name' not set (Packages/com.unity.services.core/Runtime/Threading/Unity.Services.Core.Threading.asmdef)
Required property 'name' not set (Packages/com.unity.collab-proxy/Tests/Editor/PlasticSCM/Unity.PlasticSCM.EditorTests.asmdef)
Required property 'name' not set (Packages/com.unity.services.core/Runtime/Device/Unity.Services.Core.Device.asmdef)
Mono: successfully reloaded assembly
- Completed reload, in  2.558 seconds
Domain Reload Profiling:
	ReloadAssembly (2559ms)
		BeginReloadAssembly (380ms)
			ExecutionOrderSort (0ms)
			DisableScriptedObjects (12ms)
			BackupInstance (0ms)
			ReleaseScriptingObjects (0ms)
			CreateAndSetChildDomain (77ms)
		EndReloadAssembly (1927ms)
			LoadAssemblies (290ms)
			RebuildTransferFunctionScriptingTraits (0ms)
			SetupTypeCache (648ms)
			ReleaseScriptCaches (1ms)
			RebuildScriptCaches (107ms)
			SetupLoadedEditorAssemblies (825ms)
				LogAssemblyErrors (0ms)
				InitializePlatformSupportModulesInManaged (24ms)
				SetLoadedEditorAssemblies (1ms)
				RefreshPlugins (1ms)
				BeforeProcessingInitializeOnLoad (255ms)
				ProcessInitializeOnLoadAttributes (462ms)
				ProcessInitializeOnLoadMethodAttributes (39ms)
				AfterProcessingInitializeOnLoad (41ms)
				EditorAssembliesLoaded (0ms)
			ExecutionOrderSort2 (0ms)
			AwakeInstancesAfterBackupRestoration (20ms)
Platform modules already initialized, skipping
Refreshing native plugins compatible for Editor in 12.15 ms, found 3 plugins.
Preloading 0 native plugins for Editor in 0.00 ms.
Unloading 3043 Unused Serialized files (Serialized files now loaded: 0)
Unloading 15 unused Assets / (24.7 KB). Loaded Objects now: 3668.
Memory consumption went from 117.0 MB to 117.0 MB.
Total: 4.325000 ms (FindLiveObjects: 0.686300 ms CreateObjectMapping: 0.175000 ms MarkObjects: 3.430000 ms  DeleteObjects: 0.032100 ms)

AssetImportParameters requested are different than current active one (requested -> active):
  custom:video-decoder-ogg-theora: a1e56fd34408186e4bbccfd4996cb3dc -> 
  custom:container-muxer-webm: aa71ff27fc2769a1b78a27578f13a17b -> 
  custom:container-demuxer-webm: 4f35f7cbe854078d1ac9338744f61a02 -> 
  custom:video-encoder-webm-vp8: eb34c28f22e8b96e1ab97ce403110664 -> 
  custom:video-codec-MediaFoundation-h265: 746d11721c4dcdbdad8f713fa42b33f4 -> 
  custom:audio-encoder-webm-vorbis: bf7c407c2cedff20999df2af8eb42d56 -> 
  custom:framework-win-MediaFoundation: 216162199b28c13a410421893ffa2e32 -> 
  custom:container-demuxer-ogg: 62fdf1f143b41e24485cea50d1cbac27 -> 
  custom:video-decoder-webm-vp8: 9c59270c3fd7afecdb556c50c9e8de78 -> 
  custom:audio-decoder-ogg-vorbis: bf7c407c2cedff20999df2af8eb42d56 -> 
========================================================================
Received Prepare
Registering precompiled user dll's ...
Registered in 0.010852 seconds.
Required property 'name' not set (Packages/com.unity.services.core/Runtime/Telemetry/Unity.Services.Core.Telemetry.asmdef)
Required property 'name' not set (Packages/com.unity.services.core/Runtime/Networking/Unity.Services.Core.Networking.asmdef)
Required property 'name' not set (Packages/com.unity.services.core/Runtime/Core.Internal/Unity.Services.Core.Internal.asmdef)
Required property 'name' not set (Packages/com.unity.services.core/Runtime/Configuration/Unity.Services.Core.Configuration.asmdef)
Required property 'name' not set (Packages/com.unity.services.core/Runtime/Core/Unity.Services.Core.asmdef)
Required property 'name' not set (Packages/com.unity.services.core/Editor/Core/Unity.Services.Core.Editor.asmdef)
Required property 'name' not set (Packages/com.unity.services.core/Editor/Core/Configuration/Unity.Services.Core.Configuration.Editor.asmdef)
Required property 'name' not set (Packages/com.unity.services.core/Runtime/Analytics/Unity.Services.Core.Analytics.asmdef)
Required property 'name' not set (Packages/com.unity.services.core/Runtime/Registration/Unity.Services.Core.Registration.asmdef)
Required property 'name' not set (Packages/com.unity.services.core/Runtime/Environments/Unity.Services.Core.Environments.asmdef)
Required property 'name' not set (Packages/com.unity.services.core/Runtime/Scheduler/Unity.Services.Core.Scheduler.asmdef)
Required property 'name' not set (Packages/com.unity.services.core/Runtime/Environments/Internal/Unity.Services.Core.Environments.Internal.asmdef)
Required property 'name' not set (Packages/com.unity.collab-proxy/Editor/Collaborate/Unity.CollabProxy.Editor.asmdef)
Required property 'name' not set (Packages/com.unity.collab-proxy/Tests/Editor/Collaborate/Unity.CollabProxy.EditorTests.asmdef)
Required property 'name' not set (Packages/com.unity.services.core/Runtime/Threading/Unity.Services.Core.Threading.asmdef)
Required property 'name' not set (Packages/com.unity.collab-proxy/Tests/Editor/PlasticSCM/Unity.PlasticSCM.EditorTests.asmdef)
Required property 'name' not set (Packages/com.unity.services.core/Runtime/Device/Unity.Services.Core.Device.asmdef)
Required property 'name' not set (Packages/com.unity.services.core/Runtime/Telemetry/Unity.Services.Core.Telemetry.asmdef)
Required property 'name' not set (Packages/com.unity.services.core/Runtime/Networking/Unity.Services.Core.Networking.asmdef)
Required property 'name' not set (Packages/com.unity.services.core/Runtime/Core.Internal/Unity.Services.Core.Internal.asmdef)
Required property 'name' not set (Packages/com.unity.services.core/Runtime/Configuration/Unity.Services.Core.Configuration.asmdef)
Required property 'name' not set (Packages/com.unity.services.core/Runtime/Core/Unity.Services.Core.asmdef)
Required property 'name' not set (Packages/com.unity.services.core/Editor/Core/Unity.Services.Core.Editor.asmdef)
Required property 'name' not set (Packages/com.unity.services.core/Editor/Core/Configuration/Unity.Services.Core.Configuration.Editor.asmdef)
Required property 'name' not set (Packages/com.unity.services.core/Runtime/Analytics/Unity.Services.Core.Analytics.asmdef)
Required property 'name' not set (Packages/com.unity.services.core/Runtime/Registration/Unity.Services.Core.Registration.asmdef)
Required property 'name' not set (Packages/com.unity.services.core/Runtime/Environments/Unity.Services.Core.Environments.asmdef)
Required property 'name' not set (Packages/com.unity.services.core/Runtime/Scheduler/Unity.Services.Core.Scheduler.asmdef)
Required property 'name' not set (Packages/com.unity.services.core/Runtime/Environments/Internal/Unity.Services.Core.Environments.Internal.asmdef)
Required property 'name' not set (Packages/com.unity.collab-proxy/Editor/Collaborate/Unity.CollabProxy.Editor.asmdef)
Required property 'name' not set (Packages/com.unity.collab-proxy/Tests/Editor/Collaborate/Unity.CollabProxy.EditorTests.asmdef)
Required property 'name' not set (Packages/com.unity.services.core/Runtime/Threading/Unity.Services.Core.Threading.asmdef)
Required property 'name' not set (Packages/com.unity.collab-proxy/Tests/Editor/PlasticSCM/Unity.PlasticSCM.EditorTests.asmdef)
Required property 'name' not set (Packages/com.unity.services.core/Runtime/Device/Unity.Services.Core.Device.asmdef)
Begin MonoManager ReloadAssembly
Symbol file LoadedFromMemory doesn't match image C:\Users\a0108\OneDrive\바탕 화면\sokovan\Library\PackageCache\com.unity.visualscripting@1.8.0\Editor\VisualScripting.Core\Dependencies\YamlDotNet\Unity.VisualScripting.YamlDotNet.dll
Symbol file LoadedFromMemory doesn't match image C:\Users\a0108\OneDrive\바탕 화면\sokovan\Library\PackageCache\com.unity.visualscripting@1.8.0\Editor\VisualScripting.Core\Dependencies\DotNetZip\Unity.VisualScripting.IonicZip.dll
Native extension for WindowsStandalone target not found
Native extension for WebGL target not found
Refreshing native plugins compatible for Editor in 0.68 ms, found 3 plugins.
Preloading 0 native plugins for Editor in 0.00 ms.
Required property 'name' not set (Packages/com.unity.services.core/Runtime/Telemetry/Unity.Services.Core.Telemetry.asmdef)
Required property 'name' not set (Packages/com.unity.services.core/Runtime/Networking/Unity.Services.Core.Networking.asmdef)
Required property 'name' not set (Packages/com.unity.services.core/Runtime/Core.Internal/Unity.Services.Core.Internal.asmdef)
Required property 'name' not set (Packages/com.unity.services.core/Runtime/Configuration/Unity.Services.Core.Configuration.asmdef)
Required property 'name' not set (Packages/com.unity.services.core/Runtime/Core/Unity.Services.Core.asmdef)
Required property 'name' not set (Packages/com.unity.services.core/Editor/Core/Unity.Services.Core.Editor.asmdef)
Required property 'name' not set (Packages/com.unity.services.core/Editor/Core/Configuration/Unity.Services.Core.Configuration.Editor.asmdef)
Required property 'name' not set (Packages/com.unity.services.core/Runtime/Analytics/Unity.Services.Core.Analytics.asmdef)
Required property 'name' not set (Packages/com.unity.services.core/Runtime/Registration/Unity.Services.Core.Registration.asmdef)
Required property 'name' not set (Packages/com.unity.services.core/Runtime/Environments/Unity.Services.Core.Environments.asmdef)
Required property 'name' not set (Packages/com.unity.services.core/Runtime/Scheduler/Unity.Services.Core.Scheduler.asmdef)
Required property 'name' not set (Packages/com.unity.services.core/Runtime/Environments/Internal/Unity.Services.Core.Environments.Internal.asmdef)
Required property 'name' not set (Packages/com.unity.collab-proxy/Editor/Collaborate/Unity.CollabProxy.Editor.asmdef)
Required property 'name' not set (Packages/com.unity.collab-proxy/Tests/Editor/Collaborate/Unity.CollabProxy.EditorTests.asmdef)
Required property 'name' not set (Packages/com.unity.services.core/Runtime/Threading/Unity.Services.Core.Threading.asmdef)
Required property 'name' not set (Packages/com.unity.collab-proxy/Tests/Editor/PlasticSCM/Unity.PlasticSCM.EditorTests.asmdef)
Required property 'name' not set (Packages/com.unity.services.core/Runtime/Device/Unity.Services.Core.Device.asmdef)
Mono: successfully reloaded assembly
- Completed reload, in  2.089 seconds
Domain Reload Profiling:
	ReloadAssembly (2089ms)
		BeginReloadAssembly (170ms)
			ExecutionOrderSort (0ms)
			DisableScriptedObjects (4ms)
			BackupInstance (0ms)
			ReleaseScriptingObjects (0ms)
			CreateAndSetChildDomain (28ms)
		EndReloadAssembly (1743ms)
			LoadAssemblies (207ms)
			RebuildTransferFunctionScriptingTraits (0ms)
			SetupTypeCache (641ms)
			ReleaseScriptCaches (3ms)
			RebuildScriptCaches (73ms)
			SetupLoadedEditorAssemblies (673ms)
				LogAssemblyErrors (0ms)
				InitializePlatformSupportModulesInManaged (22ms)
				SetLoadedEditorAssemblies (1ms)
				RefreshPlugins (1ms)
				BeforeProcessingInitializeOnLoad (190ms)
				ProcessInitializeOnLoadAttributes (396ms)
				ProcessInitializeOnLoadMethodAttributes (31ms)
				AfterProcessingInitializeOnLoad (32ms)
				EditorAssembliesLoaded (0ms)
			ExecutionOrderSort2 (0ms)
			AwakeInstancesAfterBackupRestoration (31ms)
Platform modules already initialized, skipping
Refreshing native plugins compatible for Editor in 4.04 ms, found 3 plugins.
Preloading 0 native plugins for Editor in 0.00 ms.
Unloading 3043 Unused Serialized files (Serialized files now loaded: 0)
Unloading 15 unused Assets / (24.7 KB). Loaded Objects now: 3671.
Memory consumption went from 117.0 MB to 117.0 MB.
Total: 4.381300 ms (FindLiveObjects: 0.232300 ms CreateObjectMapping: 0.096700 ms MarkObjects: 4.011300 ms  DeleteObjects: 0.039100 ms)

AssetImportParameters requested are different than current active one (requested -> active):
  custom:video-decoder-ogg-theora: a1e56fd34408186e4bbccfd4996cb3dc -> 
  custom:container-muxer-webm: aa71ff27fc2769a1b78a27578f13a17b -> 
  custom:container-demuxer-webm: 4f35f7cbe854078d1ac9338744f61a02 -> 
  custom:video-encoder-webm-vp8: eb34c28f22e8b96e1ab97ce403110664 -> 
  custom:video-codec-MediaFoundation-h265: 746d11721c4dcdbdad8f713fa42b33f4 -> 
  custom:audio-encoder-webm-vorbis: bf7c407c2cedff20999df2af8eb42d56 -> 
  custom:framework-win-MediaFoundation: 216162199b28c13a410421893ffa2e32 -> 
  custom:container-demuxer-ogg: 62fdf1f143b41e24485cea50d1cbac27 -> 
  custom:video-decoder-webm-vp8: 9c59270c3fd7afecdb556c50c9e8de78 -> 
  custom:audio-decoder-ogg-vorbis: bf7c407c2cedff20999df2af8eb42d56 -> 
========================================================================
Received Import Request.
  Time since last request: 1504.606465 seconds.
  path: Assets/Scenes/Itembox.prefab
  artifactKey: Guid(9c5413d7fa4fc3542bf0f2514ff0f819) Importer(815301076,1909f56bfc062723c751e8b465ee728b)
Start importing Assets/Scenes/Itembox.prefab using Guid(9c5413d7fa4fc3542bf0f2514ff0f819) Importer(815301076,1909f56bfc062723c751e8b465ee728b)  -> (artifact id: 'bf4df8e8c9e9ca5d9695faf830ed1fc0') in 0.124941 seconds 
========================================================================
Received Prepare
Registering precompiled user dll's ...
Registered in 0.007224 seconds.
Required property 'name' not set (Packages/com.unity.services.core/Runtime/Telemetry/Unity.Services.Core.Telemetry.asmdef)
Required property 'name' not set (Packages/com.unity.services.core/Runtime/Networking/Unity.Services.Core.Networking.asmdef)
Required property 'name' not set (Packages/com.unity.services.core/Runtime/Core.Internal/Unity.Services.Core.Internal.asmdef)
Required property 'name' not set (Packages/com.unity.services.core/Runtime/Configuration/Unity.Services.Core.Configuration.asmdef)
Required property 'name' not set (Packages/com.unity.services.core/Runtime/Core/Unity.Services.Core.asmdef)
Required property 'name' not set (Packages/com.unity.services.core/Editor/Core/Unity.Services.Core.Editor.asmdef)
Required property 'name' not set (Packages/com.unity.services.core/Editor/Core/Configuration/Unity.Services.Core.Configuration.Editor.asmdef)
Required property 'name' not set (Packages/com.unity.services.core/Runtime/Analytics/Unity.Services.Core.Analytics.asmdef)
Required property 'name' not set (Packages/com.unity.services.core/Runtime/Registration/Unity.Services.Core.Registration.asmdef)
Required property 'name' not set (Packages/com.unity.services.core/Runtime/Environments/Unity.Services.Core.Environments.asmdef)
Required property 'name' not set (Packages/com.unity.services.core/Runtime/Scheduler/Unity.Services.Core.Scheduler.asmdef)
Required property 'name' not set (Packages/com.unity.services.core/Runtime/Environments/Internal/Unity.Services.Core.Environments.Internal.asmdef)
Required property 'name' not set (Packages/com.unity.collab-proxy/Editor/Collaborate/Unity.CollabProxy.Editor.asmdef)
Required property 'name' not set (Packages/com.unity.collab-proxy/Tests/Editor/Collaborate/Unity.CollabProxy.EditorTests.asmdef)
Required property 'name' not set (Packages/com.unity.services.core/Runtime/Threading/Unity.Services.Core.Threading.asmdef)
Required property 'name' not set (Packages/com.unity.collab-proxy/Tests/Editor/PlasticSCM/Unity.PlasticSCM.EditorTests.asmdef)
Required property 'name' not set (Packages/com.unity.services.core/Runtime/Device/Unity.Services.Core.Device.asmdef)
Required property 'name' not set (Packages/com.unity.services.core/Runtime/Telemetry/Unity.Services.Core.Telemetry.asmdef)
Required property 'name' not set (Packages/com.unity.services.core/Runtime/Networking/Unity.Services.Core.Networking.asmdef)
Required property 'name' not set (Packages/com.unity.services.core/Runtime/Core.Internal/Unity.Services.Core.Internal.asmdef)
Required property 'name' not set (Packages/com.unity.services.core/Runtime/Configuration/Unity.Services.Core.Configuration.asmdef)
Required property 'name' not set (Packages/com.unity.services.core/Runtime/Core/Unity.Services.Core.asmdef)
Required property 'name' not set (Packages/com.unity.services.core/Editor/Core/Unity.Services.Core.Editor.asmdef)
Required property 'name' not set (Packages/com.unity.services.core/Editor/Core/Configuration/Unity.Services.Core.Configuration.Editor.asmdef)
Required property 'name' not set (Packages/com.unity.services.core/Runtime/Analytics/Unity.Services.Core.Analytics.asmdef)
Required property 'name' not set (Packages/com.unity.services.core/Runtime/Registration/Unity.Services.Core.Registration.asmdef)
Required property 'name' not set (Packages/com.unity.services.core/Runtime/Environments/Unity.Services.Core.Environments.asmdef)
Required property 'name' not set (Packages/com.unity.services.core/Runtime/Scheduler/Unity.Services.Core.Scheduler.asmdef)
Required property 'name' not set (Packages/com.unity.services.core/Runtime/Environments/Internal/Unity.Services.Core.Environments.Internal.asmdef)
Required property 'name' not set (Packages/com.unity.collab-proxy/Editor/Collaborate/Unity.CollabProxy.Editor.asmdef)
Required property 'name' not set (Packages/com.unity.collab-proxy/Tests/Editor/Collaborate/Unity.CollabProxy.EditorTests.asmdef)
Required property 'name' not set (Packages/com.unity.services.core/Runtime/Threading/Unity.Services.Core.Threading.asmdef)
Required property 'name' not set (Packages/com.unity.collab-proxy/Tests/Editor/PlasticSCM/Unity.PlasticSCM.EditorTests.asmdef)
Required property 'name' not set (Packages/com.unity.services.core/Runtime/Device/Unity.Services.Core.Device.asmdef)
Begin MonoManager ReloadAssembly
Symbol file LoadedFromMemory doesn't match image C:\Users\a0108\OneDrive\바탕 화면\sokovan\Library\PackageCache\com.unity.visualscripting@1.8.0\Editor\VisualScripting.Core\Dependencies\YamlDotNet\Unity.VisualScripting.YamlDotNet.dll
Symbol file LoadedFromMemory doesn't match image C:\Users\a0108\OneDrive\바탕 화면\sokovan\Library\PackageCache\com.unity.visualscripting@1.8.0\Editor\VisualScripting.Core\Dependencies\DotNetZip\Unity.VisualScripting.IonicZip.dll
Native extension for WindowsStandalone target not found
Native extension for WebGL target not found
Refreshing native plugins compatible for Editor in 0.39 ms, found 3 plugins.
Preloading 0 native plugins for Editor in 0.00 ms.
Required property 'name' not set (Packages/com.unity.services.core/Runtime/Telemetry/Unity.Services.Core.Telemetry.asmdef)
Required property 'name' not set (Packages/com.unity.services.core/Runtime/Networking/Unity.Services.Core.Networking.asmdef)
Required property 'name' not set (Packages/com.unity.services.core/Runtime/Core.Internal/Unity.Services.Core.Internal.asmdef)
Required property 'name' not set (Packages/com.unity.services.core/Runtime/Configuration/Unity.Services.Core.Configuration.asmdef)
Required property 'name' not set (Packages/com.unity.services.core/Runtime/Core/Unity.Services.Core.asmdef)
Required property 'name' not set (Packages/com.unity.services.core/Editor/Core/Unity.Services.Core.Editor.asmdef)
Required property 'name' not set (Packages/com.unity.services.core/Editor/Core/Configuration/Unity.Services.Core.Configuration.Editor.asmdef)
Required property 'name' not set (Packages/com.unity.services.core/Runtime/Analytics/Unity.Services.Core.Analytics.asmdef)
Required property 'name' not set (Packages/com.unity.services.core/Runtime/Registration/Unity.Services.Core.Registration.asmdef)
Required property 'name' not set (Packages/com.unity.services.core/Runtime/Environments/Unity.Services.Core.Environments.asmdef)
Required property 'name' not set (Packages/com.unity.services.core/Runtime/Scheduler/Unity.Services.Core.Scheduler.asmdef)
Required property 'name' not set (Packages/com.unity.services.core/Runtime/Environments/Internal/Unity.Services.Core.Environments.Internal.asmdef)
Required property 'name' not set (Packages/com.unity.collab-proxy/Editor/Collaborate/Unity.CollabProxy.Editor.asmdef)
Required property 'name' not set (Packages/com.unity.collab-proxy/Tests/Editor/Collaborate/Unity.CollabProxy.EditorTests.asmdef)
Required property 'name' not set (Packages/com.unity.services.core/Runtime/Threading/Unity.Services.Core.Threading.asmdef)
Required property 'name' not set (Packages/com.unity.collab-proxy/Tests/Editor/PlasticSCM/Unity.PlasticSCM.EditorTests.asmdef)
Required property 'name' not set (Packages/com.unity.services.core/Runtime/Device/Unity.Services.Core.Device.asmdef)
Mono: successfully reloaded assembly
- Completed reload, in  1.094 seconds
Domain Reload Profiling:
	ReloadAssembly (1094ms)
		BeginReloadAssembly (330ms)
			ExecutionOrderSort (0ms)
			DisableScriptedObjects (9ms)
			BackupInstance (0ms)
			ReleaseScriptingObjects (0ms)
			CreateAndSetChildDomain (61ms)
		EndReloadAssembly (578ms)
			LoadAssemblies (231ms)
			RebuildTransferFunctionScriptingTraits (0ms)
			SetupTypeCache (189ms)
			ReleaseScriptCaches (1ms)
			RebuildScriptCaches (29ms)
			SetupLoadedEditorAssemblies (249ms)
				LogAssemblyErrors (0ms)
				InitializePlatformSupportModulesInManaged (6ms)
				SetLoadedEditorAssemblies (0ms)
				RefreshPlugins (0ms)
				BeforeProcessingInitializeOnLoad (71ms)
				ProcessInitializeOnLoadAttributes (147ms)
				ProcessInitializeOnLoadMethodAttributes (14ms)
				AfterProcessingInitializeOnLoad (9ms)
				EditorAssembliesLoaded (0ms)
			ExecutionOrderSort2 (0ms)
			AwakeInstancesAfterBackupRestoration (7ms)
Platform modules already initialized, skipping
Refreshing native plugins compatible for Editor in 2.75 ms, found 3 plugins.
Preloading 0 native plugins for Editor in 0.00 ms.
Unloading 3043 Unused Serialized files (Serialized files now loaded: 0)
Unloading 15 unused Assets / (24.6 KB). Loaded Objects now: 3674.
Memory consumption went from 117.1 MB to 117.0 MB.
Total: 2.616800 ms (FindLiveObjects: 0.211500 ms CreateObjectMapping: 0.082400 ms MarkObjects: 2.299200 ms  DeleteObjects: 0.022500 ms)

AssetImportParameters requested are different than current active one (requested -> active):
  custom:video-decoder-ogg-theora: a1e56fd34408186e4bbccfd4996cb3dc -> 
  custom:container-muxer-webm: aa71ff27fc2769a1b78a27578f13a17b -> 
  custom:container-demuxer-webm: 4f35f7cbe854078d1ac9338744f61a02 -> 
  custom:video-encoder-webm-vp8: eb34c28f22e8b96e1ab97ce403110664 -> 
  custom:video-codec-MediaFoundation-h265: 746d11721c4dcdbdad8f713fa42b33f4 -> 
  custom:audio-encoder-webm-vorbis: bf7c407c2cedff20999df2af8eb42d56 -> 
  custom:framework-win-MediaFoundation: 216162199b28c13a410421893ffa2e32 -> 
  custom:container-demuxer-ogg: 62fdf1f143b41e24485cea50d1cbac27 -> 
  custom:video-decoder-webm-vp8: 9c59270c3fd7afecdb556c50c9e8de78 -> 
  custom:audio-decoder-ogg-vorbis: bf7c407c2cedff20999df2af8eb42d56 -> 
========================================================================
Received Import Request.
  Time since last request: 34.966172 seconds.
  path: Assets/Scenes/GameManager.cs
  artifactKey: Guid(1305f65e2669ded479e51fe82aa275b0) Importer(815301076,1909f56bfc062723c751e8b465ee728b)
Start importing Assets/Scenes/GameManager.cs using Guid(1305f65e2669ded479e51fe82aa275b0) Importer(815301076,1909f56bfc062723c751e8b465ee728b)  -> (artifact id: '1262d7ed37b6e52dc99205b00932a0a9') in 0.018394 seconds 
========================================================================
Received Prepare
Registering precompiled user dll's ...
Registered in 0.007847 seconds.
Required property 'name' not set (Packages/com.unity.services.core/Runtime/Telemetry/Unity.Services.Core.Telemetry.asmdef)
Required property 'name' not set (Packages/com.unity.services.core/Runtime/Networking/Unity.Services.Core.Networking.asmdef)
Required property 'name' not set (Packages/com.unity.services.core/Runtime/Core.Internal/Unity.Services.Core.Internal.asmdef)
Required property 'name' not set (Packages/com.unity.services.core/Runtime/Configuration/Unity.Services.Core.Configuration.asmdef)
Required property 'name' not set (Packages/com.unity.services.core/Runtime/Core/Unity.Services.Core.asmdef)
Required property 'name' not set (Packages/com.unity.services.core/Editor/Core/Unity.Services.Core.Editor.asmdef)
Required property 'name' not set (Packages/com.unity.services.core/Editor/Core/Configuration/Unity.Services.Core.Configuration.Editor.asmdef)
Required property 'name' not set (Packages/com.unity.services.core/Runtime/Analytics/Unity.Services.Core.Analytics.asmdef)
Required property 'name' not set (Packages/com.unity.services.core/Runtime/Registration/Unity.Services.Core.Registration.asmdef)
Required property 'name' not set (Packages/com.unity.services.core/Runtime/Environments/Unity.Services.Core.Environments.asmdef)
Required property 'name' not set (Packages/com.unity.services.core/Runtime/Scheduler/Unity.Services.Core.Scheduler.asmdef)
Required property 'name' not set (Packages/com.unity.services.core/Runtime/Environments/Internal/Unity.Services.Core.Environments.Internal.asmdef)
Required property 'name' not set (Packages/com.unity.collab-proxy/Editor/Collaborate/Unity.CollabProxy.Editor.asmdef)
Required property 'name' not set (Packages/com.unity.collab-proxy/Tests/Editor/Collaborate/Unity.CollabProxy.EditorTests.asmdef)
Required property 'name' not set (Packages/com.unity.services.core/Runtime/Threading/Unity.Services.Core.Threading.asmdef)
Required property 'name' not set (Packages/com.unity.collab-proxy/Tests/Editor/PlasticSCM/Unity.PlasticSCM.EditorTests.asmdef)
Required property 'name' not set (Packages/com.unity.services.core/Runtime/Device/Unity.Services.Core.Device.asmdef)
Required property 'name' not set (Packages/com.unity.services.core/Runtime/Telemetry/Unity.Services.Core.Telemetry.asmdef)
Required property 'name' not set (Packages/com.unity.services.core/Runtime/Networking/Unity.Services.Core.Networking.asmdef)
Required property 'name' not set (Packages/com.unity.services.core/Runtime/Core.Internal/Unity.Services.Core.Internal.asmdef)
Required property 'name' not set (Packages/com.unity.services.core/Runtime/Configuration/Unity.Services.Core.Configuration.asmdef)
Required property 'name' not set (Packages/com.unity.services.core/Runtime/Core/Unity.Services.Core.asmdef)
Required property 'name' not set (Packages/com.unity.services.core/Editor/Core/Unity.Services.Core.Editor.asmdef)
Required property 'name' not set (Packages/com.unity.services.core/Editor/Core/Configuration/Unity.Services.Core.Configuration.Editor.asmdef)
Required property 'name' not set (Packages/com.unity.services.core/Runtime/Analytics/Unity.Services.Core.Analytics.asmdef)
Required property 'name' not set (Packages/com.unity.services.core/Runtime/Registration/Unity.Services.Core.Registration.asmdef)
Required property 'name' not set (Packages/com.unity.services.core/Runtime/Environments/Unity.Services.Core.Environments.asmdef)
Required property 'name' not set (Packages/com.unity.services.core/Runtime/Scheduler/Unity.Services.Core.Scheduler.asmdef)
Required property 'name' not set (Packages/com.unity.services.core/Runtime/Environments/Internal/Unity.Services.Core.Environments.Internal.asmdef)
Required property 'name' not set (Packages/com.unity.collab-proxy/Editor/Collaborate/Unity.CollabProxy.Editor.asmdef)
Required property 'name' not set (Packages/com.unity.collab-proxy/Tests/Editor/Collaborate/Unity.CollabProxy.EditorTests.asmdef)
Required property 'name' not set (Packages/com.unity.services.core/Runtime/Threading/Unity.Services.Core.Threading.asmdef)
Required property 'name' not set (Packages/com.unity.collab-proxy/Tests/Editor/PlasticSCM/Unity.PlasticSCM.EditorTests.asmdef)
Required property 'name' not set (Packages/com.unity.services.core/Runtime/Device/Unity.Services.Core.Device.asmdef)
Begin MonoManager ReloadAssembly
Symbol file LoadedFromMemory doesn't match image C:\Users\a0108\OneDrive\바탕 화면\sokovan\Library\PackageCache\com.unity.visualscripting@1.8.0\Editor\VisualScripting.Core\Dependencies\YamlDotNet\Unity.VisualScripting.YamlDotNet.dll
Symbol file LoadedFromMemory doesn't match image C:\Users\a0108\OneDrive\바탕 화면\sokovan\Library\PackageCache\com.unity.visualscripting@1.8.0\Editor\VisualScripting.Core\Dependencies\DotNetZip\Unity.VisualScripting.IonicZip.dll
Native extension for WindowsStandalone target not found
Native extension for WebGL target not found
Refreshing native plugins compatible for Editor in 0.38 ms, found 3 plugins.
Preloading 0 native plugins for Editor in 0.00 ms.
Required property 'name' not set (Packages/com.unity.services.core/Runtime/Telemetry/Unity.Services.Core.Telemetry.asmdef)
Required property 'name' not set (Packages/com.unity.services.core/Runtime/Networking/Unity.Services.Core.Networking.asmdef)
Required property 'name' not set (Packages/com.unity.services.core/Runtime/Core.Internal/Unity.Services.Core.Internal.asmdef)
Required property 'name' not set (Packages/com.unity.services.core/Runtime/Configuration/Unity.Services.Core.Configuration.asmdef)
Required property 'name' not set (Packages/com.unity.services.core/Runtime/Core/Unity.Services.Core.asmdef)
Required property 'name' not set (Packages/com.unity.services.core/Editor/Core/Unity.Services.Core.Editor.asmdef)
Required property 'name' not set (Packages/com.unity.services.core/Editor/Core/Configuration/Unity.Services.Core.Configuration.Editor.asmdef)
Required property 'name' not set (Packages/com.unity.services.core/Runtime/Analytics/Unity.Services.Core.Analytics.asmdef)
Required property 'name' not set (Packages/com.unity.services.core/Runtime/Registration/Unity.Services.Core.Registration.asmdef)
Required property 'name' not set (Packages/com.unity.services.core/Runtime/Environments/Unity.Services.Core.Environments.asmdef)
Required property 'name' not set (Packages/com.unity.services.core/Runtime/Scheduler/Unity.Services.Core.Scheduler.asmdef)
Required property 'name' not set (Packages/com.unity.services.core/Runtime/Environments/Internal/Unity.Services.Core.Environments.Internal.asmdef)
Required property 'name' not set (Packages/com.unity.collab-proxy/Editor/Collaborate/Unity.CollabProxy.Editor.asmdef)
Required property 'name' not set (Packages/com.unity.collab-proxy/Tests/Editor/Collaborate/Unity.CollabProxy.EditorTests.asmdef)
Required property 'name' not set (Packages/com.unity.services.core/Runtime/Threading/Unity.Services.Core.Threading.asmdef)
Required property 'name' not set (Packages/com.unity.collab-proxy/Tests/Editor/PlasticSCM/Unity.PlasticSCM.EditorTests.asmdef)
Required property 'name' not set (Packages/com.unity.services.core/Runtime/Device/Unity.Services.Core.Device.asmdef)
Mono: successfully reloaded assembly
- Completed reload, in  1.071 seconds
Domain Reload Profiling:
	ReloadAssembly (1072ms)
		BeginReloadAssembly (303ms)
			ExecutionOrderSort (0ms)
			DisableScriptedObjects (11ms)
			BackupInstance (0ms)
			ReleaseScriptingObjects (0ms)
			CreateAndSetChildDomain (61ms)
		EndReloadAssembly (576ms)
			LoadAssemblies (197ms)
			RebuildTransferFunctionScriptingTraits (0ms)
			SetupTypeCache (181ms)
			ReleaseScriptCaches (1ms)
			RebuildScriptCaches (27ms)
			SetupLoadedEditorAssemblies (254ms)
				LogAssemblyErrors (0ms)
				InitializePlatformSupportModulesInManaged (7ms)
				SetLoadedEditorAssemblies (0ms)
				RefreshPlugins (0ms)
				BeforeProcessingInitializeOnLoad (77ms)
				ProcessInitializeOnLoadAttributes (143ms)
				ProcessInitializeOnLoadMethodAttributes (14ms)
				AfterProcessingInitializeOnLoad (13ms)
				EditorAssembliesLoaded (0ms)
			ExecutionOrderSort2 (0ms)
			AwakeInstancesAfterBackupRestoration (8ms)
Platform modules already initialized, skipping
Refreshing native plugins compatible for Editor in 1.74 ms, found 3 plugins.
Preloading 0 native plugins for Editor in 0.00 ms.
Unloading 3044 Unused Serialized files (Serialized files now loaded: 0)
Unloading 15 unused Assets / (24.7 KB). Loaded Objects now: 3678.
Memory consumption went from 117.1 MB to 117.1 MB.
Total: 2.351200 ms (FindLiveObjects: 0.196400 ms CreateObjectMapping: 0.085400 ms MarkObjects: 2.044000 ms  DeleteObjects: 0.024400 ms)

AssetImportParameters requested are different than current active one (requested -> active):
  custom:video-decoder-ogg-theora: a1e56fd34408186e4bbccfd4996cb3dc -> 
  custom:container-muxer-webm: aa71ff27fc2769a1b78a27578f13a17b -> 
  custom:container-demuxer-webm: 4f35f7cbe854078d1ac9338744f61a02 -> 
  custom:video-encoder-webm-vp8: eb34c28f22e8b96e1ab97ce403110664 -> 
  custom:video-codec-MediaFoundation-h265: 746d11721c4dcdbdad8f713fa42b33f4 -> 
  custom:audio-encoder-webm-vorbis: bf7c407c2cedff20999df2af8eb42d56 -> 
  custom:framework-win-MediaFoundation: 216162199b28c13a410421893ffa2e32 -> 
  custom:container-demuxer-ogg: 62fdf1f143b41e24485cea50d1cbac27 -> 
  custom:video-decoder-webm-vp8: 9c59270c3fd7afecdb556c50c9e8de78 -> 
  custom:audio-decoder-ogg-vorbis: bf7c407c2cedff20999df2af8eb42d56 -> 
========================================================================
Received Import Request.
  Time since last request: 297.596871 seconds.
  path: Assets/Scenes/GameManager.cs
  artifactKey: Guid(1305f65e2669ded479e51fe82aa275b0) Importer(815301076,1909f56bfc062723c751e8b465ee728b)
Start importing Assets/Scenes/GameManager.cs using Guid(1305f65e2669ded479e51fe82aa275b0) Importer(815301076,1909f56bfc062723c751e8b465ee728b)  -> (artifact id: '4083035fda8d2787a5de094a32d961c8') in 0.024145 seconds 
========================================================================
Received Import Request.
  Time since last request: 282.387750 seconds.
  path: Assets/Scenes/ItemBox.cs
  artifactKey: Guid(7558a160843c25c43a46b5031d0eee23) Importer(815301076,1909f56bfc062723c751e8b465ee728b)
Start importing Assets/Scenes/ItemBox.cs using Guid(7558a160843c25c43a46b5031d0eee23) Importer(815301076,1909f56bfc062723c751e8b465ee728b)  -> (artifact id: '712e086aec0994496d1ae7806284f7f9') in 0.002344 seconds 
========================================================================
Received Import Request.
  Time since last request: 12.023384 seconds.
  path: Assets/ItemBox.cs
  artifactKey: Guid(a8fa419aba1e28f438b5732691bbd1b5) Importer(815301076,1909f56bfc062723c751e8b465ee728b)
Start importing Assets/ItemBox.cs using Guid(a8fa419aba1e28f438b5732691bbd1b5) Importer(815301076,1909f56bfc062723c751e8b465ee728b)  -> (artifact id: 'ba8e901ecb18a98eed3b8dbbed2ecc27') in 0.011675 seconds 
========================================================================
Received Prepare
Registering precompiled user dll's ...
Registered in 0.006894 seconds.
Required property 'name' not set (Packages/com.unity.services.core/Runtime/Telemetry/Unity.Services.Core.Telemetry.asmdef)
Required property 'name' not set (Packages/com.unity.services.core/Runtime/Networking/Unity.Services.Core.Networking.asmdef)
Required property 'name' not set (Packages/com.unity.services.core/Runtime/Core.Internal/Unity.Services.Core.Internal.asmdef)
Required property 'name' not set (Packages/com.unity.services.core/Runtime/Configuration/Unity.Services.Core.Configuration.asmdef)
Required property 'name' not set (Packages/com.unity.services.core/Runtime/Core/Unity.Services.Core.asmdef)
Required property 'name' not set (Packages/com.unity.services.core/Editor/Core/Unity.Services.Core.Editor.asmdef)
Required property 'name' not set (Packages/com.unity.services.core/Editor/Core/Configuration/Unity.Services.Core.Configuration.Editor.asmdef)
Required property 'name' not set (Packages/com.unity.services.core/Runtime/Analytics/Unity.Services.Core.Analytics.asmdef)
Required property 'name' not set (Packages/com.unity.services.core/Runtime/Registration/Unity.Services.Core.Registration.asmdef)
Required property 'name' not set (Packages/com.unity.services.core/Runtime/Environments/Unity.Services.Core.Environments.asmdef)
Required property 'name' not set (Packages/com.unity.services.core/Runtime/Scheduler/Unity.Services.Core.Scheduler.asmdef)
Required property 'name' not set (Packages/com.unity.services.core/Runtime/Environments/Internal/Unity.Services.Core.Environments.Internal.asmdef)
Required property 'name' not set (Packages/com.unity.collab-proxy/Editor/Collaborate/Unity.CollabProxy.Editor.asmdef)
Required property 'name' not set (Packages/com.unity.collab-proxy/Tests/Editor/Collaborate/Unity.CollabProxy.EditorTests.asmdef)
Required property 'name' not set (Packages/com.unity.services.core/Runtime/Threading/Unity.Services.Core.Threading.asmdef)
Required property 'name' not set (Packages/com.unity.collab-proxy/Tests/Editor/PlasticSCM/Unity.PlasticSCM.EditorTests.asmdef)
Required property 'name' not set (Packages/com.unity.services.core/Runtime/Device/Unity.Services.Core.Device.asmdef)
Required property 'name' not set (Packages/com.unity.services.core/Runtime/Telemetry/Unity.Services.Core.Telemetry.asmdef)
Required property 'name' not set (Packages/com.unity.services.core/Runtime/Networking/Unity.Services.Core.Networking.asmdef)
Required property 'name' not set (Packages/com.unity.services.core/Runtime/Core.Internal/Unity.Services.Core.Internal.asmdef)
Required property 'name' not set (Packages/com.unity.services.core/Runtime/Configuration/Unity.Services.Core.Configuration.asmdef)
Required property 'name' not set (Packages/com.unity.services.core/Runtime/Core/Unity.Services.Core.asmdef)
Required property 'name' not set (Packages/com.unity.services.core/Editor/Core/Unity.Services.Core.Editor.asmdef)
Required property 'name' not set (Packages/com.unity.services.core/Editor/Core/Configuration/Unity.Services.Core.Configuration.Editor.asmdef)
Required property 'name' not set (Packages/com.unity.services.core/Runtime/Analytics/Unity.Services.Core.Analytics.asmdef)
Required property 'name' not set (Packages/com.unity.services.core/Runtime/Registration/Unity.Services.Core.Registration.asmdef)
Required property 'name' not set (Packages/com.unity.services.core/Runtime/Environments/Unity.Services.Core.Environments.asmdef)
Required property 'name' not set (Packages/com.unity.services.core/Runtime/Scheduler/Unity.Services.Core.Scheduler.asmdef)
Required property 'name' not set (Packages/com.unity.services.core/Runtime/Environments/Internal/Unity.Services.Core.Environments.Internal.asmdef)
Required property 'name' not set (Packages/com.unity.collab-proxy/Editor/Collaborate/Unity.CollabProxy.Editor.asmdef)
Required property 'name' not set (Packages/com.unity.collab-proxy/Tests/Editor/Collaborate/Unity.CollabProxy.EditorTests.asmdef)
Required property 'name' not set (Packages/com.unity.services.core/Runtime/Threading/Unity.Services.Core.Threading.asmdef)
Required property 'name' not set (Packages/com.unity.collab-proxy/Tests/Editor/PlasticSCM/Unity.PlasticSCM.EditorTests.asmdef)
Required property 'name' not set (Packages/com.unity.services.core/Runtime/Device/Unity.Services.Core.Device.asmdef)
Begin MonoManager ReloadAssembly
Symbol file LoadedFromMemory doesn't match image C:\Users\a0108\OneDrive\바탕 화면\sokovan\Library\PackageCache\com.unity.visualscripting@1.8.0\Editor\VisualScripting.Core\Dependencies\YamlDotNet\Unity.VisualScripting.YamlDotNet.dll
Symbol file LoadedFromMemory doesn't match image C:\Users\a0108\OneDrive\바탕 화면\sokovan\Library\PackageCache\com.unity.visualscripting@1.8.0\Editor\VisualScripting.Core\Dependencies\DotNetZip\Unity.VisualScripting.IonicZip.dll
Native extension for WindowsStandalone target not found
Native extension for WebGL target not found
Refreshing native plugins compatible for Editor in 0.40 ms, found 3 plugins.
Preloading 0 native plugins for Editor in 0.00 ms.
Required property 'name' not set (Packages/com.unity.services.core/Runtime/Telemetry/Unity.Services.Core.Telemetry.asmdef)
Required property 'name' not set (Packages/com.unity.services.core/Runtime/Networking/Unity.Services.Core.Networking.asmdef)
Required property 'name' not set (Packages/com.unity.services.core/Runtime/Core.Internal/Unity.Services.Core.Internal.asmdef)
Required property 'name' not set (Packages/com.unity.services.core/Runtime/Configuration/Unity.Services.Core.Configuration.asmdef)
Required property 'name' not set (Packages/com.unity.services.core/Runtime/Core/Unity.Services.Core.asmdef)
Required property 'name' not set (Packages/com.unity.services.core/Editor/Core/Unity.Services.Core.Editor.asmdef)
Required property 'name' not set (Packages/com.unity.services.core/Editor/Core/Configuration/Unity.Services.Core.Configuration.Editor.asmdef)
Required property 'name' not set (Packages/com.unity.services.core/Runtime/Analytics/Unity.Services.Core.Analytics.asmdef)
Required property 'name' not set (Packages/com.unity.services.core/Runtime/Registration/Unity.Services.Core.Registration.asmdef)
Required property 'name' not set (Packages/com.unity.services.core/Runtime/Environments/Unity.Services.Core.Environments.asmdef)
Required property 'name' not set (Packages/com.unity.services.core/Runtime/Scheduler/Unity.Services.Core.Scheduler.asmdef)
Required property 'name' not set (Packages/com.unity.services.core/Runtime/Environments/Internal/Unity.Services.Core.Environments.Internal.asmdef)
Required property 'name' not set (Packages/com.unity.collab-proxy/Editor/Collaborate/Unity.CollabProxy.Editor.asmdef)
Required property 'name' not set (Packages/com.unity.collab-proxy/Tests/Editor/Collaborate/Unity.CollabProxy.EditorTests.asmdef)
Required property 'name' not set (Packages/com.unity.services.core/Runtime/Threading/Unity.Services.Core.Threading.asmdef)
Required property 'name' not set (Packages/com.unity.collab-proxy/Tests/Editor/PlasticSCM/Unity.PlasticSCM.EditorTests.asmdef)
Required property 'name' not set (Packages/com.unity.services.core/Runtime/Device/Unity.Services.Core.Device.asmdef)
Mono: successfully reloaded assembly
- Completed reload, in  1.082 seconds
Domain Reload Profiling:
	ReloadAssembly (1083ms)
		BeginReloadAssembly (367ms)
			ExecutionOrderSort (0ms)
			DisableScriptedObjects (15ms)
			BackupInstance (0ms)
			ReleaseScriptingObjects (0ms)
			CreateAndSetChildDomain (94ms)
		EndReloadAssembly (629ms)
			LoadAssemblies (214ms)
			RebuildTransferFunctionScriptingTraits (0ms)
			SetupTypeCache (188ms)
			ReleaseScriptCaches (1ms)
			RebuildScriptCaches (27ms)
			SetupLoadedEditorAssemblies (278ms)
				LogAssemblyErrors (0ms)
				InitializePlatformSupportModulesInManaged (7ms)
				SetLoadedEditorAssemblies (0ms)
				RefreshPlugins (0ms)
				BeforeProcessingInitializeOnLoad (79ms)
				ProcessInitializeOnLoadAttributes (152ms)
				ProcessInitializeOnLoadMethodAttributes (23ms)
				AfterProcessingInitializeOnLoad (16ms)
				EditorAssembliesLoaded (0ms)
			ExecutionOrderSort2 (0ms)
			AwakeInstancesAfterBackupRestoration (14ms)
Platform modules already initialized, skipping
Refreshing native plugins compatible for Editor in 2.49 ms, found 3 plugins.
Preloading 0 native plugins for Editor in 0.00 ms.
Unloading 3044 Unused Serialized files (Serialized files now loaded: 0)
Unloading 15 unused Assets / (24.6 KB). Loaded Objects now: 3681.
Memory consumption went from 117.1 MB to 117.1 MB.
Total: 2.674400 ms (FindLiveObjects: 0.244200 ms CreateObjectMapping: 0.094000 ms MarkObjects: 2.309600 ms  DeleteObjects: 0.025600 ms)

AssetImportParameters requested are different than current active one (requested -> active):
  custom:video-decoder-ogg-theora: a1e56fd34408186e4bbccfd4996cb3dc -> 
  custom:container-muxer-webm: aa71ff27fc2769a1b78a27578f13a17b -> 
  custom:container-demuxer-webm: 4f35f7cbe854078d1ac9338744f61a02 -> 
  custom:video-encoder-webm-vp8: eb34c28f22e8b96e1ab97ce403110664 -> 
  custom:video-codec-MediaFoundation-h265: 746d11721c4dcdbdad8f713fa42b33f4 -> 
  custom:audio-encoder-webm-vorbis: bf7c407c2cedff20999df2af8eb42d56 -> 
  custom:framework-win-MediaFoundation: 216162199b28c13a410421893ffa2e32 -> 
  custom:container-demuxer-ogg: 62fdf1f143b41e24485cea50d1cbac27 -> 
  custom:video-decoder-webm-vp8: 9c59270c3fd7afecdb556c50c9e8de78 -> 
  custom:audio-decoder-ogg-vorbis: bf7c407c2cedff20999df2af8eb42d56 -> 
========================================================================
Received Prepare
Registering precompiled user dll's ...
Registered in 0.011539 seconds.
Required property 'name' not set (Packages/com.unity.services.core/Runtime/Telemetry/Unity.Services.Core.Telemetry.asmdef)
Required property 'name' not set (Packages/com.unity.services.core/Runtime/Networking/Unity.Services.Core.Networking.asmdef)
Required property 'name' not set (Packages/com.unity.services.core/Runtime/Core.Internal/Unity.Services.Core.Internal.asmdef)
Required property 'name' not set (Packages/com.unity.services.core/Runtime/Configuration/Unity.Services.Core.Configuration.asmdef)
Required property 'name' not set (Packages/com.unity.services.core/Runtime/Core/Unity.Services.Core.asmdef)
Required property 'name' not set (Packages/com.unity.services.core/Editor/Core/Unity.Services.Core.Editor.asmdef)
Required property 'name' not set (Packages/com.unity.services.core/Editor/Core/Configuration/Unity.Services.Core.Configuration.Editor.asmdef)
Required property 'name' not set (Packages/com.unity.services.core/Runtime/Analytics/Unity.Services.Core.Analytics.asmdef)
Required property 'name' not set (Packages/com.unity.services.core/Runtime/Registration/Unity.Services.Core.Registration.asmdef)
Required property 'name' not set (Packages/com.unity.services.core/Runtime/Environments/Unity.Services.Core.Environments.asmdef)
Required property 'name' not set (Packages/com.unity.services.core/Runtime/Scheduler/Unity.Services.Core.Scheduler.asmdef)
Required property 'name' not set (Packages/com.unity.services.core/Runtime/Environments/Internal/Unity.Services.Core.Environments.Internal.asmdef)
Required property 'name' not set (Packages/com.unity.collab-proxy/Editor/Collaborate/Unity.CollabProxy.Editor.asmdef)
Required property 'name' not set (Packages/com.unity.collab-proxy/Tests/Editor/Collaborate/Unity.CollabProxy.EditorTests.asmdef)
Required property 'name' not set (Packages/com.unity.services.core/Runtime/Threading/Unity.Services.Core.Threading.asmdef)
Required property 'name' not set (Packages/com.unity.collab-proxy/Tests/Editor/PlasticSCM/Unity.PlasticSCM.EditorTests.asmdef)
Required property 'name' not set (Packages/com.unity.services.core/Runtime/Device/Unity.Services.Core.Device.asmdef)
Required property 'name' not set (Packages/com.unity.services.core/Runtime/Telemetry/Unity.Services.Core.Telemetry.asmdef)
Required property 'name' not set (Packages/com.unity.services.core/Runtime/Networking/Unity.Services.Core.Networking.asmdef)
Required property 'name' not set (Packages/com.unity.services.core/Runtime/Core.Internal/Unity.Services.Core.Internal.asmdef)
Required property 'name' not set (Packages/com.unity.services.core/Runtime/Configuration/Unity.Services.Core.Configuration.asmdef)
Required property 'name' not set (Packages/com.unity.services.core/Runtime/Core/Unity.Services.Core.asmdef)
Required property 'name' not set (Packages/com.unity.services.core/Editor/Core/Unity.Services.Core.Editor.asmdef)
Required property 'name' not set (Packages/com.unity.services.core/Editor/Core/Configuration/Unity.Services.Core.Configuration.Editor.asmdef)
Required property 'name' not set (Packages/com.unity.services.core/Runtime/Analytics/Unity.Services.Core.Analytics.asmdef)
Required property 'name' not set (Packages/com.unity.services.core/Runtime/Registration/Unity.Services.Core.Registration.asmdef)
Required property 'name' not set (Packages/com.unity.services.core/Runtime/Environments/Unity.Services.Core.Environments.asmdef)
Required property 'name' not set (Packages/com.unity.services.core/Runtime/Scheduler/Unity.Services.Core.Scheduler.asmdef)
Required property 'name' not set (Packages/com.unity.services.core/Runtime/Environments/Internal/Unity.Services.Core.Environments.Internal.asmdef)
Required property 'name' not set (Packages/com.unity.collab-proxy/Editor/Collaborate/Unity.CollabProxy.Editor.asmdef)
Required property 'name' not set (Packages/com.unity.collab-proxy/Tests/Editor/Collaborate/Unity.CollabProxy.EditorTests.asmdef)
Required property 'name' not set (Packages/com.unity.services.core/Runtime/Threading/Unity.Services.Core.Threading.asmdef)
Required property 'name' not set (Packages/com.unity.collab-proxy/Tests/Editor/PlasticSCM/Unity.PlasticSCM.EditorTests.asmdef)
Required property 'name' not set (Packages/com.unity.services.core/Runtime/Device/Unity.Services.Core.Device.asmdef)
Begin MonoManager ReloadAssembly
Symbol file LoadedFromMemory doesn't match image C:\Users\a0108\OneDrive\바탕 화면\sokovan\Library\PackageCache\com.unity.visualscripting@1.8.0\Editor\VisualScripting.Core\Dependencies\YamlDotNet\Unity.VisualScripting.YamlDotNet.dll
Symbol file LoadedFromMemory doesn't match image C:\Users\a0108\OneDrive\바탕 화면\sokovan\Library\PackageCache\com.unity.visualscripting@1.8.0\Editor\VisualScripting.Core\Dependencies\DotNetZip\Unity.VisualScripting.IonicZip.dll
Native extension for WindowsStandalone target not found
Native extension for WebGL target not found
Refreshing native plugins compatible for Editor in 0.39 ms, found 3 plugins.
Preloading 0 native plugins for Editor in 0.00 ms.
Required property 'name' not set (Packages/com.unity.services.core/Runtime/Telemetry/Unity.Services.Core.Telemetry.asmdef)
Required property 'name' not set (Packages/com.unity.services.core/Runtime/Networking/Unity.Services.Core.Networking.asmdef)
Required property 'name' not set (Packages/com.unity.services.core/Runtime/Core.Internal/Unity.Services.Core.Internal.asmdef)
Required property 'name' not set (Packages/com.unity.services.core/Runtime/Configuration/Unity.Services.Core.Configuration.asmdef)
Required property 'name' not set (Packages/com.unity.services.core/Runtime/Core/Unity.Services.Core.asmdef)
Required property 'name' not set (Packages/com.unity.services.core/Editor/Core/Unity.Services.Core.Editor.asmdef)
Required property 'name' not set (Packages/com.unity.services.core/Editor/Core/Configuration/Unity.Services.Core.Configuration.Editor.asmdef)
Required property 'name' not set (Packages/com.unity.services.core/Runtime/Analytics/Unity.Services.Core.Analytics.asmdef)
Required property 'name' not set (Packages/com.unity.services.core/Runtime/Registration/Unity.Services.Core.Registration.asmdef)
Required property 'name' not set (Packages/com.unity.services.core/Runtime/Environments/Unity.Services.Core.Environments.asmdef)
Required property 'name' not set (Packages/com.unity.services.core/Runtime/Scheduler/Unity.Services.Core.Scheduler.asmdef)
Required property 'name' not set (Packages/com.unity.services.core/Runtime/Environments/Internal/Unity.Services.Core.Environments.Internal.asmdef)
Required property 'name' not set (Packages/com.unity.collab-proxy/Editor/Collaborate/Unity.CollabProxy.Editor.asmdef)
Required property 'name' not set (Packages/com.unity.collab-proxy/Tests/Editor/Collaborate/Unity.CollabProxy.EditorTests.asmdef)
Required property 'name' not set (Packages/com.unity.services.core/Runtime/Threading/Unity.Services.Core.Threading.asmdef)
Required property 'name' not set (Packages/com.unity.collab-proxy/Tests/Editor/PlasticSCM/Unity.PlasticSCM.EditorTests.asmdef)
Required property 'name' not set (Packages/com.unity.services.core/Runtime/Device/Unity.Services.Core.Device.asmdef)
Mono: successfully reloaded assembly
- Completed reload, in  1.173 seconds
Domain Reload Profiling:
	ReloadAssembly (1174ms)
		BeginReloadAssembly (259ms)
			ExecutionOrderSort (0ms)
			DisableScriptedObjects (4ms)
			BackupInstance (0ms)
			ReleaseScriptingObjects (0ms)
			CreateAndSetChildDomain (41ms)
		EndReloadAssembly (619ms)
			LoadAssemblies (193ms)
			RebuildTransferFunctionScriptingTraits (0ms)
			SetupTypeCache (209ms)
			ReleaseScriptCaches (1ms)
			RebuildScriptCaches (29ms)
			SetupLoadedEditorAssemblies (249ms)
				LogAssemblyErrors (0ms)
				InitializePlatformSupportModulesInManaged (6ms)
				SetLoadedEditorAssemblies (0ms)
				RefreshPlugins (0ms)
				BeforeProcessingInitializeOnLoad (73ms)
				ProcessInitializeOnLoadAttributes (144ms)
				ProcessInitializeOnLoadMethodAttributes (13ms)
				AfterProcessingInitializeOnLoad (12ms)
				EditorAssembliesLoaded (0ms)
			ExecutionOrderSort2 (0ms)
			AwakeInstancesAfterBackupRestoration (7ms)
Platform modules already initialized, skipping
Refreshing native plugins compatible for Editor in 2.69 ms, found 3 plugins.
Preloading 0 native plugins for Editor in 0.00 ms.
Unloading 3044 Unused Serialized files (Serialized files now loaded: 0)
Unloading 15 unused Assets / (24.6 KB). Loaded Objects now: 3684.
Memory consumption went from 117.1 MB to 117.1 MB.
Total: 2.965800 ms (FindLiveObjects: 0.193700 ms CreateObjectMapping: 0.080000 ms MarkObjects: 2.664000 ms  DeleteObjects: 0.026700 ms)

AssetImportParameters requested are different than current active one (requested -> active):
  custom:video-decoder-ogg-theora: a1e56fd34408186e4bbccfd4996cb3dc -> 
  custom:container-muxer-webm: aa71ff27fc2769a1b78a27578f13a17b -> 
  custom:container-demuxer-webm: 4f35f7cbe854078d1ac9338744f61a02 -> 
  custom:video-encoder-webm-vp8: eb34c28f22e8b96e1ab97ce403110664 -> 
  custom:video-codec-MediaFoundation-h265: 746d11721c4dcdbdad8f713fa42b33f4 -> 
  custom:audio-encoder-webm-vorbis: bf7c407c2cedff20999df2af8eb42d56 -> 
  custom:framework-win-MediaFoundation: 216162199b28c13a410421893ffa2e32 -> 
  custom:container-demuxer-ogg: 62fdf1f143b41e24485cea50d1cbac27 -> 
  custom:video-decoder-webm-vp8: 9c59270c3fd7afecdb556c50c9e8de78 -> 
  custom:audio-decoder-ogg-vorbis: bf7c407c2cedff20999df2af8eb42d56 -> 
========================================================================
Received Import Request.
  Time since last request: 43.765207 seconds.
  path: Assets/Scenes/Itembox.prefab
  artifactKey: Guid(9c5413d7fa4fc3542bf0f2514ff0f819) Importer(815301076,1909f56bfc062723c751e8b465ee728b)
Start importing Assets/Scenes/Itembox.prefab using Guid(9c5413d7fa4fc3542bf0f2514ff0f819) Importer(815301076,1909f56bfc062723c751e8b465ee728b)  -> (artifact id: '30cc2a5cb2c7b17cf5e0e6662a719cf0') in 0.125799 seconds 
========================================================================
Received Prepare
Registering precompiled user dll's ...
Registered in 0.012023 seconds.
Required property 'name' not set (Packages/com.unity.services.core/Runtime/Telemetry/Unity.Services.Core.Telemetry.asmdef)
Required property 'name' not set (Packages/com.unity.services.core/Runtime/Networking/Unity.Services.Core.Networking.asmdef)
Required property 'name' not set (Packages/com.unity.services.core/Runtime/Core.Internal/Unity.Services.Core.Internal.asmdef)
Required property 'name' not set (Packages/com.unity.services.core/Runtime/Configuration/Unity.Services.Core.Configuration.asmdef)
Required property 'name' not set (Packages/com.unity.services.core/Runtime/Core/Unity.Services.Core.asmdef)
Required property 'name' not set (Packages/com.unity.services.core/Editor/Core/Unity.Services.Core.Editor.asmdef)
Required property 'name' not set (Packages/com.unity.services.core/Editor/Core/Configuration/Unity.Services.Core.Configuration.Editor.asmdef)
Required property 'name' not set (Packages/com.unity.services.core/Runtime/Analytics/Unity.Services.Core.Analytics.asmdef)
Required property 'name' not set (Packages/com.unity.services.core/Runtime/Registration/Unity.Services.Core.Registration.asmdef)
Required property 'name' not set (Packages/com.unity.services.core/Runtime/Environments/Unity.Services.Core.Environments.asmdef)
Required property 'name' not set (Packages/com.unity.services.core/Runtime/Scheduler/Unity.Services.Core.Scheduler.asmdef)
Required property 'name' not set (Packages/com.unity.services.core/Runtime/Environments/Internal/Unity.Services.Core.Environments.Internal.asmdef)
Required property 'name' not set (Packages/com.unity.collab-proxy/Editor/Collaborate/Unity.CollabProxy.Editor.asmdef)
Required property 'name' not set (Packages/com.unity.collab-proxy/Tests/Editor/Collaborate/Unity.CollabProxy.EditorTests.asmdef)
Required property 'name' not set (Packages/com.unity.services.core/Runtime/Threading/Unity.Services.Core.Threading.asmdef)
Required property 'name' not set (Packages/com.unity.collab-proxy/Tests/Editor/PlasticSCM/Unity.PlasticSCM.EditorTests.asmdef)
Required property 'name' not set (Packages/com.unity.services.core/Runtime/Device/Unity.Services.Core.Device.asmdef)
Required property 'name' not set (Packages/com.unity.services.core/Runtime/Telemetry/Unity.Services.Core.Telemetry.asmdef)
Required property 'name' not set (Packages/com.unity.services.core/Runtime/Networking/Unity.Services.Core.Networking.asmdef)
Required property 'name' not set (Packages/com.unity.services.core/Runtime/Core.Internal/Unity.Services.Core.Internal.asmdef)
Required property 'name' not set (Packages/com.unity.services.core/Runtime/Configuration/Unity.Services.Core.Configuration.asmdef)
Required property 'name' not set (Packages/com.unity.services.core/Runtime/Core/Unity.Services.Core.asmdef)
Required property 'name' not set (Packages/com.unity.services.core/Editor/Core/Unity.Services.Core.Editor.asmdef)
Required property 'name' not set (Packages/com.unity.services.core/Editor/Core/Configuration/Unity.Services.Core.Configuration.Editor.asmdef)
Required property 'name' not set (Packages/com.unity.services.core/Runtime/Analytics/Unity.Services.Core.Analytics.asmdef)
Required property 'name' not set (Packages/com.unity.services.core/Runtime/Registration/Unity.Services.Core.Registration.asmdef)
Required property 'name' not set (Packages/com.unity.services.core/Runtime/Environments/Unity.Services.Core.Environments.asmdef)
Required property 'name' not set (Packages/com.unity.services.core/Runtime/Scheduler/Unity.Services.Core.Scheduler.asmdef)
Required property 'name' not set (Packages/com.unity.services.core/Runtime/Environments/Internal/Unity.Services.Core.Environments.Internal.asmdef)
Required property 'name' not set (Packages/com.unity.collab-proxy/Editor/Collaborate/Unity.CollabProxy.Editor.asmdef)
Required property 'name' not set (Packages/com.unity.collab-proxy/Tests/Editor/Collaborate/Unity.CollabProxy.EditorTests.asmdef)
Required property 'name' not set (Packages/com.unity.services.core/Runtime/Threading/Unity.Services.Core.Threading.asmdef)
Required property 'name' not set (Packages/com.unity.collab-proxy/Tests/Editor/PlasticSCM/Unity.PlasticSCM.EditorTests.asmdef)
Required property 'name' not set (Packages/com.unity.services.core/Runtime/Device/Unity.Services.Core.Device.asmdef)
Begin MonoManager ReloadAssembly
Symbol file LoadedFromMemory doesn't match image C:\Users\a0108\OneDrive\바탕 화면\sokovan\Library\PackageCache\com.unity.visualscripting@1.8.0\Editor\VisualScripting.Core\Dependencies\YamlDotNet\Unity.VisualScripting.YamlDotNet.dll
Symbol file LoadedFromMemory doesn't match image C:\Users\a0108\OneDrive\바탕 화면\sokovan\Library\PackageCache\com.unity.visualscripting@1.8.0\Editor\VisualScripting.Core\Dependencies\DotNetZip\Unity.VisualScripting.IonicZip.dll
Native extension for WindowsStandalone target not found
Native extension for WebGL target not found
Refreshing native plugins compatible for Editor in 0.42 ms, found 3 plugins.
Preloading 0 native plugins for Editor in 0.00 ms.
Required property 'name' not set (Packages/com.unity.services.core/Runtime/Telemetry/Unity.Services.Core.Telemetry.asmdef)
Required property 'name' not set (Packages/com.unity.services.core/Runtime/Networking/Unity.Services.Core.Networking.asmdef)
Required property 'name' not set (Packages/com.unity.services.core/Runtime/Core.Internal/Unity.Services.Core.Internal.asmdef)
Required property 'name' not set (Packages/com.unity.services.core/Runtime/Configuration/Unity.Services.Core.Configuration.asmdef)
Required property 'name' not set (Packages/com.unity.services.core/Runtime/Core/Unity.Services.Core.asmdef)
Required property 'name' not set (Packages/com.unity.services.core/Editor/Core/Unity.Services.Core.Editor.asmdef)
Required property 'name' not set (Packages/com.unity.services.core/Editor/Core/Configuration/Unity.Services.Core.Configuration.Editor.asmdef)
Required property 'name' not set (Packages/com.unity.services.core/Runtime/Analytics/Unity.Services.Core.Analytics.asmdef)
Required property 'name' not set (Packages/com.unity.services.core/Runtime/Registration/Unity.Services.Core.Registration.asmdef)
Required property 'name' not set (Packages/com.unity.services.core/Runtime/Environments/Unity.Services.Core.Environments.asmdef)
Required property 'name' not set (Packages/com.unity.services.core/Runtime/Scheduler/Unity.Services.Core.Scheduler.asmdef)
Required property 'name' not set (Packages/com.unity.services.core/Runtime/Environments/Internal/Unity.Services.Core.Environments.Internal.asmdef)
Required property 'name' not set (Packages/com.unity.collab-proxy/Editor/Collaborate/Unity.CollabProxy.Editor.asmdef)
Required property 'name' not set (Packages/com.unity.collab-proxy/Tests/Editor/Collaborate/Unity.CollabProxy.EditorTests.asmdef)
Required property 'name' not set (Packages/com.unity.services.core/Runtime/Threading/Unity.Services.Core.Threading.asmdef)
Required property 'name' not set (Packages/com.unity.collab-proxy/Tests/Editor/PlasticSCM/Unity.PlasticSCM.EditorTests.asmdef)
Required property 'name' not set (Packages/com.unity.services.core/Runtime/Device/Unity.Services.Core.Device.asmdef)
Mono: successfully reloaded assembly
- Completed reload, in  1.176 seconds
Domain Reload Profiling:
	ReloadAssembly (1178ms)
		BeginReloadAssembly (153ms)
			ExecutionOrderSort (0ms)
			DisableScriptedObjects (3ms)
			BackupInstance (0ms)
			ReleaseScriptingObjects (0ms)
			CreateAndSetChildDomain (40ms)
		EndReloadAssembly (907ms)
			LoadAssemblies (149ms)
			RebuildTransferFunctionScriptingTraits (0ms)
			SetupTypeCache (407ms)
			ReleaseScriptCaches (1ms)
			RebuildScriptCaches (30ms)
			SetupLoadedEditorAssemblies (285ms)
				LogAssemblyErrors (0ms)
				InitializePlatformSupportModulesInManaged (7ms)
				SetLoadedEditorAssemblies (0ms)
				RefreshPlugins (1ms)
				BeforeProcessingInitializeOnLoad (84ms)
				ProcessInitializeOnLoadAttributes (165ms)
				ProcessInitializeOnLoadMethodAttributes (13ms)
				AfterProcessingInitializeOnLoad (16ms)
				EditorAssembliesLoaded (0ms)
			ExecutionOrderSort2 (0ms)
			AwakeInstancesAfterBackupRestoration (9ms)
Platform modules already initialized, skipping
Refreshing native plugins compatible for Editor in 2.21 ms, found 3 plugins.
Preloading 0 native plugins for Editor in 0.00 ms.
Unloading 3044 Unused Serialized files (Serialized files now loaded: 0)
Unloading 15 unused Assets / (24.6 KB). Loaded Objects now: 3687.
Memory consumption went from 117.1 MB to 117.1 MB.
Total: 2.813700 ms (FindLiveObjects: 0.191600 ms CreateObjectMapping: 0.163600 ms MarkObjects: 2.426100 ms  DeleteObjects: 0.031000 ms)

AssetImportParameters requested are different than current active one (requested -> active):
  custom:video-decoder-ogg-theora: a1e56fd34408186e4bbccfd4996cb3dc -> 
  custom:container-muxer-webm: aa71ff27fc2769a1b78a27578f13a17b -> 
  custom:container-demuxer-webm: 4f35f7cbe854078d1ac9338744f61a02 -> 
  custom:video-encoder-webm-vp8: eb34c28f22e8b96e1ab97ce403110664 -> 
  custom:video-codec-MediaFoundation-h265: 746d11721c4dcdbdad8f713fa42b33f4 -> 
  custom:audio-encoder-webm-vorbis: bf7c407c2cedff20999df2af8eb42d56 -> 
  custom:framework-win-MediaFoundation: 216162199b28c13a410421893ffa2e32 -> 
  custom:container-demuxer-ogg: 62fdf1f143b41e24485cea50d1cbac27 -> 
  custom:video-decoder-webm-vp8: 9c59270c3fd7afecdb556c50c9e8de78 -> 
  custom:audio-decoder-ogg-vorbis: bf7c407c2cedff20999df2af8eb42d56 -> 
========================================================================
Received Import Request.
  Time since last request: 10.104524 seconds.
  path: Assets/Scenes/Itembox.prefab
  artifactKey: Guid(9c5413d7fa4fc3542bf0f2514ff0f819) Importer(815301076,1909f56bfc062723c751e8b465ee728b)
Start importing Assets/Scenes/Itembox.prefab using Guid(9c5413d7fa4fc3542bf0f2514ff0f819) Importer(815301076,1909f56bfc062723c751e8b465ee728b)  -> (artifact id: '2d0680126b4f2ae71f06ede7c9ddc31a') in 0.075668 seconds 
========================================================================
Received Prepare
Registering precompiled user dll's ...
Registered in 0.009754 seconds.
Required property 'name' not set (Packages/com.unity.services.core/Runtime/Telemetry/Unity.Services.Core.Telemetry.asmdef)
Required property 'name' not set (Packages/com.unity.services.core/Runtime/Networking/Unity.Services.Core.Networking.asmdef)
Required property 'name' not set (Packages/com.unity.services.core/Runtime/Core.Internal/Unity.Services.Core.Internal.asmdef)
Required property 'name' not set (Packages/com.unity.services.core/Runtime/Configuration/Unity.Services.Core.Configuration.asmdef)
Required property 'name' not set (Packages/com.unity.services.core/Runtime/Core/Unity.Services.Core.asmdef)
Required property 'name' not set (Packages/com.unity.services.core/Editor/Core/Unity.Services.Core.Editor.asmdef)
Required property 'name' not set (Packages/com.unity.services.core/Editor/Core/Configuration/Unity.Services.Core.Configuration.Editor.asmdef)
Required property 'name' not set (Packages/com.unity.services.core/Runtime/Analytics/Unity.Services.Core.Analytics.asmdef)
Required property 'name' not set (Packages/com.unity.services.core/Runtime/Registration/Unity.Services.Core.Registration.asmdef)
Required property 'name' not set (Packages/com.unity.services.core/Runtime/Environments/Unity.Services.Core.Environments.asmdef)
Required property 'name' not set (Packages/com.unity.services.core/Runtime/Scheduler/Unity.Services.Core.Scheduler.asmdef)
Required property 'name' not set (Packages/com.unity.services.core/Runtime/Environments/Internal/Unity.Services.Core.Environments.Internal.asmdef)
Required property 'name' not set (Packages/com.unity.collab-proxy/Editor/Collaborate/Unity.CollabProxy.Editor.asmdef)
Required property 'name' not set (Packages/com.unity.collab-proxy/Tests/Editor/Collaborate/Unity.CollabProxy.EditorTests.asmdef)
Required property 'name' not set (Packages/com.unity.services.core/Runtime/Threading/Unity.Services.Core.Threading.asmdef)
Required property 'name' not set (Packages/com.unity.collab-proxy/Tests/Editor/PlasticSCM/Unity.PlasticSCM.EditorTests.asmdef)
Required property 'name' not set (Packages/com.unity.services.core/Runtime/Device/Unity.Services.Core.Device.asmdef)
Required property 'name' not set (Packages/com.unity.services.core/Runtime/Telemetry/Unity.Services.Core.Telemetry.asmdef)
Required property 'name' not set (Packages/com.unity.services.core/Runtime/Networking/Unity.Services.Core.Networking.asmdef)
Required property 'name' not set (Packages/com.unity.services.core/Runtime/Core.Internal/Unity.Services.Core.Internal.asmdef)
Required property 'name' not set (Packages/com.unity.services.core/Runtime/Configuration/Unity.Services.Core.Configuration.asmdef)
Required property 'name' not set (Packages/com.unity.services.core/Runtime/Core/Unity.Services.Core.asmdef)
Required property 'name' not set (Packages/com.unity.services.core/Editor/Core/Unity.Services.Core.Editor.asmdef)
Required property 'name' not set (Packages/com.unity.services.core/Editor/Core/Configuration/Unity.Services.Core.Configuration.Editor.asmdef)
Required property 'name' not set (Packages/com.unity.services.core/Runtime/Analytics/Unity.Services.Core.Analytics.asmdef)
Required property 'name' not set (Packages/com.unity.services.core/Runtime/Registration/Unity.Services.Core.Registration.asmdef)
Required property 'name' not set (Packages/com.unity.services.core/Runtime/Environments/Unity.Services.Core.Environments.asmdef)
Required property 'name' not set (Packages/com.unity.services.core/Runtime/Scheduler/Unity.Services.Core.Scheduler.asmdef)
Required property 'name' not set (Packages/com.unity.services.core/Runtime/Environments/Internal/Unity.Services.Core.Environments.Internal.asmdef)
Required property 'name' not set (Packages/com.unity.collab-proxy/Editor/Collaborate/Unity.CollabProxy.Editor.asmdef)
Required property 'name' not set (Packages/com.unity.collab-proxy/Tests/Editor/Collaborate/Unity.CollabProxy.EditorTests.asmdef)
Required property 'name' not set (Packages/com.unity.services.core/Runtime/Threading/Unity.Services.Core.Threading.asmdef)
Required property 'name' not set (Packages/com.unity.collab-proxy/Tests/Editor/PlasticSCM/Unity.PlasticSCM.EditorTests.asmdef)
Required property 'name' not set (Packages/com.unity.services.core/Runtime/Device/Unity.Services.Core.Device.asmdef)
Begin MonoManager ReloadAssembly
Symbol file LoadedFromMemory doesn't match image C:\Users\a0108\OneDrive\바탕 화면\sokovan\Library\PackageCache\com.unity.visualscripting@1.8.0\Editor\VisualScripting.Core\Dependencies\YamlDotNet\Unity.VisualScripting.YamlDotNet.dll
Symbol file LoadedFromMemory doesn't match image C:\Users\a0108\OneDrive\바탕 화면\sokovan\Library\PackageCache\com.unity.visualscripting@1.8.0\Editor\VisualScripting.Core\Dependencies\DotNetZip\Unity.VisualScripting.IonicZip.dll
Native extension for WindowsStandalone target not found
Native extension for WebGL target not found
Refreshing native plugins compatible for Editor in 0.59 ms, found 3 plugins.
Preloading 0 native plugins for Editor in 0.00 ms.
Required property 'name' not set (Packages/com.unity.services.core/Runtime/Telemetry/Unity.Services.Core.Telemetry.asmdef)
Required property 'name' not set (Packages/com.unity.services.core/Runtime/Networking/Unity.Services.Core.Networking.asmdef)
Required property 'name' not set (Packages/com.unity.services.core/Runtime/Core.Internal/Unity.Services.Core.Internal.asmdef)
Required property 'name' not set (Packages/com.unity.services.core/Runtime/Configuration/Unity.Services.Core.Configuration.asmdef)
Required property 'name' not set (Packages/com.unity.services.core/Runtime/Core/Unity.Services.Core.asmdef)
Required property 'name' not set (Packages/com.unity.services.core/Editor/Core/Unity.Services.Core.Editor.asmdef)
Required property 'name' not set (Packages/com.unity.services.core/Editor/Core/Configuration/Unity.Services.Core.Configuration.Editor.asmdef)
Required property 'name' not set (Packages/com.unity.services.core/Runtime/Analytics/Unity.Services.Core.Analytics.asmdef)
Required property 'name' not set (Packages/com.unity.services.core/Runtime/Registration/Unity.Services.Core.Registration.asmdef)
Required property 'name' not set (Packages/com.unity.services.core/Runtime/Environments/Unity.Services.Core.Environments.asmdef)
Required property 'name' not set (Packages/com.unity.services.core/Runtime/Scheduler/Unity.Services.Core.Scheduler.asmdef)
Required property 'name' not set (Packages/com.unity.services.core/Runtime/Environments/Internal/Unity.Services.Core.Environments.Internal.asmdef)
Required property 'name' not set (Packages/com.unity.collab-proxy/Editor/Collaborate/Unity.CollabProxy.Editor.asmdef)
Required property 'name' not set (Packages/com.unity.collab-proxy/Tests/Editor/Collaborate/Unity.CollabProxy.EditorTests.asmdef)
Required property 'name' not set (Packages/com.unity.services.core/Runtime/Threading/Unity.Services.Core.Threading.asmdef)
Required property 'name' not set (Packages/com.unity.collab-proxy/Tests/Editor/PlasticSCM/Unity.PlasticSCM.EditorTests.asmdef)
Required property 'name' not set (Packages/com.unity.services.core/Runtime/Device/Unity.Services.Core.Device.asmdef)
Mono: successfully reloaded assembly
- Completed reload, in  3.036 seconds
Domain Reload Profiling:
	ReloadAssembly (3037ms)
		BeginReloadAssembly (513ms)
			ExecutionOrderSort (0ms)
			DisableScriptedObjects (5ms)
			BackupInstance (0ms)
			ReleaseScriptingObjects (0ms)
			CreateAndSetChildDomain (82ms)
		EndReloadAssembly (2180ms)
			LoadAssemblies (475ms)
			RebuildTransferFunctionScriptingTraits (0ms)
			SetupTypeCache (777ms)
			ReleaseScriptCaches (3ms)
			RebuildScriptCaches (92ms)
			SetupLoadedEditorAssemblies (894ms)
				LogAssemblyErrors (0ms)
				InitializePlatformSupportModulesInManaged (25ms)
				SetLoadedEditorAssemblies (1ms)
				RefreshPlugins (1ms)
				BeforeProcessingInitializeOnLoad (262ms)
				ProcessInitializeOnLoadAttributes (527ms)
				ProcessInitializeOnLoadMethodAttributes (38ms)
				AfterProcessingInitializeOnLoad (40ms)
				EditorAssembliesLoaded (0ms)
			ExecutionOrderSort2 (0ms)
			AwakeInstancesAfterBackupRestoration (25ms)
Platform modules already initialized, skipping
Refreshing native plugins compatible for Editor in 6.22 ms, found 3 plugins.
Preloading 0 native plugins for Editor in 0.00 ms.
Unloading 3044 Unused Serialized files (Serialized files now loaded: 0)
Unloading 15 unused Assets / (24.7 KB). Loaded Objects now: 3690.
Memory consumption went from 117.1 MB to 117.1 MB.
Total: 13.190200 ms (FindLiveObjects: 8.947400 ms CreateObjectMapping: 0.340800 ms MarkObjects: 3.843700 ms  DeleteObjects: 0.056400 ms)

AssetImportParameters requested are different than current active one (requested -> active):
  custom:video-decoder-ogg-theora: a1e56fd34408186e4bbccfd4996cb3dc -> 
  custom:container-muxer-webm: aa71ff27fc2769a1b78a27578f13a17b -> 
  custom:container-demuxer-webm: 4f35f7cbe854078d1ac9338744f61a02 -> 
  custom:video-encoder-webm-vp8: eb34c28f22e8b96e1ab97ce403110664 -> 
  custom:video-codec-MediaFoundation-h265: 746d11721c4dcdbdad8f713fa42b33f4 -> 
  custom:audio-encoder-webm-vorbis: bf7c407c2cedff20999df2af8eb42d56 -> 
  custom:framework-win-MediaFoundation: 216162199b28c13a410421893ffa2e32 -> 
  custom:container-demuxer-ogg: 62fdf1f143b41e24485cea50d1cbac27 -> 
  custom:video-decoder-webm-vp8: 9c59270c3fd7afecdb556c50c9e8de78 -> 
  custom:audio-decoder-ogg-vorbis: bf7c407c2cedff20999df2af8eb42d56 -> 
========================================================================
Received Prepare
Registering precompiled user dll's ...
Registered in 0.009822 seconds.
Required property 'name' not set (Packages/com.unity.services.core/Runtime/Telemetry/Unity.Services.Core.Telemetry.asmdef)
Required property 'name' not set (Packages/com.unity.services.core/Runtime/Networking/Unity.Services.Core.Networking.asmdef)
Required property 'name' not set (Packages/com.unity.services.core/Runtime/Core.Internal/Unity.Services.Core.Internal.asmdef)
Required property 'name' not set (Packages/com.unity.services.core/Runtime/Configuration/Unity.Services.Core.Configuration.asmdef)
Required property 'name' not set (Packages/com.unity.services.core/Runtime/Core/Unity.Services.Core.asmdef)
Required property 'name' not set (Packages/com.unity.services.core/Editor/Core/Unity.Services.Core.Editor.asmdef)
Required property 'name' not set (Packages/com.unity.services.core/Editor/Core/Configuration/Unity.Services.Core.Configuration.Editor.asmdef)
Required property 'name' not set (Packages/com.unity.services.core/Runtime/Analytics/Unity.Services.Core.Analytics.asmdef)
Required property 'name' not set (Packages/com.unity.services.core/Runtime/Registration/Unity.Services.Core.Registration.asmdef)
Required property 'name' not set (Packages/com.unity.services.core/Runtime/Environments/Unity.Services.Core.Environments.asmdef)
Required property 'name' not set (Packages/com.unity.services.core/Runtime/Scheduler/Unity.Services.Core.Scheduler.asmdef)
Required property 'name' not set (Packages/com.unity.services.core/Runtime/Environments/Internal/Unity.Services.Core.Environments.Internal.asmdef)
Required property 'name' not set (Packages/com.unity.collab-proxy/Editor/Collaborate/Unity.CollabProxy.Editor.asmdef)
Required property 'name' not set (Packages/com.unity.collab-proxy/Tests/Editor/Collaborate/Unity.CollabProxy.EditorTests.asmdef)
Required property 'name' not set (Packages/com.unity.services.core/Runtime/Threading/Unity.Services.Core.Threading.asmdef)
Required property 'name' not set (Packages/com.unity.collab-proxy/Tests/Editor/PlasticSCM/Unity.PlasticSCM.EditorTests.asmdef)
Required property 'name' not set (Packages/com.unity.services.core/Runtime/Device/Unity.Services.Core.Device.asmdef)
Required property 'name' not set (Packages/com.unity.services.core/Runtime/Telemetry/Unity.Services.Core.Telemetry.asmdef)
Required property 'name' not set (Packages/com.unity.services.core/Runtime/Networking/Unity.Services.Core.Networking.asmdef)
Required property 'name' not set (Packages/com.unity.services.core/Runtime/Core.Internal/Unity.Services.Core.Internal.asmdef)
Required property 'name' not set (Packages/com.unity.services.core/Runtime/Configuration/Unity.Services.Core.Configuration.asmdef)
Required property 'name' not set (Packages/com.unity.services.core/Runtime/Core/Unity.Services.Core.asmdef)
Required property 'name' not set (Packages/com.unity.services.core/Editor/Core/Unity.Services.Core.Editor.asmdef)
Required property 'name' not set (Packages/com.unity.services.core/Editor/Core/Configuration/Unity.Services.Core.Configuration.Editor.asmdef)
Required property 'name' not set (Packages/com.unity.services.core/Runtime/Analytics/Unity.Services.Core.Analytics.asmdef)
Required property 'name' not set (Packages/com.unity.services.core/Runtime/Registration/Unity.Services.Core.Registration.asmdef)
Required property 'name' not set (Packages/com.unity.services.core/Runtime/Environments/Unity.Services.Core.Environments.asmdef)
Required property 'name' not set (Packages/com.unity.services.core/Runtime/Scheduler/Unity.Services.Core.Scheduler.asmdef)
Required property 'name' not set (Packages/com.unity.services.core/Runtime/Environments/Internal/Unity.Services.Core.Environments.Internal.asmdef)
Required property 'name' not set (Packages/com.unity.collab-proxy/Editor/Collaborate/Unity.CollabProxy.Editor.asmdef)
Required property 'name' not set (Packages/com.unity.collab-proxy/Tests/Editor/Collaborate/Unity.CollabProxy.EditorTests.asmdef)
Required property 'name' not set (Packages/com.unity.services.core/Runtime/Threading/Unity.Services.Core.Threading.asmdef)
Required property 'name' not set (Packages/com.unity.collab-proxy/Tests/Editor/PlasticSCM/Unity.PlasticSCM.EditorTests.asmdef)
Required property 'name' not set (Packages/com.unity.services.core/Runtime/Device/Unity.Services.Core.Device.asmdef)
Begin MonoManager ReloadAssembly
Symbol file LoadedFromMemory doesn't match image C:\Users\a0108\OneDrive\바탕 화면\sokovan\Library\PackageCache\com.unity.visualscripting@1.8.0\Editor\VisualScripting.Core\Dependencies\YamlDotNet\Unity.VisualScripting.YamlDotNet.dll
Symbol file LoadedFromMemory doesn't match image C:\Users\a0108\OneDrive\바탕 화면\sokovan\Library\PackageCache\com.unity.visualscripting@1.8.0\Editor\VisualScripting.Core\Dependencies\DotNetZip\Unity.VisualScripting.IonicZip.dll
Native extension for WindowsStandalone target not found
Native extension for WebGL target not found
Refreshing native plugins compatible for Editor in 0.41 ms, found 3 plugins.
Preloading 0 native plugins for Editor in 0.00 ms.
Required property 'name' not set (Packages/com.unity.services.core/Runtime/Telemetry/Unity.Services.Core.Telemetry.asmdef)
Required property 'name' not set (Packages/com.unity.services.core/Runtime/Networking/Unity.Services.Core.Networking.asmdef)
Required property 'name' not set (Packages/com.unity.services.core/Runtime/Core.Internal/Unity.Services.Core.Internal.asmdef)
Required property 'name' not set (Packages/com.unity.services.core/Runtime/Configuration/Unity.Services.Core.Configuration.asmdef)
Required property 'name' not set (Packages/com.unity.services.core/Runtime/Core/Unity.Services.Core.asmdef)
Required property 'name' not set (Packages/com.unity.services.core/Editor/Core/Unity.Services.Core.Editor.asmdef)
Required property 'name' not set (Packages/com.unity.services.core/Editor/Core/Configuration/Unity.Services.Core.Configuration.Editor.asmdef)
Required property 'name' not set (Packages/com.unity.services.core/Runtime/Analytics/Unity.Services.Core.Analytics.asmdef)
Required property 'name' not set (Packages/com.unity.services.core/Runtime/Registration/Unity.Services.Core.Registration.asmdef)
Required property 'name' not set (Packages/com.unity.services.core/Runtime/Environments/Unity.Services.Core.Environments.asmdef)
Required property 'name' not set (Packages/com.unity.services.core/Runtime/Scheduler/Unity.Services.Core.Scheduler.asmdef)
Required property 'name' not set (Packages/com.unity.services.core/Runtime/Environments/Internal/Unity.Services.Core.Environments.Internal.asmdef)
Required property 'name' not set (Packages/com.unity.collab-proxy/Editor/Collaborate/Unity.CollabProxy.Editor.asmdef)
Required property 'name' not set (Packages/com.unity.collab-proxy/Tests/Editor/Collaborate/Unity.CollabProxy.EditorTests.asmdef)
Required property 'name' not set (Packages/com.unity.services.core/Runtime/Threading/Unity.Services.Core.Threading.asmdef)
Required property 'name' not set (Packages/com.unity.collab-proxy/Tests/Editor/PlasticSCM/Unity.PlasticSCM.EditorTests.asmdef)
Required property 'name' not set (Packages/com.unity.services.core/Runtime/Device/Unity.Services.Core.Device.asmdef)
Mono: successfully reloaded assembly
- Completed reload, in  1.230 seconds
Domain Reload Profiling:
	ReloadAssembly (1231ms)
		BeginReloadAssembly (244ms)
			ExecutionOrderSort (0ms)
			DisableScriptedObjects (4ms)
			BackupInstance (0ms)
			ReleaseScriptingObjects (0ms)
			CreateAndSetChildDomain (34ms)
		EndReloadAssembly (733ms)
			LoadAssemblies (228ms)
			RebuildTransferFunctionScriptingTraits (0ms)
			SetupTypeCache (202ms)
			ReleaseScriptCaches (1ms)
			RebuildScriptCaches (32ms)
			SetupLoadedEditorAssemblies (296ms)
				LogAssemblyErrors (0ms)
				InitializePlatformSupportModulesInManaged (11ms)
				SetLoadedEditorAssemblies (0ms)
				RefreshPlugins (0ms)
				BeforeProcessingInitializeOnLoad (76ms)
				ProcessInitializeOnLoadAttributes (176ms)
				ProcessInitializeOnLoadMethodAttributes (17ms)
				AfterProcessingInitializeOnLoad (15ms)
				EditorAssembliesLoaded (0ms)
			ExecutionOrderSort2 (0ms)
			AwakeInstancesAfterBackupRestoration (11ms)
Platform modules already initialized, skipping
Refreshing native plugins compatible for Editor in 2.17 ms, found 3 plugins.
Preloading 0 native plugins for Editor in 0.00 ms.
Unloading 3044 Unused Serialized files (Serialized files now loaded: 0)
Unloading 15 unused Assets / (24.6 KB). Loaded Objects now: 3693.
Memory consumption went from 117.1 MB to 117.1 MB.
Total: 2.579600 ms (FindLiveObjects: 0.193400 ms CreateObjectMapping: 0.080900 ms MarkObjects: 2.278000 ms  DeleteObjects: 0.026100 ms)

AssetImportParameters requested are different than current active one (requested -> active):
  custom:video-decoder-ogg-theora: a1e56fd34408186e4bbccfd4996cb3dc -> 
  custom:container-muxer-webm: aa71ff27fc2769a1b78a27578f13a17b -> 
  custom:container-demuxer-webm: 4f35f7cbe854078d1ac9338744f61a02 -> 
  custom:video-encoder-webm-vp8: eb34c28f22e8b96e1ab97ce403110664 -> 
  custom:video-codec-MediaFoundation-h265: 746d11721c4dcdbdad8f713fa42b33f4 -> 
  custom:audio-encoder-webm-vorbis: bf7c407c2cedff20999df2af8eb42d56 -> 
  custom:framework-win-MediaFoundation: 216162199b28c13a410421893ffa2e32 -> 
  custom:container-demuxer-ogg: 62fdf1f143b41e24485cea50d1cbac27 -> 
  custom:video-decoder-webm-vp8: 9c59270c3fd7afecdb556c50c9e8de78 -> 
  custom:audio-decoder-ogg-vorbis: bf7c407c2cedff20999df2af8eb42d56 -> 
========================================================================
Received Prepare
Registering precompiled user dll's ...
Registered in 0.012457 seconds.
Required property 'name' not set (Packages/com.unity.services.core/Runtime/Telemetry/Unity.Services.Core.Telemetry.asmdef)
Required property 'name' not set (Packages/com.unity.services.core/Runtime/Networking/Unity.Services.Core.Networking.asmdef)
Required property 'name' not set (Packages/com.unity.services.core/Runtime/Core.Internal/Unity.Services.Core.Internal.asmdef)
Required property 'name' not set (Packages/com.unity.services.core/Runtime/Configuration/Unity.Services.Core.Configuration.asmdef)
Required property 'name' not set (Packages/com.unity.services.core/Runtime/Core/Unity.Services.Core.asmdef)
Required property 'name' not set (Packages/com.unity.services.core/Editor/Core/Unity.Services.Core.Editor.asmdef)
Required property 'name' not set (Packages/com.unity.services.core/Editor/Core/Configuration/Unity.Services.Core.Configuration.Editor.asmdef)
Required property 'name' not set (Packages/com.unity.services.core/Runtime/Analytics/Unity.Services.Core.Analytics.asmdef)
Required property 'name' not set (Packages/com.unity.services.core/Runtime/Registration/Unity.Services.Core.Registration.asmdef)
Required property 'name' not set (Packages/com.unity.services.core/Runtime/Environments/Unity.Services.Core.Environments.asmdef)
Required property 'name' not set (Packages/com.unity.services.core/Runtime/Scheduler/Unity.Services.Core.Scheduler.asmdef)
Required property 'name' not set (Packages/com.unity.services.core/Runtime/Environments/Internal/Unity.Services.Core.Environments.Internal.asmdef)
Required property 'name' not set (Packages/com.unity.collab-proxy/Editor/Collaborate/Unity.CollabProxy.Editor.asmdef)
Required property 'name' not set (Packages/com.unity.collab-proxy/Tests/Editor/Collaborate/Unity.CollabProxy.EditorTests.asmdef)
Required property 'name' not set (Packages/com.unity.services.core/Runtime/Threading/Unity.Services.Core.Threading.asmdef)
Required property 'name' not set (Packages/com.unity.collab-proxy/Tests/Editor/PlasticSCM/Unity.PlasticSCM.EditorTests.asmdef)
Required property 'name' not set (Packages/com.unity.services.core/Runtime/Device/Unity.Services.Core.Device.asmdef)
Required property 'name' not set (Packages/com.unity.services.core/Runtime/Telemetry/Unity.Services.Core.Telemetry.asmdef)
Required property 'name' not set (Packages/com.unity.services.core/Runtime/Networking/Unity.Services.Core.Networking.asmdef)
Required property 'name' not set (Packages/com.unity.services.core/Runtime/Core.Internal/Unity.Services.Core.Internal.asmdef)
Required property 'name' not set (Packages/com.unity.services.core/Runtime/Configuration/Unity.Services.Core.Configuration.asmdef)
Required property 'name' not set (Packages/com.unity.services.core/Runtime/Core/Unity.Services.Core.asmdef)
Required property 'name' not set (Packages/com.unity.services.core/Editor/Core/Unity.Services.Core.Editor.asmdef)
Required property 'name' not set (Packages/com.unity.services.core/Editor/Core/Configuration/Unity.Services.Core.Configuration.Editor.asmdef)
Required property 'name' not set (Packages/com.unity.services.core/Runtime/Analytics/Unity.Services.Core.Analytics.asmdef)
Required property 'name' not set (Packages/com.unity.services.core/Runtime/Registration/Unity.Services.Core.Registration.asmdef)
Required property 'name' not set (Packages/com.unity.services.core/Runtime/Environments/Unity.Services.Core.Environments.asmdef)
Required property 'name' not set (Packages/com.unity.services.core/Runtime/Scheduler/Unity.Services.Core.Scheduler.asmdef)
Required property 'name' not set (Packages/com.unity.services.core/Runtime/Environments/Internal/Unity.Services.Core.Environments.Internal.asmdef)
Required property 'name' not set (Packages/com.unity.collab-proxy/Editor/Collaborate/Unity.CollabProxy.Editor.asmdef)
Required property 'name' not set (Packages/com.unity.collab-proxy/Tests/Editor/Collaborate/Unity.CollabProxy.EditorTests.asmdef)
Required property 'name' not set (Packages/com.unity.services.core/Runtime/Threading/Unity.Services.Core.Threading.asmdef)
Required property 'name' not set (Packages/com.unity.collab-proxy/Tests/Editor/PlasticSCM/Unity.PlasticSCM.EditorTests.asmdef)
Required property 'name' not set (Packages/com.unity.services.core/Runtime/Device/Unity.Services.Core.Device.asmdef)
Begin MonoManager ReloadAssembly
Symbol file LoadedFromMemory doesn't match image C:\Users\a0108\OneDrive\바탕 화면\sokovan\Library\PackageCache\com.unity.visualscripting@1.8.0\Editor\VisualScripting.Core\Dependencies\YamlDotNet\Unity.VisualScripting.YamlDotNet.dll
Symbol file LoadedFromMemory doesn't match image C:\Users\a0108\OneDrive\바탕 화면\sokovan\Library\PackageCache\com.unity.visualscripting@1.8.0\Editor\VisualScripting.Core\Dependencies\DotNetZip\Unity.VisualScripting.IonicZip.dll
Native extension for WindowsStandalone target not found
Native extension for WebGL target not found
Refreshing native plugins compatible for Editor in 0.50 ms, found 3 plugins.
Preloading 0 native plugins for Editor in 0.00 ms.
Required property 'name' not set (Packages/com.unity.services.core/Runtime/Telemetry/Unity.Services.Core.Telemetry.asmdef)
Required property 'name' not set (Packages/com.unity.services.core/Runtime/Networking/Unity.Services.Core.Networking.asmdef)
Required property 'name' not set (Packages/com.unity.services.core/Runtime/Core.Internal/Unity.Services.Core.Internal.asmdef)
Required property 'name' not set (Packages/com.unity.services.core/Runtime/Configuration/Unity.Services.Core.Configuration.asmdef)
Required property 'name' not set (Packages/com.unity.services.core/Runtime/Core/Unity.Services.Core.asmdef)
Required property 'name' not set (Packages/com.unity.services.core/Editor/Core/Unity.Services.Core.Editor.asmdef)
Required property 'name' not set (Packages/com.unity.services.core/Editor/Core/Configuration/Unity.Services.Core.Configuration.Editor.asmdef)
Required property 'name' not set (Packages/com.unity.services.core/Runtime/Analytics/Unity.Services.Core.Analytics.asmdef)
Required property 'name' not set (Packages/com.unity.services.core/Runtime/Registration/Unity.Services.Core.Registration.asmdef)
Required property 'name' not set (Packages/com.unity.services.core/Runtime/Environments/Unity.Services.Core.Environments.asmdef)
Required property 'name' not set (Packages/com.unity.services.core/Runtime/Scheduler/Unity.Services.Core.Scheduler.asmdef)
Required property 'name' not set (Packages/com.unity.services.core/Runtime/Environments/Internal/Unity.Services.Core.Environments.Internal.asmdef)
Required property 'name' not set (Packages/com.unity.collab-proxy/Editor/Collaborate/Unity.CollabProxy.Editor.asmdef)
Required property 'name' not set (Packages/com.unity.collab-proxy/Tests/Editor/Collaborate/Unity.CollabProxy.EditorTests.asmdef)
Required property 'name' not set (Packages/com.unity.services.core/Runtime/Threading/Unity.Services.Core.Threading.asmdef)
Required property 'name' not set (Packages/com.unity.collab-proxy/Tests/Editor/PlasticSCM/Unity.PlasticSCM.EditorTests.asmdef)
Required property 'name' not set (Packages/com.unity.services.core/Runtime/Device/Unity.Services.Core.Device.asmdef)
Mono: successfully reloaded assembly
- Completed reload, in  2.157 seconds
Domain Reload Profiling:
	ReloadAssembly (2159ms)
		BeginReloadAssembly (167ms)
			ExecutionOrderSort (0ms)
			DisableScriptedObjects (6ms)
			BackupInstance (0ms)
			ReleaseScriptingObjects (0ms)
			CreateAndSetChildDomain (27ms)
		EndReloadAssembly (1874ms)
			LoadAssemblies (127ms)
			RebuildTransferFunctionScriptingTraits (0ms)
			SetupTypeCache (536ms)
			ReleaseScriptCaches (2ms)
			RebuildScriptCaches (107ms)
			SetupLoadedEditorAssemblies (920ms)
				LogAssemblyErrors (0ms)
				InitializePlatformSupportModulesInManaged (23ms)
				SetLoadedEditorAssemblies (0ms)
				RefreshPlugins (1ms)
				BeforeProcessingInitializeOnLoad (256ms)
				ProcessInitializeOnLoadAttributes (534ms)
				ProcessInitializeOnLoadMethodAttributes (48ms)
				AfterProcessingInitializeOnLoad (58ms)
				EditorAssembliesLoaded (0ms)
			ExecutionOrderSort2 (0ms)
			AwakeInstancesAfterBackupRestoration (23ms)
Platform modules already initialized, skipping
Refreshing native plugins compatible for Editor in 3.54 ms, found 3 plugins.
Preloading 0 native plugins for Editor in 0.00 ms.
Unloading 3044 Unused Serialized files (Serialized files now loaded: 0)
Unloading 15 unused Assets / (24.7 KB). Loaded Objects now: 3696.
Memory consumption went from 117.1 MB to 117.1 MB.
Total: 13.132400 ms (FindLiveObjects: 6.728000 ms CreateObjectMapping: 2.477600 ms MarkObjects: 3.881200 ms  DeleteObjects: 0.043000 ms)

AssetImportParameters requested are different than current active one (requested -> active):
  custom:video-decoder-ogg-theora: a1e56fd34408186e4bbccfd4996cb3dc -> 
  custom:container-muxer-webm: aa71ff27fc2769a1b78a27578f13a17b -> 
  custom:container-demuxer-webm: 4f35f7cbe854078d1ac9338744f61a02 -> 
  custom:video-encoder-webm-vp8: eb34c28f22e8b96e1ab97ce403110664 -> 
  custom:video-codec-MediaFoundation-h265: 746d11721c4dcdbdad8f713fa42b33f4 -> 
  custom:audio-encoder-webm-vorbis: bf7c407c2cedff20999df2af8eb42d56 -> 
  custom:framework-win-MediaFoundation: 216162199b28c13a410421893ffa2e32 -> 
  custom:container-demuxer-ogg: 62fdf1f143b41e24485cea50d1cbac27 -> 
  custom:video-decoder-webm-vp8: 9c59270c3fd7afecdb556c50c9e8de78 -> 
  custom:audio-decoder-ogg-vorbis: bf7c407c2cedff20999df2af8eb42d56 -> 
========================================================================
Received Prepare
Registering precompiled user dll's ...
Registered in 0.009209 seconds.
Required property 'name' not set (Packages/com.unity.services.core/Runtime/Telemetry/Unity.Services.Core.Telemetry.asmdef)
Required property 'name' not set (Packages/com.unity.services.core/Runtime/Networking/Unity.Services.Core.Networking.asmdef)
Required property 'name' not set (Packages/com.unity.services.core/Runtime/Core.Internal/Unity.Services.Core.Internal.asmdef)
Required property 'name' not set (Packages/com.unity.services.core/Runtime/Configuration/Unity.Services.Core.Configuration.asmdef)
Required property 'name' not set (Packages/com.unity.services.core/Runtime/Core/Unity.Services.Core.asmdef)
Required property 'name' not set (Packages/com.unity.services.core/Editor/Core/Unity.Services.Core.Editor.asmdef)
Required property 'name' not set (Packages/com.unity.services.core/Editor/Core/Configuration/Unity.Services.Core.Configuration.Editor.asmdef)
Required property 'name' not set (Packages/com.unity.services.core/Runtime/Analytics/Unity.Services.Core.Analytics.asmdef)
Required property 'name' not set (Packages/com.unity.services.core/Runtime/Registration/Unity.Services.Core.Registration.asmdef)
Required property 'name' not set (Packages/com.unity.services.core/Runtime/Environments/Unity.Services.Core.Environments.asmdef)
Required property 'name' not set (Packages/com.unity.services.core/Runtime/Scheduler/Unity.Services.Core.Scheduler.asmdef)
Required property 'name' not set (Packages/com.unity.services.core/Runtime/Environments/Internal/Unity.Services.Core.Environments.Internal.asmdef)
Required property 'name' not set (Packages/com.unity.collab-proxy/Editor/Collaborate/Unity.CollabProxy.Editor.asmdef)
Required property 'name' not set (Packages/com.unity.collab-proxy/Tests/Editor/Collaborate/Unity.CollabProxy.EditorTests.asmdef)
Required property 'name' not set (Packages/com.unity.services.core/Runtime/Threading/Unity.Services.Core.Threading.asmdef)
Required property 'name' not set (Packages/com.unity.collab-proxy/Tests/Editor/PlasticSCM/Unity.PlasticSCM.EditorTests.asmdef)
Required property 'name' not set (Packages/com.unity.services.core/Runtime/Device/Unity.Services.Core.Device.asmdef)
Required property 'name' not set (Packages/com.unity.services.core/Runtime/Telemetry/Unity.Services.Core.Telemetry.asmdef)
Required property 'name' not set (Packages/com.unity.services.core/Runtime/Networking/Unity.Services.Core.Networking.asmdef)
Required property 'name' not set (Packages/com.unity.services.core/Runtime/Core.Internal/Unity.Services.Core.Internal.asmdef)
Required property 'name' not set (Packages/com.unity.services.core/Runtime/Configuration/Unity.Services.Core.Configuration.asmdef)
Required property 'name' not set (Packages/com.unity.services.core/Runtime/Core/Unity.Services.Core.asmdef)
Required property 'name' not set (Packages/com.unity.services.core/Editor/Core/Unity.Services.Core.Editor.asmdef)
Required property 'name' not set (Packages/com.unity.services.core/Editor/Core/Configuration/Unity.Services.Core.Configuration.Editor.asmdef)
Required property 'name' not set (Packages/com.unity.services.core/Runtime/Analytics/Unity.Services.Core.Analytics.asmdef)
Required property 'name' not set (Packages/com.unity.services.core/Runtime/Registration/Unity.Services.Core.Registration.asmdef)
Required property 'name' not set (Packages/com.unity.services.core/Runtime/Environments/Unity.Services.Core.Environments.asmdef)
Required property 'name' not set (Packages/com.unity.services.core/Runtime/Scheduler/Unity.Services.Core.Scheduler.asmdef)
Required property 'name' not set (Packages/com.unity.services.core/Runtime/Environments/Internal/Unity.Services.Core.Environments.Internal.asmdef)
Required property 'name' not set (Packages/com.unity.collab-proxy/Editor/Collaborate/Unity.CollabProxy.Editor.asmdef)
Required property 'name' not set (Packages/com.unity.collab-proxy/Tests/Editor/Collaborate/Unity.CollabProxy.EditorTests.asmdef)
Required property 'name' not set (Packages/com.unity.services.core/Runtime/Threading/Unity.Services.Core.Threading.asmdef)
Required property 'name' not set (Packages/com.unity.collab-proxy/Tests/Editor/PlasticSCM/Unity.PlasticSCM.EditorTests.asmdef)
Required property 'name' not set (Packages/com.unity.services.core/Runtime/Device/Unity.Services.Core.Device.asmdef)
Begin MonoManager ReloadAssembly
Symbol file LoadedFromMemory doesn't match image C:\Users\a0108\OneDrive\바탕 화면\sokovan\Library\PackageCache\com.unity.visualscripting@1.8.0\Editor\VisualScripting.Core\Dependencies\YamlDotNet\Unity.VisualScripting.YamlDotNet.dll
Symbol file LoadedFromMemory doesn't match image C:\Users\a0108\OneDrive\바탕 화면\sokovan\Library\PackageCache\com.unity.visualscripting@1.8.0\Editor\VisualScripting.Core\Dependencies\DotNetZip\Unity.VisualScripting.IonicZip.dll
Native extension for WindowsStandalone target not found
Native extension for WebGL target not found
Refreshing native plugins compatible for Editor in 0.67 ms, found 3 plugins.
Preloading 0 native plugins for Editor in 0.00 ms.
Required property 'name' not set (Packages/com.unity.services.core/Runtime/Telemetry/Unity.Services.Core.Telemetry.asmdef)
Required property 'name' not set (Packages/com.unity.services.core/Runtime/Networking/Unity.Services.Core.Networking.asmdef)
Required property 'name' not set (Packages/com.unity.services.core/Runtime/Core.Internal/Unity.Services.Core.Internal.asmdef)
Required property 'name' not set (Packages/com.unity.services.core/Runtime/Configuration/Unity.Services.Core.Configuration.asmdef)
Required property 'name' not set (Packages/com.unity.services.core/Runtime/Core/Unity.Services.Core.asmdef)
Required property 'name' not set (Packages/com.unity.services.core/Editor/Core/Unity.Services.Core.Editor.asmdef)
Required property 'name' not set (Packages/com.unity.services.core/Editor/Core/Configuration/Unity.Services.Core.Configuration.Editor.asmdef)
Required property 'name' not set (Packages/com.unity.services.core/Runtime/Analytics/Unity.Services.Core.Analytics.asmdef)
Required property 'name' not set (Packages/com.unity.services.core/Runtime/Registration/Unity.Services.Core.Registration.asmdef)
Required property 'name' not set (Packages/com.unity.services.core/Runtime/Environments/Unity.Services.Core.Environments.asmdef)
Required property 'name' not set (Packages/com.unity.services.core/Runtime/Scheduler/Unity.Services.Core.Scheduler.asmdef)
Required property 'name' not set (Packages/com.unity.services.core/Runtime/Environments/Internal/Unity.Services.Core.Environments.Internal.asmdef)
Required property 'name' not set (Packages/com.unity.collab-proxy/Editor/Collaborate/Unity.CollabProxy.Editor.asmdef)
Required property 'name' not set (Packages/com.unity.collab-proxy/Tests/Editor/Collaborate/Unity.CollabProxy.EditorTests.asmdef)
Required property 'name' not set (Packages/com.unity.services.core/Runtime/Threading/Unity.Services.Core.Threading.asmdef)
Required property 'name' not set (Packages/com.unity.collab-proxy/Tests/Editor/PlasticSCM/Unity.PlasticSCM.EditorTests.asmdef)
Required property 'name' not set (Packages/com.unity.services.core/Runtime/Device/Unity.Services.Core.Device.asmdef)
Mono: successfully reloaded assembly
- Completed reload, in  3.992 seconds
Domain Reload Profiling:
	ReloadAssembly (3993ms)
		BeginReloadAssembly (212ms)
			ExecutionOrderSort (0ms)
			DisableScriptedObjects (5ms)
			BackupInstance (0ms)
			ReleaseScriptingObjects (0ms)
			CreateAndSetChildDomain (27ms)
		EndReloadAssembly (3397ms)
			LoadAssemblies (262ms)
			RebuildTransferFunctionScriptingTraits (0ms)
			SetupTypeCache (1060ms)
			ReleaseScriptCaches (5ms)
			RebuildScriptCaches (157ms)
			SetupLoadedEditorAssemblies (1552ms)
				LogAssemblyErrors (0ms)
				InitializePlatformSupportModulesInManaged (26ms)
				SetLoadedEditorAssemblies (3ms)
				RefreshPlugins (1ms)
				BeforeProcessingInitializeOnLoad (479ms)
				ProcessInitializeOnLoadAttributes (876ms)
				ProcessInitializeOnLoadMethodAttributes (79ms)
				AfterProcessingInitializeOnLoad (88ms)
				EditorAssembliesLoaded (0ms)
			ExecutionOrderSort2 (0ms)
			AwakeInstancesAfterBackupRestoration (51ms)
Platform modules already initialized, skipping
Refreshing native plugins compatible for Editor in 2.92 ms, found 3 plugins.
Preloading 0 native plugins for Editor in 0.00 ms.
Unloading 3044 Unused Serialized files (Serialized files now loaded: 0)
Unloading 15 unused Assets / (24.7 KB). Loaded Objects now: 3699.
Memory consumption went from 117.1 MB to 117.1 MB.
Total: 6.179600 ms (FindLiveObjects: 0.451000 ms CreateObjectMapping: 0.128400 ms MarkObjects: 5.560900 ms  DeleteObjects: 0.036900 ms)

AssetImportParameters requested are different than current active one (requested -> active):
  custom:video-decoder-ogg-theora: a1e56fd34408186e4bbccfd4996cb3dc -> 
  custom:container-muxer-webm: aa71ff27fc2769a1b78a27578f13a17b -> 
  custom:container-demuxer-webm: 4f35f7cbe854078d1ac9338744f61a02 -> 
  custom:video-encoder-webm-vp8: eb34c28f22e8b96e1ab97ce403110664 -> 
  custom:video-codec-MediaFoundation-h265: 746d11721c4dcdbdad8f713fa42b33f4 -> 
  custom:audio-encoder-webm-vorbis: bf7c407c2cedff20999df2af8eb42d56 -> 
  custom:framework-win-MediaFoundation: 216162199b28c13a410421893ffa2e32 -> 
  custom:container-demuxer-ogg: 62fdf1f143b41e24485cea50d1cbac27 -> 
  custom:video-decoder-webm-vp8: 9c59270c3fd7afecdb556c50c9e8de78 -> 
  custom:audio-decoder-ogg-vorbis: bf7c407c2cedff20999df2af8eb42d56 -> 
========================================================================
Received Prepare
Registering precompiled user dll's ...
Registered in 0.021942 seconds.
Required property 'name' not set (Packages/com.unity.services.core/Runtime/Telemetry/Unity.Services.Core.Telemetry.asmdef)
Required property 'name' not set (Packages/com.unity.services.core/Runtime/Networking/Unity.Services.Core.Networking.asmdef)
Required property 'name' not set (Packages/com.unity.services.core/Runtime/Core.Internal/Unity.Services.Core.Internal.asmdef)
Required property 'name' not set (Packages/com.unity.services.core/Runtime/Configuration/Unity.Services.Core.Configuration.asmdef)
Required property 'name' not set (Packages/com.unity.services.core/Runtime/Core/Unity.Services.Core.asmdef)
Required property 'name' not set (Packages/com.unity.services.core/Editor/Core/Unity.Services.Core.Editor.asmdef)
Required property 'name' not set (Packages/com.unity.services.core/Editor/Core/Configuration/Unity.Services.Core.Configuration.Editor.asmdef)
Required property 'name' not set (Packages/com.unity.services.core/Runtime/Analytics/Unity.Services.Core.Analytics.asmdef)
Required property 'name' not set (Packages/com.unity.services.core/Runtime/Registration/Unity.Services.Core.Registration.asmdef)
Required property 'name' not set (Packages/com.unity.services.core/Runtime/Environments/Unity.Services.Core.Environments.asmdef)
Required property 'name' not set (Packages/com.unity.services.core/Runtime/Scheduler/Unity.Services.Core.Scheduler.asmdef)
Required property 'name' not set (Packages/com.unity.services.core/Runtime/Environments/Internal/Unity.Services.Core.Environments.Internal.asmdef)
Required property 'name' not set (Packages/com.unity.collab-proxy/Editor/Collaborate/Unity.CollabProxy.Editor.asmdef)
Required property 'name' not set (Packages/com.unity.collab-proxy/Tests/Editor/Collaborate/Unity.CollabProxy.EditorTests.asmdef)
Required property 'name' not set (Packages/com.unity.services.core/Runtime/Threading/Unity.Services.Core.Threading.asmdef)
Required property 'name' not set (Packages/com.unity.collab-proxy/Tests/Editor/PlasticSCM/Unity.PlasticSCM.EditorTests.asmdef)
Required property 'name' not set (Packages/com.unity.services.core/Runtime/Device/Unity.Services.Core.Device.asmdef)
Required property 'name' not set (Packages/com.unity.services.core/Runtime/Telemetry/Unity.Services.Core.Telemetry.asmdef)
Required property 'name' not set (Packages/com.unity.services.core/Runtime/Networking/Unity.Services.Core.Networking.asmdef)
Required property 'name' not set (Packages/com.unity.services.core/Runtime/Core.Internal/Unity.Services.Core.Internal.asmdef)
Required property 'name' not set (Packages/com.unity.services.core/Runtime/Configuration/Unity.Services.Core.Configuration.asmdef)
Required property 'name' not set (Packages/com.unity.services.core/Runtime/Core/Unity.Services.Core.asmdef)
Required property 'name' not set (Packages/com.unity.services.core/Editor/Core/Unity.Services.Core.Editor.asmdef)
Required property 'name' not set (Packages/com.unity.services.core/Editor/Core/Configuration/Unity.Services.Core.Configuration.Editor.asmdef)
Required property 'name' not set (Packages/com.unity.services.core/Runtime/Analytics/Unity.Services.Core.Analytics.asmdef)
Required property 'name' not set (Packages/com.unity.services.core/Runtime/Registration/Unity.Services.Core.Registration.asmdef)
Required property 'name' not set (Packages/com.unity.services.core/Runtime/Environments/Unity.Services.Core.Environments.asmdef)
Required property 'name' not set (Packages/com.unity.services.core/Runtime/Scheduler/Unity.Services.Core.Scheduler.asmdef)
Required property 'name' not set (Packages/com.unity.services.core/Runtime/Environments/Internal/Unity.Services.Core.Environments.Internal.asmdef)
Required property 'name' not set (Packages/com.unity.collab-proxy/Editor/Collaborate/Unity.CollabProxy.Editor.asmdef)
Required property 'name' not set (Packages/com.unity.collab-proxy/Tests/Editor/Collaborate/Unity.CollabProxy.EditorTests.asmdef)
Required property 'name' not set (Packages/com.unity.services.core/Runtime/Threading/Unity.Services.Core.Threading.asmdef)
Required property 'name' not set (Packages/com.unity.collab-proxy/Tests/Editor/PlasticSCM/Unity.PlasticSCM.EditorTests.asmdef)
Required property 'name' not set (Packages/com.unity.services.core/Runtime/Device/Unity.Services.Core.Device.asmdef)
Begin MonoManager ReloadAssembly
Symbol file LoadedFromMemory doesn't match image C:\Users\a0108\OneDrive\바탕 화면\sokovan\Library\PackageCache\com.unity.visualscripting@1.8.0\Editor\VisualScripting.Core\Dependencies\YamlDotNet\Unity.VisualScripting.YamlDotNet.dll
Symbol file LoadedFromMemory doesn't match image C:\Users\a0108\OneDrive\바탕 화면\sokovan\Library\PackageCache\com.unity.visualscripting@1.8.0\Editor\VisualScripting.Core\Dependencies\DotNetZip\Unity.VisualScripting.IonicZip.dll
Native extension for WindowsStandalone target not found
Native extension for WebGL target not found
Refreshing native plugins compatible for Editor in 0.41 ms, found 3 plugins.
Preloading 0 native plugins for Editor in 0.00 ms.
Required property 'name' not set (Packages/com.unity.services.core/Runtime/Telemetry/Unity.Services.Core.Telemetry.asmdef)
Required property 'name' not set (Packages/com.unity.services.core/Runtime/Networking/Unity.Services.Core.Networking.asmdef)
Required property 'name' not set (Packages/com.unity.services.core/Runtime/Core.Internal/Unity.Services.Core.Internal.asmdef)
Required property 'name' not set (Packages/com.unity.services.core/Runtime/Configuration/Unity.Services.Core.Configuration.asmdef)
Required property 'name' not set (Packages/com.unity.services.core/Runtime/Core/Unity.Services.Core.asmdef)
Required property 'name' not set (Packages/com.unity.services.core/Editor/Core/Unity.Services.Core.Editor.asmdef)
Required property 'name' not set (Packages/com.unity.services.core/Editor/Core/Configuration/Unity.Services.Core.Configuration.Editor.asmdef)
Required property 'name' not set (Packages/com.unity.services.core/Runtime/Analytics/Unity.Services.Core.Analytics.asmdef)
Required property 'name' not set (Packages/com.unity.services.core/Runtime/Registration/Unity.Services.Core.Registration.asmdef)
Required property 'name' not set (Packages/com.unity.services.core/Runtime/Environments/Unity.Services.Core.Environments.asmdef)
Required property 'name' not set (Packages/com.unity.services.core/Runtime/Scheduler/Unity.Services.Core.Scheduler.asmdef)
Required property 'name' not set (Packages/com.unity.services.core/Runtime/Environments/Internal/Unity.Services.Core.Environments.Internal.asmdef)
Required property 'name' not set (Packages/com.unity.collab-proxy/Editor/Collaborate/Unity.CollabProxy.Editor.asmdef)
Required property 'name' not set (Packages/com.unity.collab-proxy/Tests/Editor/Collaborate/Unity.CollabProxy.EditorTests.asmdef)
Required property 'name' not set (Packages/com.unity.services.core/Runtime/Threading/Unity.Services.Core.Threading.asmdef)
Required property 'name' not set (Packages/com.unity.collab-proxy/Tests/Editor/PlasticSCM/Unity.PlasticSCM.EditorTests.asmdef)
Required property 'name' not set (Packages/com.unity.services.core/Runtime/Device/Unity.Services.Core.Device.asmdef)
Mono: successfully reloaded assembly
- Completed reload, in  0.846 seconds
Domain Reload Profiling:
	ReloadAssembly (847ms)
		BeginReloadAssembly (148ms)
			ExecutionOrderSort (0ms)
			DisableScriptedObjects (5ms)
			BackupInstance (0ms)
			ReleaseScriptingObjects (0ms)
			CreateAndSetChildDomain (28ms)
		EndReloadAssembly (607ms)
			LoadAssemblies (111ms)
			RebuildTransferFunctionScriptingTraits (0ms)
			SetupTypeCache (193ms)
			ReleaseScriptCaches (1ms)
			RebuildScriptCaches (29ms)
			SetupLoadedEditorAssemblies (270ms)
				LogAssemblyErrors (0ms)
				InitializePlatformSupportModulesInManaged (7ms)
				SetLoadedEditorAssemblies (0ms)
				RefreshPlugins (0ms)
				BeforeProcessingInitializeOnLoad (75ms)
				ProcessInitializeOnLoadAttributes (162ms)
				ProcessInitializeOnLoadMethodAttributes (13ms)
				AfterProcessingInitializeOnLoad (12ms)
				EditorAssembliesLoaded (0ms)
			ExecutionOrderSort2 (0ms)
			AwakeInstancesAfterBackupRestoration (7ms)
Platform modules already initialized, skipping
Refreshing native plugins compatible for Editor in 1.77 ms, found 3 plugins.
Preloading 0 native plugins for Editor in 0.00 ms.
Unloading 3044 Unused Serialized files (Serialized files now loaded: 0)
Unloading 15 unused Assets / (24.7 KB). Loaded Objects now: 3702.
Memory consumption went from 117.2 MB to 117.1 MB.
Total: 2.203100 ms (FindLiveObjects: 0.203800 ms CreateObjectMapping: 0.082000 ms MarkObjects: 1.897100 ms  DeleteObjects: 0.019300 ms)

AssetImportParameters requested are different than current active one (requested -> active):
  custom:video-decoder-ogg-theora: a1e56fd34408186e4bbccfd4996cb3dc -> 
  custom:container-muxer-webm: aa71ff27fc2769a1b78a27578f13a17b -> 
  custom:container-demuxer-webm: 4f35f7cbe854078d1ac9338744f61a02 -> 
  custom:video-encoder-webm-vp8: eb34c28f22e8b96e1ab97ce403110664 -> 
  custom:video-codec-MediaFoundation-h265: 746d11721c4dcdbdad8f713fa42b33f4 -> 
  custom:audio-encoder-webm-vorbis: bf7c407c2cedff20999df2af8eb42d56 -> 
  custom:framework-win-MediaFoundation: 216162199b28c13a410421893ffa2e32 -> 
  custom:container-demuxer-ogg: 62fdf1f143b41e24485cea50d1cbac27 -> 
  custom:video-decoder-webm-vp8: 9c59270c3fd7afecdb556c50c9e8de78 -> 
  custom:audio-decoder-ogg-vorbis: bf7c407c2cedff20999df2af8eb42d56 -> 
========================================================================
Received Prepare
Registering precompiled user dll's ...
Registered in 0.010062 seconds.
Required property 'name' not set (Packages/com.unity.services.core/Runtime/Telemetry/Unity.Services.Core.Telemetry.asmdef)
Required property 'name' not set (Packages/com.unity.services.core/Runtime/Networking/Unity.Services.Core.Networking.asmdef)
Required property 'name' not set (Packages/com.unity.services.core/Runtime/Core.Internal/Unity.Services.Core.Internal.asmdef)
Required property 'name' not set (Packages/com.unity.services.core/Runtime/Configuration/Unity.Services.Core.Configuration.asmdef)
Required property 'name' not set (Packages/com.unity.services.core/Runtime/Core/Unity.Services.Core.asmdef)
Required property 'name' not set (Packages/com.unity.services.core/Editor/Core/Unity.Services.Core.Editor.asmdef)
Required property 'name' not set (Packages/com.unity.services.core/Editor/Core/Configuration/Unity.Services.Core.Configuration.Editor.asmdef)
Required property 'name' not set (Packages/com.unity.services.core/Runtime/Analytics/Unity.Services.Core.Analytics.asmdef)
Required property 'name' not set (Packages/com.unity.services.core/Runtime/Registration/Unity.Services.Core.Registration.asmdef)
Required property 'name' not set (Packages/com.unity.services.core/Runtime/Environments/Unity.Services.Core.Environments.asmdef)
Required property 'name' not set (Packages/com.unity.services.core/Runtime/Scheduler/Unity.Services.Core.Scheduler.asmdef)
Required property 'name' not set (Packages/com.unity.services.core/Runtime/Environments/Internal/Unity.Services.Core.Environments.Internal.asmdef)
Required property 'name' not set (Packages/com.unity.collab-proxy/Editor/Collaborate/Unity.CollabProxy.Editor.asmdef)
Required property 'name' not set (Packages/com.unity.collab-proxy/Tests/Editor/Collaborate/Unity.CollabProxy.EditorTests.asmdef)
Required property 'name' not set (Packages/com.unity.services.core/Runtime/Threading/Unity.Services.Core.Threading.asmdef)
Required property 'name' not set (Packages/com.unity.collab-proxy/Tests/Editor/PlasticSCM/Unity.PlasticSCM.EditorTests.asmdef)
Required property 'name' not set (Packages/com.unity.services.core/Runtime/Device/Unity.Services.Core.Device.asmdef)
Required property 'name' not set (Packages/com.unity.services.core/Runtime/Telemetry/Unity.Services.Core.Telemetry.asmdef)
Required property 'name' not set (Packages/com.unity.services.core/Runtime/Networking/Unity.Services.Core.Networking.asmdef)
Required property 'name' not set (Packages/com.unity.services.core/Runtime/Core.Internal/Unity.Services.Core.Internal.asmdef)
Required property 'name' not set (Packages/com.unity.services.core/Runtime/Configuration/Unity.Services.Core.Configuration.asmdef)
Required property 'name' not set (Packages/com.unity.services.core/Runtime/Core/Unity.Services.Core.asmdef)
Required property 'name' not set (Packages/com.unity.services.core/Editor/Core/Unity.Services.Core.Editor.asmdef)
Required property 'name' not set (Packages/com.unity.services.core/Editor/Core/Configuration/Unity.Services.Core.Configuration.Editor.asmdef)
Required property 'name' not set (Packages/com.unity.services.core/Runtime/Analytics/Unity.Services.Core.Analytics.asmdef)
Required property 'name' not set (Packages/com.unity.services.core/Runtime/Registration/Unity.Services.Core.Registration.asmdef)
Required property 'name' not set (Packages/com.unity.services.core/Runtime/Environments/Unity.Services.Core.Environments.asmdef)
Required property 'name' not set (Packages/com.unity.services.core/Runtime/Scheduler/Unity.Services.Core.Scheduler.asmdef)
Required property 'name' not set (Packages/com.unity.services.core/Runtime/Environments/Internal/Unity.Services.Core.Environments.Internal.asmdef)
Required property 'name' not set (Packages/com.unity.collab-proxy/Editor/Collaborate/Unity.CollabProxy.Editor.asmdef)
Required property 'name' not set (Packages/com.unity.collab-proxy/Tests/Editor/Collaborate/Unity.CollabProxy.EditorTests.asmdef)
Required property 'name' not set (Packages/com.unity.services.core/Runtime/Threading/Unity.Services.Core.Threading.asmdef)
Required property 'name' not set (Packages/com.unity.collab-proxy/Tests/Editor/PlasticSCM/Unity.PlasticSCM.EditorTests.asmdef)
Required property 'name' not set (Packages/com.unity.services.core/Runtime/Device/Unity.Services.Core.Device.asmdef)
Begin MonoManager ReloadAssembly
Symbol file LoadedFromMemory doesn't match image C:\Users\a0108\OneDrive\바탕 화면\sokovan\Library\PackageCache\com.unity.visualscripting@1.8.0\Editor\VisualScripting.Core\Dependencies\YamlDotNet\Unity.VisualScripting.YamlDotNet.dll
Symbol file LoadedFromMemory doesn't match image C:\Users\a0108\OneDrive\바탕 화면\sokovan\Library\PackageCache\com.unity.visualscripting@1.8.0\Editor\VisualScripting.Core\Dependencies\DotNetZip\Unity.VisualScripting.IonicZip.dll
Native extension for WindowsStandalone target not found
Native extension for WebGL target not found
Refreshing native plugins compatible for Editor in 2.75 ms, found 3 plugins.
Preloading 0 native plugins for Editor in 0.00 ms.
Required property 'name' not set (Packages/com.unity.services.core/Runtime/Telemetry/Unity.Services.Core.Telemetry.asmdef)
Required property 'name' not set (Packages/com.unity.services.core/Runtime/Networking/Unity.Services.Core.Networking.asmdef)
Required property 'name' not set (Packages/com.unity.services.core/Runtime/Core.Internal/Unity.Services.Core.Internal.asmdef)
Required property 'name' not set (Packages/com.unity.services.core/Runtime/Configuration/Unity.Services.Core.Configuration.asmdef)
Required property 'name' not set (Packages/com.unity.services.core/Runtime/Core/Unity.Services.Core.asmdef)
Required property 'name' not set (Packages/com.unity.services.core/Editor/Core/Unity.Services.Core.Editor.asmdef)
Required property 'name' not set (Packages/com.unity.services.core/Editor/Core/Configuration/Unity.Services.Core.Configuration.Editor.asmdef)
Required property 'name' not set (Packages/com.unity.services.core/Runtime/Analytics/Unity.Services.Core.Analytics.asmdef)
Required property 'name' not set (Packages/com.unity.services.core/Runtime/Registration/Unity.Services.Core.Registration.asmdef)
Required property 'name' not set (Packages/com.unity.services.core/Runtime/Environments/Unity.Services.Core.Environments.asmdef)
Required property 'name' not set (Packages/com.unity.services.core/Runtime/Scheduler/Unity.Services.Core.Scheduler.asmdef)
Required property 'name' not set (Packages/com.unity.services.core/Runtime/Environments/Internal/Unity.Services.Core.Environments.Internal.asmdef)
Required property 'name' not set (Packages/com.unity.collab-proxy/Editor/Collaborate/Unity.CollabProxy.Editor.asmdef)
Required property 'name' not set (Packages/com.unity.collab-proxy/Tests/Editor/Collaborate/Unity.CollabProxy.EditorTests.asmdef)
Required property 'name' not set (Packages/com.unity.services.core/Runtime/Threading/Unity.Services.Core.Threading.asmdef)
Required property 'name' not set (Packages/com.unity.collab-proxy/Tests/Editor/PlasticSCM/Unity.PlasticSCM.EditorTests.asmdef)
Required property 'name' not set (Packages/com.unity.services.core/Runtime/Device/Unity.Services.Core.Device.asmdef)
Mono: successfully reloaded assembly
- Completed reload, in  2.181 seconds
Domain Reload Profiling:
	ReloadAssembly (2182ms)
		BeginReloadAssembly (174ms)
			ExecutionOrderSort (0ms)
			DisableScriptedObjects (5ms)
			BackupInstance (0ms)
			ReleaseScriptingObjects (0ms)
			CreateAndSetChildDomain (27ms)
		EndReloadAssembly (1889ms)
			LoadAssemblies (135ms)
			RebuildTransferFunctionScriptingTraits (0ms)
			SetupTypeCache (598ms)
			ReleaseScriptCaches (2ms)
			RebuildScriptCaches (94ms)
			SetupLoadedEditorAssemblies (906ms)
				LogAssemblyErrors (0ms)
				InitializePlatformSupportModulesInManaged (22ms)
				SetLoadedEditorAssemblies (7ms)
				RefreshPlugins (3ms)
				BeforeProcessingInitializeOnLoad (272ms)
				ProcessInitializeOnLoadAttributes (512ms)
				ProcessInitializeOnLoadMethodAttributes (50ms)
				AfterProcessingInitializeOnLoad (40ms)
				EditorAssembliesLoaded (0ms)
			ExecutionOrderSort2 (0ms)
			AwakeInstancesAfterBackupRestoration (23ms)
Platform modules already initialized, skipping
Refreshing native plugins compatible for Editor in 4.05 ms, found 3 plugins.
Preloading 0 native plugins for Editor in 0.00 ms.
Unloading 3044 Unused Serialized files (Serialized files now loaded: 0)
Unloading 15 unused Assets / (26.4 KB). Loaded Objects now: 3705.
Memory consumption went from 117.2 MB to 117.1 MB.
Total: 9.591500 ms (FindLiveObjects: 0.239300 ms CreateObjectMapping: 0.089500 ms MarkObjects: 9.212600 ms  DeleteObjects: 0.047800 ms)

AssetImportParameters requested are different than current active one (requested -> active):
  custom:video-decoder-ogg-theora: a1e56fd34408186e4bbccfd4996cb3dc -> 
  custom:container-muxer-webm: aa71ff27fc2769a1b78a27578f13a17b -> 
  custom:container-demuxer-webm: 4f35f7cbe854078d1ac9338744f61a02 -> 
  custom:video-encoder-webm-vp8: eb34c28f22e8b96e1ab97ce403110664 -> 
  custom:video-codec-MediaFoundation-h265: 746d11721c4dcdbdad8f713fa42b33f4 -> 
  custom:audio-encoder-webm-vorbis: bf7c407c2cedff20999df2af8eb42d56 -> 
  custom:framework-win-MediaFoundation: 216162199b28c13a410421893ffa2e32 -> 
  custom:container-demuxer-ogg: 62fdf1f143b41e24485cea50d1cbac27 -> 
  custom:video-decoder-webm-vp8: 9c59270c3fd7afecdb556c50c9e8de78 -> 
  custom:audio-decoder-ogg-vorbis: bf7c407c2cedff20999df2af8eb42d56 -> 
========================================================================
Received Import Request.
  Time since last request: 1093.902655 seconds.
  path: Assets/Scenes/GameManager.cs
  artifactKey: Guid(1305f65e2669ded479e51fe82aa275b0) Importer(815301076,1909f56bfc062723c751e8b465ee728b)
Start importing Assets/Scenes/GameManager.cs using Guid(1305f65e2669ded479e51fe82aa275b0) Importer(815301076,1909f56bfc062723c751e8b465ee728b)  -> (artifact id: '2d101e1426857654354de05166030f80') in 0.015052 seconds 
========================================================================
Received Prepare
Registering precompiled user dll's ...
Registered in 0.010152 seconds.
Required property 'name' not set (Packages/com.unity.services.core/Runtime/Telemetry/Unity.Services.Core.Telemetry.asmdef)
Required property 'name' not set (Packages/com.unity.services.core/Runtime/Networking/Unity.Services.Core.Networking.asmdef)
Required property 'name' not set (Packages/com.unity.services.core/Runtime/Core.Internal/Unity.Services.Core.Internal.asmdef)
Required property 'name' not set (Packages/com.unity.services.core/Runtime/Configuration/Unity.Services.Core.Configuration.asmdef)
Required property 'name' not set (Packages/com.unity.services.core/Runtime/Core/Unity.Services.Core.asmdef)
Required property 'name' not set (Packages/com.unity.services.core/Editor/Core/Unity.Services.Core.Editor.asmdef)
Required property 'name' not set (Packages/com.unity.services.core/Editor/Core/Configuration/Unity.Services.Core.Configuration.Editor.asmdef)
Required property 'name' not set (Packages/com.unity.services.core/Runtime/Analytics/Unity.Services.Core.Analytics.asmdef)
Required property 'name' not set (Packages/com.unity.services.core/Runtime/Registration/Unity.Services.Core.Registration.asmdef)
Required property 'name' not set (Packages/com.unity.services.core/Runtime/Environments/Unity.Services.Core.Environments.asmdef)
Required property 'name' not set (Packages/com.unity.services.core/Runtime/Scheduler/Unity.Services.Core.Scheduler.asmdef)
Required property 'name' not set (Packages/com.unity.services.core/Runtime/Environments/Internal/Unity.Services.Core.Environments.Internal.asmdef)
Required property 'name' not set (Packages/com.unity.collab-proxy/Editor/Collaborate/Unity.CollabProxy.Editor.asmdef)
Required property 'name' not set (Packages/com.unity.collab-proxy/Tests/Editor/Collaborate/Unity.CollabProxy.EditorTests.asmdef)
Required property 'name' not set (Packages/com.unity.services.core/Runtime/Threading/Unity.Services.Core.Threading.asmdef)
Required property 'name' not set (Packages/com.unity.collab-proxy/Tests/Editor/PlasticSCM/Unity.PlasticSCM.EditorTests.asmdef)
Required property 'name' not set (Packages/com.unity.services.core/Runtime/Device/Unity.Services.Core.Device.asmdef)
Required property 'name' not set (Packages/com.unity.services.core/Runtime/Telemetry/Unity.Services.Core.Telemetry.asmdef)
Required property 'name' not set (Packages/com.unity.services.core/Runtime/Networking/Unity.Services.Core.Networking.asmdef)
Required property 'name' not set (Packages/com.unity.services.core/Runtime/Core.Internal/Unity.Services.Core.Internal.asmdef)
Required property 'name' not set (Packages/com.unity.services.core/Runtime/Configuration/Unity.Services.Core.Configuration.asmdef)
Required property 'name' not set (Packages/com.unity.services.core/Runtime/Core/Unity.Services.Core.asmdef)
Required property 'name' not set (Packages/com.unity.services.core/Editor/Core/Unity.Services.Core.Editor.asmdef)
Required property 'name' not set (Packages/com.unity.services.core/Editor/Core/Configuration/Unity.Services.Core.Configuration.Editor.asmdef)
Required property 'name' not set (Packages/com.unity.services.core/Runtime/Analytics/Unity.Services.Core.Analytics.asmdef)
Required property 'name' not set (Packages/com.unity.services.core/Runtime/Registration/Unity.Services.Core.Registration.asmdef)
Required property 'name' not set (Packages/com.unity.services.core/Runtime/Environments/Unity.Services.Core.Environments.asmdef)
Required property 'name' not set (Packages/com.unity.services.core/Runtime/Scheduler/Unity.Services.Core.Scheduler.asmdef)
Required property 'name' not set (Packages/com.unity.services.core/Runtime/Environments/Internal/Unity.Services.Core.Environments.Internal.asmdef)
Required property 'name' not set (Packages/com.unity.collab-proxy/Editor/Collaborate/Unity.CollabProxy.Editor.asmdef)
Required property 'name' not set (Packages/com.unity.collab-proxy/Tests/Editor/Collaborate/Unity.CollabProxy.EditorTests.asmdef)
Required property 'name' not set (Packages/com.unity.services.core/Runtime/Threading/Unity.Services.Core.Threading.asmdef)
Required property 'name' not set (Packages/com.unity.collab-proxy/Tests/Editor/PlasticSCM/Unity.PlasticSCM.EditorTests.asmdef)
Required property 'name' not set (Packages/com.unity.services.core/Runtime/Device/Unity.Services.Core.Device.asmdef)
Begin MonoManager ReloadAssembly
Symbol file LoadedFromMemory doesn't match image C:\Users\a0108\OneDrive\바탕 화면\sokovan\Library\PackageCache\com.unity.visualscripting@1.8.0\Editor\VisualScripting.Core\Dependencies\YamlDotNet\Unity.VisualScripting.YamlDotNet.dll
Symbol file LoadedFromMemory doesn't match image C:\Users\a0108\OneDrive\바탕 화면\sokovan\Library\PackageCache\com.unity.visualscripting@1.8.0\Editor\VisualScripting.Core\Dependencies\DotNetZip\Unity.VisualScripting.IonicZip.dll
Native extension for WindowsStandalone target not found
Native extension for WebGL target not found
Refreshing native plugins compatible for Editor in 0.43 ms, found 3 plugins.
Preloading 0 native plugins for Editor in 0.00 ms.
Required property 'name' not set (Packages/com.unity.services.core/Runtime/Telemetry/Unity.Services.Core.Telemetry.asmdef)
Required property 'name' not set (Packages/com.unity.services.core/Runtime/Networking/Unity.Services.Core.Networking.asmdef)
Required property 'name' not set (Packages/com.unity.services.core/Runtime/Core.Internal/Unity.Services.Core.Internal.asmdef)
Required property 'name' not set (Packages/com.unity.services.core/Runtime/Configuration/Unity.Services.Core.Configuration.asmdef)
Required property 'name' not set (Packages/com.unity.services.core/Runtime/Core/Unity.Services.Core.asmdef)
Required property 'name' not set (Packages/com.unity.services.core/Editor/Core/Unity.Services.Core.Editor.asmdef)
Required property 'name' not set (Packages/com.unity.services.core/Editor/Core/Configuration/Unity.Services.Core.Configuration.Editor.asmdef)
Required property 'name' not set (Packages/com.unity.services.core/Runtime/Analytics/Unity.Services.Core.Analytics.asmdef)
Required property 'name' not set (Packages/com.unity.services.core/Runtime/Registration/Unity.Services.Core.Registration.asmdef)
Required property 'name' not set (Packages/com.unity.services.core/Runtime/Environments/Unity.Services.Core.Environments.asmdef)
Required property 'name' not set (Packages/com.unity.services.core/Runtime/Scheduler/Unity.Services.Core.Scheduler.asmdef)
Required property 'name' not set (Packages/com.unity.services.core/Runtime/Environments/Internal/Unity.Services.Core.Environments.Internal.asmdef)
Required property 'name' not set (Packages/com.unity.collab-proxy/Editor/Collaborate/Unity.CollabProxy.Editor.asmdef)
Required property 'name' not set (Packages/com.unity.collab-proxy/Tests/Editor/Collaborate/Unity.CollabProxy.EditorTests.asmdef)
Required property 'name' not set (Packages/com.unity.services.core/Runtime/Threading/Unity.Services.Core.Threading.asmdef)
Required property 'name' not set (Packages/com.unity.collab-proxy/Tests/Editor/PlasticSCM/Unity.PlasticSCM.EditorTests.asmdef)
Required property 'name' not set (Packages/com.unity.services.core/Runtime/Device/Unity.Services.Core.Device.asmdef)
Mono: successfully reloaded assembly
- Completed reload, in  1.254 seconds
Domain Reload Profiling:
	ReloadAssembly (1255ms)
		BeginReloadAssembly (191ms)
			ExecutionOrderSort (0ms)
			DisableScriptedObjects (4ms)
			BackupInstance (0ms)
			ReleaseScriptingObjects (0ms)
			CreateAndSetChildDomain (40ms)
		EndReloadAssembly (818ms)
			LoadAssemblies (191ms)
			RebuildTransferFunctionScriptingTraits (0ms)
			SetupTypeCache (321ms)
			ReleaseScriptCaches (1ms)
			RebuildScriptCaches (29ms)
			SetupLoadedEditorAssemblies (262ms)
				LogAssemblyErrors (0ms)
				InitializePlatformSupportModulesInManaged (7ms)
				SetLoadedEditorAssemblies (0ms)
				RefreshPlugins (1ms)
				BeforeProcessingInitializeOnLoad (76ms)
				ProcessInitializeOnLoadAttributes (153ms)
				ProcessInitializeOnLoadMethodAttributes (14ms)
				AfterProcessingInitializeOnLoad (10ms)
				EditorAssembliesLoaded (0ms)
			ExecutionOrderSort2 (0ms)
			AwakeInstancesAfterBackupRestoration (6ms)
Platform modules already initialized, skipping
Refreshing native plugins compatible for Editor in 7.14 ms, found 3 plugins.
Preloading 0 native plugins for Editor in 0.00 ms.
Unloading 3044 Unused Serialized files (Serialized files now loaded: 0)
Unloading 15 unused Assets / (24.6 KB). Loaded Objects now: 3708.
Memory consumption went from 117.2 MB to 117.2 MB.
Total: 4.289600 ms (FindLiveObjects: 0.250300 ms CreateObjectMapping: 0.123100 ms MarkObjects: 3.886300 ms  DeleteObjects: 0.028300 ms)

AssetImportParameters requested are different than current active one (requested -> active):
  custom:video-decoder-ogg-theora: a1e56fd34408186e4bbccfd4996cb3dc -> 
  custom:container-muxer-webm: aa71ff27fc2769a1b78a27578f13a17b -> 
  custom:container-demuxer-webm: 4f35f7cbe854078d1ac9338744f61a02 -> 
  custom:video-encoder-webm-vp8: eb34c28f22e8b96e1ab97ce403110664 -> 
  custom:video-codec-MediaFoundation-h265: 746d11721c4dcdbdad8f713fa42b33f4 -> 
  custom:audio-encoder-webm-vorbis: bf7c407c2cedff20999df2af8eb42d56 -> 
  custom:framework-win-MediaFoundation: 216162199b28c13a410421893ffa2e32 -> 
  custom:container-demuxer-ogg: 62fdf1f143b41e24485cea50d1cbac27 -> 
  custom:video-decoder-webm-vp8: 9c59270c3fd7afecdb556c50c9e8de78 -> 
  custom:audio-decoder-ogg-vorbis: bf7c407c2cedff20999df2af8eb42d56 -> 
========================================================================
Received Prepare
Registering precompiled user dll's ...
Registered in 0.009444 seconds.
Required property 'name' not set (Packages/com.unity.services.core/Runtime/Telemetry/Unity.Services.Core.Telemetry.asmdef)
Required property 'name' not set (Packages/com.unity.services.core/Runtime/Networking/Unity.Services.Core.Networking.asmdef)
Required property 'name' not set (Packages/com.unity.services.core/Runtime/Core.Internal/Unity.Services.Core.Internal.asmdef)
Required property 'name' not set (Packages/com.unity.services.core/Runtime/Configuration/Unity.Services.Core.Configuration.asmdef)
Required property 'name' not set (Packages/com.unity.services.core/Runtime/Core/Unity.Services.Core.asmdef)
Required property 'name' not set (Packages/com.unity.services.core/Editor/Core/Unity.Services.Core.Editor.asmdef)
Required property 'name' not set (Packages/com.unity.services.core/Editor/Core/Configuration/Unity.Services.Core.Configuration.Editor.asmdef)
Required property 'name' not set (Packages/com.unity.services.core/Runtime/Analytics/Unity.Services.Core.Analytics.asmdef)
Required property 'name' not set (Packages/com.unity.services.core/Runtime/Registration/Unity.Services.Core.Registration.asmdef)
Required property 'name' not set (Packages/com.unity.services.core/Runtime/Environments/Unity.Services.Core.Environments.asmdef)
Required property 'name' not set (Packages/com.unity.services.core/Runtime/Scheduler/Unity.Services.Core.Scheduler.asmdef)
Required property 'name' not set (Packages/com.unity.services.core/Runtime/Environments/Internal/Unity.Services.Core.Environments.Internal.asmdef)
Required property 'name' not set (Packages/com.unity.collab-proxy/Editor/Collaborate/Unity.CollabProxy.Editor.asmdef)
Required property 'name' not set (Packages/com.unity.collab-proxy/Tests/Editor/Collaborate/Unity.CollabProxy.EditorTests.asmdef)
Required property 'name' not set (Packages/com.unity.services.core/Runtime/Threading/Unity.Services.Core.Threading.asmdef)
Required property 'name' not set (Packages/com.unity.collab-proxy/Tests/Editor/PlasticSCM/Unity.PlasticSCM.EditorTests.asmdef)
Required property 'name' not set (Packages/com.unity.services.core/Runtime/Device/Unity.Services.Core.Device.asmdef)
Required property 'name' not set (Packages/com.unity.services.core/Runtime/Telemetry/Unity.Services.Core.Telemetry.asmdef)
Required property 'name' not set (Packages/com.unity.services.core/Runtime/Networking/Unity.Services.Core.Networking.asmdef)
Required property 'name' not set (Packages/com.unity.services.core/Runtime/Core.Internal/Unity.Services.Core.Internal.asmdef)
Required property 'name' not set (Packages/com.unity.services.core/Runtime/Configuration/Unity.Services.Core.Configuration.asmdef)
Required property 'name' not set (Packages/com.unity.services.core/Runtime/Core/Unity.Services.Core.asmdef)
Required property 'name' not set (Packages/com.unity.services.core/Editor/Core/Unity.Services.Core.Editor.asmdef)
Required property 'name' not set (Packages/com.unity.services.core/Editor/Core/Configuration/Unity.Services.Core.Configuration.Editor.asmdef)
Required property 'name' not set (Packages/com.unity.services.core/Runtime/Analytics/Unity.Services.Core.Analytics.asmdef)
Required property 'name' not set (Packages/com.unity.services.core/Runtime/Registration/Unity.Services.Core.Registration.asmdef)
Required property 'name' not set (Packages/com.unity.services.core/Runtime/Environments/Unity.Services.Core.Environments.asmdef)
Required property 'name' not set (Packages/com.unity.services.core/Runtime/Scheduler/Unity.Services.Core.Scheduler.asmdef)
Required property 'name' not set (Packages/com.unity.services.core/Runtime/Environments/Internal/Unity.Services.Core.Environments.Internal.asmdef)
Required property 'name' not set (Packages/com.unity.collab-proxy/Editor/Collaborate/Unity.CollabProxy.Editor.asmdef)
Required property 'name' not set (Packages/com.unity.collab-proxy/Tests/Editor/Collaborate/Unity.CollabProxy.EditorTests.asmdef)
Required property 'name' not set (Packages/com.unity.services.core/Runtime/Threading/Unity.Services.Core.Threading.asmdef)
Required property 'name' not set (Packages/com.unity.collab-proxy/Tests/Editor/PlasticSCM/Unity.PlasticSCM.EditorTests.asmdef)
Required property 'name' not set (Packages/com.unity.services.core/Runtime/Device/Unity.Services.Core.Device.asmdef)
Begin MonoManager ReloadAssembly
Symbol file LoadedFromMemory doesn't match image C:\Users\a0108\OneDrive\바탕 화면\sokovan\Library\PackageCache\com.unity.visualscripting@1.8.0\Editor\VisualScripting.Core\Dependencies\YamlDotNet\Unity.VisualScripting.YamlDotNet.dll
Symbol file LoadedFromMemory doesn't match image C:\Users\a0108\OneDrive\바탕 화면\sokovan\Library\PackageCache\com.unity.visualscripting@1.8.0\Editor\VisualScripting.Core\Dependencies\DotNetZip\Unity.VisualScripting.IonicZip.dll
Native extension for WindowsStandalone target not found
Native extension for WebGL target not found
Refreshing native plugins compatible for Editor in 1.61 ms, found 3 plugins.
Preloading 0 native plugins for Editor in 0.00 ms.
Required property 'name' not set (Packages/com.unity.services.core/Runtime/Telemetry/Unity.Services.Core.Telemetry.asmdef)
Required property 'name' not set (Packages/com.unity.services.core/Runtime/Networking/Unity.Services.Core.Networking.asmdef)
Required property 'name' not set (Packages/com.unity.services.core/Runtime/Core.Internal/Unity.Services.Core.Internal.asmdef)
Required property 'name' not set (Packages/com.unity.services.core/Runtime/Configuration/Unity.Services.Core.Configuration.asmdef)
Required property 'name' not set (Packages/com.unity.services.core/Runtime/Core/Unity.Services.Core.asmdef)
Required property 'name' not set (Packages/com.unity.services.core/Editor/Core/Unity.Services.Core.Editor.asmdef)
Required property 'name' not set (Packages/com.unity.services.core/Editor/Core/Configuration/Unity.Services.Core.Configuration.Editor.asmdef)
Required property 'name' not set (Packages/com.unity.services.core/Runtime/Analytics/Unity.Services.Core.Analytics.asmdef)
Required property 'name' not set (Packages/com.unity.services.core/Runtime/Registration/Unity.Services.Core.Registration.asmdef)
Required property 'name' not set (Packages/com.unity.services.core/Runtime/Environments/Unity.Services.Core.Environments.asmdef)
Required property 'name' not set (Packages/com.unity.services.core/Runtime/Scheduler/Unity.Services.Core.Scheduler.asmdef)
Required property 'name' not set (Packages/com.unity.services.core/Runtime/Environments/Internal/Unity.Services.Core.Environments.Internal.asmdef)
Required property 'name' not set (Packages/com.unity.collab-proxy/Editor/Collaborate/Unity.CollabProxy.Editor.asmdef)
Required property 'name' not set (Packages/com.unity.collab-proxy/Tests/Editor/Collaborate/Unity.CollabProxy.EditorTests.asmdef)
Required property 'name' not set (Packages/com.unity.services.core/Runtime/Threading/Unity.Services.Core.Threading.asmdef)
Required property 'name' not set (Packages/com.unity.collab-proxy/Tests/Editor/PlasticSCM/Unity.PlasticSCM.EditorTests.asmdef)
Required property 'name' not set (Packages/com.unity.services.core/Runtime/Device/Unity.Services.Core.Device.asmdef)
Mono: successfully reloaded assembly
- Completed reload, in  2.497 seconds
Domain Reload Profiling:
	ReloadAssembly (2498ms)
		BeginReloadAssembly (192ms)
			ExecutionOrderSort (0ms)
			DisableScriptedObjects (4ms)
			BackupInstance (0ms)
			ReleaseScriptingObjects (0ms)
			CreateAndSetChildDomain (27ms)
		EndReloadAssembly (2058ms)
			LoadAssemblies (229ms)
			RebuildTransferFunctionScriptingTraits (0ms)
			SetupTypeCache (683ms)
			ReleaseScriptCaches (3ms)
			RebuildScriptCaches (107ms)
			SetupLoadedEditorAssemblies (868ms)
				LogAssemblyErrors (0ms)
				InitializePlatformSupportModulesInManaged (24ms)
				SetLoadedEditorAssemblies (2ms)
				RefreshPlugins (2ms)
				BeforeProcessingInitializeOnLoad (277ms)
				ProcessInitializeOnLoadAttributes (460ms)
				ProcessInitializeOnLoadMethodAttributes (48ms)
				AfterProcessingInitializeOnLoad (47ms)
				EditorAssembliesLoaded (8ms)
			ExecutionOrderSort2 (0ms)
			AwakeInstancesAfterBackupRestoration (16ms)
Platform modules already initialized, skipping
Refreshing native plugins compatible for Editor in 6.60 ms, found 3 plugins.
Preloading 0 native plugins for Editor in 0.00 ms.
Unloading 3044 Unused Serialized files (Serialized files now loaded: 0)
Unloading 15 unused Assets / (24.6 KB). Loaded Objects now: 3711.
Memory consumption went from 117.2 MB to 117.2 MB.
Total: 16.144500 ms (FindLiveObjects: 0.253500 ms CreateObjectMapping: 0.102800 ms MarkObjects: 15.744800 ms  DeleteObjects: 0.041400 ms)

AssetImportParameters requested are different than current active one (requested -> active):
  custom:video-decoder-ogg-theora: a1e56fd34408186e4bbccfd4996cb3dc -> 
  custom:container-muxer-webm: aa71ff27fc2769a1b78a27578f13a17b -> 
  custom:container-demuxer-webm: 4f35f7cbe854078d1ac9338744f61a02 -> 
  custom:video-encoder-webm-vp8: eb34c28f22e8b96e1ab97ce403110664 -> 
  custom:video-codec-MediaFoundation-h265: 746d11721c4dcdbdad8f713fa42b33f4 -> 
  custom:audio-encoder-webm-vorbis: bf7c407c2cedff20999df2af8eb42d56 -> 
  custom:framework-win-MediaFoundation: 216162199b28c13a410421893ffa2e32 -> 
  custom:container-demuxer-ogg: 62fdf1f143b41e24485cea50d1cbac27 -> 
  custom:video-decoder-webm-vp8: 9c59270c3fd7afecdb556c50c9e8de78 -> 
  custom:audio-decoder-ogg-vorbis: bf7c407c2cedff20999df2af8eb42d56 -> 
========================================================================
Received Prepare
Registering precompiled user dll's ...
Registered in 0.012452 seconds.
Required property 'name' not set (Packages/com.unity.services.core/Runtime/Telemetry/Unity.Services.Core.Telemetry.asmdef)
Required property 'name' not set (Packages/com.unity.services.core/Runtime/Networking/Unity.Services.Core.Networking.asmdef)
Required property 'name' not set (Packages/com.unity.services.core/Runtime/Core.Internal/Unity.Services.Core.Internal.asmdef)
Required property 'name' not set (Packages/com.unity.services.core/Runtime/Configuration/Unity.Services.Core.Configuration.asmdef)
Required property 'name' not set (Packages/com.unity.services.core/Runtime/Core/Unity.Services.Core.asmdef)
Required property 'name' not set (Packages/com.unity.services.core/Editor/Core/Unity.Services.Core.Editor.asmdef)
Required property 'name' not set (Packages/com.unity.services.core/Editor/Core/Configuration/Unity.Services.Core.Configuration.Editor.asmdef)
Required property 'name' not set (Packages/com.unity.services.core/Runtime/Analytics/Unity.Services.Core.Analytics.asmdef)
Required property 'name' not set (Packages/com.unity.services.core/Runtime/Registration/Unity.Services.Core.Registration.asmdef)
Required property 'name' not set (Packages/com.unity.services.core/Runtime/Environments/Unity.Services.Core.Environments.asmdef)
Required property 'name' not set (Packages/com.unity.services.core/Runtime/Scheduler/Unity.Services.Core.Scheduler.asmdef)
Required property 'name' not set (Packages/com.unity.services.core/Runtime/Environments/Internal/Unity.Services.Core.Environments.Internal.asmdef)
Required property 'name' not set (Packages/com.unity.collab-proxy/Editor/Collaborate/Unity.CollabProxy.Editor.asmdef)
Required property 'name' not set (Packages/com.unity.collab-proxy/Tests/Editor/Collaborate/Unity.CollabProxy.EditorTests.asmdef)
Required property 'name' not set (Packages/com.unity.services.core/Runtime/Threading/Unity.Services.Core.Threading.asmdef)
Required property 'name' not set (Packages/com.unity.collab-proxy/Tests/Editor/PlasticSCM/Unity.PlasticSCM.EditorTests.asmdef)
Required property 'name' not set (Packages/com.unity.services.core/Runtime/Device/Unity.Services.Core.Device.asmdef)
Required property 'name' not set (Packages/com.unity.services.core/Runtime/Telemetry/Unity.Services.Core.Telemetry.asmdef)
Required property 'name' not set (Packages/com.unity.services.core/Runtime/Networking/Unity.Services.Core.Networking.asmdef)
Required property 'name' not set (Packages/com.unity.services.core/Runtime/Core.Internal/Unity.Services.Core.Internal.asmdef)
Required property 'name' not set (Packages/com.unity.services.core/Runtime/Configuration/Unity.Services.Core.Configuration.asmdef)
Required property 'name' not set (Packages/com.unity.services.core/Runtime/Core/Unity.Services.Core.asmdef)
Required property 'name' not set (Packages/com.unity.services.core/Editor/Core/Unity.Services.Core.Editor.asmdef)
Required property 'name' not set (Packages/com.unity.services.core/Editor/Core/Configuration/Unity.Services.Core.Configuration.Editor.asmdef)
Required property 'name' not set (Packages/com.unity.services.core/Runtime/Analytics/Unity.Services.Core.Analytics.asmdef)
Required property 'name' not set (Packages/com.unity.services.core/Runtime/Registration/Unity.Services.Core.Registration.asmdef)
Required property 'name' not set (Packages/com.unity.services.core/Runtime/Environments/Unity.Services.Core.Environments.asmdef)
Required property 'name' not set (Packages/com.unity.services.core/Runtime/Scheduler/Unity.Services.Core.Scheduler.asmdef)
Required property 'name' not set (Packages/com.unity.services.core/Runtime/Environments/Internal/Unity.Services.Core.Environments.Internal.asmdef)
Required property 'name' not set (Packages/com.unity.collab-proxy/Editor/Collaborate/Unity.CollabProxy.Editor.asmdef)
Required property 'name' not set (Packages/com.unity.collab-proxy/Tests/Editor/Collaborate/Unity.CollabProxy.EditorTests.asmdef)
Required property 'name' not set (Packages/com.unity.services.core/Runtime/Threading/Unity.Services.Core.Threading.asmdef)
Required property 'name' not set (Packages/com.unity.collab-proxy/Tests/Editor/PlasticSCM/Unity.PlasticSCM.EditorTests.asmdef)
Required property 'name' not set (Packages/com.unity.services.core/Runtime/Device/Unity.Services.Core.Device.asmdef)
Begin MonoManager ReloadAssembly
Symbol file LoadedFromMemory doesn't match image C:\Users\a0108\OneDrive\바탕 화면\sokovan\Library\PackageCache\com.unity.visualscripting@1.8.0\Editor\VisualScripting.Core\Dependencies\YamlDotNet\Unity.VisualScripting.YamlDotNet.dll
Symbol file LoadedFromMemory doesn't match image C:\Users\a0108\OneDrive\바탕 화면\sokovan\Library\PackageCache\com.unity.visualscripting@1.8.0\Editor\VisualScripting.Core\Dependencies\DotNetZip\Unity.VisualScripting.IonicZip.dll
Native extension for WindowsStandalone target not found
Native extension for WebGL target not found
Refreshing native plugins compatible for Editor in 0.48 ms, found 3 plugins.
Preloading 0 native plugins for Editor in 0.00 ms.
Required property 'name' not set (Packages/com.unity.services.core/Runtime/Telemetry/Unity.Services.Core.Telemetry.asmdef)
Required property 'name' not set (Packages/com.unity.services.core/Runtime/Networking/Unity.Services.Core.Networking.asmdef)
Required property 'name' not set (Packages/com.unity.services.core/Runtime/Core.Internal/Unity.Services.Core.Internal.asmdef)
Required property 'name' not set (Packages/com.unity.services.core/Runtime/Configuration/Unity.Services.Core.Configuration.asmdef)
Required property 'name' not set (Packages/com.unity.services.core/Runtime/Core/Unity.Services.Core.asmdef)
Required property 'name' not set (Packages/com.unity.services.core/Editor/Core/Unity.Services.Core.Editor.asmdef)
Required property 'name' not set (Packages/com.unity.services.core/Editor/Core/Configuration/Unity.Services.Core.Configuration.Editor.asmdef)
Required property 'name' not set (Packages/com.unity.services.core/Runtime/Analytics/Unity.Services.Core.Analytics.asmdef)
Required property 'name' not set (Packages/com.unity.services.core/Runtime/Registration/Unity.Services.Core.Registration.asmdef)
Required property 'name' not set (Packages/com.unity.services.core/Runtime/Environments/Unity.Services.Core.Environments.asmdef)
Required property 'name' not set (Packages/com.unity.services.core/Runtime/Scheduler/Unity.Services.Core.Scheduler.asmdef)
Required property 'name' not set (Packages/com.unity.services.core/Runtime/Environments/Internal/Unity.Services.Core.Environments.Internal.asmdef)
Required property 'name' not set (Packages/com.unity.collab-proxy/Editor/Collaborate/Unity.CollabProxy.Editor.asmdef)
Required property 'name' not set (Packages/com.unity.collab-proxy/Tests/Editor/Collaborate/Unity.CollabProxy.EditorTests.asmdef)
Required property 'name' not set (Packages/com.unity.services.core/Runtime/Threading/Unity.Services.Core.Threading.asmdef)
Required property 'name' not set (Packages/com.unity.collab-proxy/Tests/Editor/PlasticSCM/Unity.PlasticSCM.EditorTests.asmdef)
Required property 'name' not set (Packages/com.unity.services.core/Runtime/Device/Unity.Services.Core.Device.asmdef)
Mono: successfully reloaded assembly
- Completed reload, in  1.254 seconds
Domain Reload Profiling:
	ReloadAssembly (1255ms)
		BeginReloadAssembly (186ms)
			ExecutionOrderSort (0ms)
			DisableScriptedObjects (5ms)
			BackupInstance (0ms)
			ReleaseScriptingObjects (0ms)
			CreateAndSetChildDomain (32ms)
		EndReloadAssembly (962ms)
			LoadAssemblies (159ms)
			RebuildTransferFunctionScriptingTraits (0ms)
			SetupTypeCache (433ms)
			ReleaseScriptCaches (3ms)
			RebuildScriptCaches (45ms)
			SetupLoadedEditorAssemblies (295ms)
				LogAssemblyErrors (0ms)
				InitializePlatformSupportModulesInManaged (7ms)
				SetLoadedEditorAssemblies (0ms)
				RefreshPlugins (1ms)
				BeforeProcessingInitializeOnLoad (83ms)
				ProcessInitializeOnLoadAttributes (172ms)
				ProcessInitializeOnLoadMethodAttributes (17ms)
				AfterProcessingInitializeOnLoad (14ms)
				EditorAssembliesLoaded (0ms)
			ExecutionOrderSort2 (0ms)
			AwakeInstancesAfterBackupRestoration (8ms)
Platform modules already initialized, skipping
Refreshing native plugins compatible for Editor in 2.46 ms, found 3 plugins.
Preloading 0 native plugins for Editor in 0.00 ms.
Unloading 3091 Unused Serialized files (Serialized files now loaded: 0)
Unloading 28 unused Assets / (0.7 MB). Loaded Objects now: 3748.
Memory consumption went from 120.4 MB to 119.7 MB.
Total: 2.553700 ms (FindLiveObjects: 0.189900 ms CreateObjectMapping: 0.076400 ms MarkObjects: 2.023100 ms  DeleteObjects: 0.263100 ms)

AssetImportParameters requested are different than current active one (requested -> active):
  custom:video-decoder-ogg-theora: a1e56fd34408186e4bbccfd4996cb3dc -> 
  custom:container-muxer-webm: aa71ff27fc2769a1b78a27578f13a17b -> 
  custom:container-demuxer-webm: 4f35f7cbe854078d1ac9338744f61a02 -> 
  custom:video-encoder-webm-vp8: eb34c28f22e8b96e1ab97ce403110664 -> 
  custom:video-codec-MediaFoundation-h265: 746d11721c4dcdbdad8f713fa42b33f4 -> 
  custom:audio-encoder-webm-vorbis: bf7c407c2cedff20999df2af8eb42d56 -> 
  custom:framework-win-MediaFoundation: 216162199b28c13a410421893ffa2e32 -> 
  custom:container-demuxer-ogg: 62fdf1f143b41e24485cea50d1cbac27 -> 
  custom:video-decoder-webm-vp8: 9c59270c3fd7afecdb556c50c9e8de78 -> 
  custom:audio-decoder-ogg-vorbis: bf7c407c2cedff20999df2af8eb42d56 -> 
