Using pre-set license
Built from '2021.3/staging' branch; Version is '2021.3.24f1 (cf10dcf7010d) revision 13570268'; Using compiler version '192829333'; Build Type 'Release'
OS: 'Windows 11  (10.0.22631) 64bit Core' Language: 'ko' Physical Memory: 16010 MB
BatchMode: 1, IsHumanControllingUs: 0, StartBugReporterOnCrash: 0, Is64bit: 1, IsPro: 1

COMMAND LINE ARGUMENTS:
C:\Program Files\Unity\Hub\Editor\2021.3.24f1\Editor\Unity.exe
-adb2
-batchMode
-noUpm
-name
AssetImportWorker1
-projectPath
C:/Users/a0108/OneDrive/바탕 화면/sokovan
-logFile
Logs/AssetImportWorker1.log
-srvPort
63662
Successfully changed project path to: C:/Users/a0108/OneDrive/바탕 화면/sokovan
C:/Users/a0108/OneDrive/바탕 화면/sokovan
[UnityMemory] Configuration Parameters - Can be set up in boot.config
    "memorysetup-bucket-allocator-granularity=16"
    "memorysetup-bucket-allocator-bucket-count=8"
    "memorysetup-bucket-allocator-block-size=33554432"
    "memorysetup-bucket-allocator-block-count=8"
    "memorysetup-main-allocator-block-size=16777216"
    "memorysetup-thread-allocator-block-size=16777216"
    "memorysetup-gfx-main-allocator-block-size=16777216"
    "memorysetup-gfx-thread-allocator-block-size=16777216"
    "memorysetup-cache-allocator-block-size=4194304"
    "memorysetup-typetree-allocator-block-size=2097152"
    "memorysetup-profiler-bucket-allocator-granularity=16"
    "memorysetup-profiler-bucket-allocator-bucket-count=8"
    "memorysetup-profiler-bucket-allocator-block-size=33554432"
    "memorysetup-profiler-bucket-allocator-block-count=8"
    "memorysetup-profiler-allocator-block-size=16777216"
    "memorysetup-profiler-editor-allocator-block-size=1048576"
    "memorysetup-temp-allocator-size-main=16777216"
    "memorysetup-job-temp-allocator-block-size=2097152"
    "memorysetup-job-temp-allocator-block-size-background=1048576"
    "memorysetup-job-temp-allocator-reduction-small-platforms=262144"
    "memorysetup-temp-allocator-size-background-worker=32768"
    "memorysetup-temp-allocator-size-job-worker=262144"
    "memorysetup-temp-allocator-size-preload-manager=33554432"
    "memorysetup-temp-allocator-size-nav-mesh-worker=65536"
    "memorysetup-temp-allocator-size-audio-worker=65536"
    "memorysetup-temp-allocator-size-cloud-worker=32768"
    "memorysetup-temp-allocator-size-gi-baking-worker=262144"
    "memorysetup-temp-allocator-size-gfx=262144"
Player connection [4876] Host "[IP] 0.0.0.0 [Port] 0 [Flags] 2 [Guid] 2625072781 [EditorId] 2625072781 [Version] 1048832 [Id] WindowsEditor(7,BOOK-V0NQ3TJAQQ) [Debug] 1 [PackageName] WindowsEditor [ProjectName] Editor" joined multi-casting on [225.0.0.222:54997]...

Player connection [4876] Host "[IP] 0.0.0.0 [Port] 0 [Flags] 2 [Guid] 2625072781 [EditorId] 2625072781 [Version] 1048832 [Id] WindowsEditor(7,BOOK-V0NQ3TJAQQ) [Debug] 1 [PackageName] WindowsEditor [ProjectName] Editor" joined alternative multi-casting on [225.0.0.222:34997]...

Refreshing native plugins compatible for Editor in 84.32 ms, found 3 plugins.
Preloading 0 native plugins for Editor in 0.00 ms.
Initialize engine version: 2021.3.24f1 (cf10dcf7010d)
[Subsystems] Discovering subsystems at path C:/Program Files/Unity/Hub/Editor/2021.3.24f1/Editor/Data/Resources/UnitySubsystems
[Subsystems] Discovering subsystems at path C:/Users/a0108/OneDrive/바탕 화면/sokovan/Assets
GfxDevice: creating device client; threaded=0; jobified=0
Direct3D:
    Version:  Direct3D 11.0 [level 11.1]
    Renderer: Microsoft Basic Render Driver (ID=0x8c)
    Vendor:   Microsoft
    VRAM:     8005 MB
Initialize mono
Mono path[0] = 'C:/Program Files/Unity/Hub/Editor/2021.3.24f1/Editor/Data/Managed'
Mono path[1] = 'C:/Program Files/Unity/Hub/Editor/2021.3.24f1/Editor/Data/MonoBleedingEdge/lib/mono/unityjit-win32'
Mono config path = 'C:/Program Files/Unity/Hub/Editor/2021.3.24f1/Editor/Data/MonoBleedingEdge/etc'
Using monoOptions --debugger-agent=transport=dt_socket,embedding=1,server=y,suspend=n,address=127.0.0.1:56524
Begin MonoManager ReloadAssembly
Registering precompiled unity dll's ...
Register platform support module: C:/Program Files/Unity/Hub/Editor/2021.3.24f1/Editor/Data/PlaybackEngines/WebGLSupport/UnityEditor.WebGL.Extensions.dll
Register platform support module: C:/Program Files/Unity/Hub/Editor/2021.3.24f1/Editor/Data/PlaybackEngines/WindowsStandaloneSupport/UnityEditor.WindowsStandalone.Extensions.dll
Registered in 0.011612 seconds.
Native extension for WindowsStandalone target not found
Native extension for WebGL target not found
Refreshing native plugins compatible for Editor in 74.03 ms, found 3 plugins.
Preloading 0 native plugins for Editor in 0.00 ms.
Mono: successfully reloaded assembly
- Completed reload, in  0.687 seconds
Domain Reload Profiling:
	ReloadAssembly (687ms)
		BeginReloadAssembly (121ms)
			ExecutionOrderSort (0ms)
			DisableScriptedObjects (0ms)
			BackupInstance (0ms)
			ReleaseScriptingObjects (0ms)
			CreateAndSetChildDomain (1ms)
		EndReloadAssembly (448ms)
			LoadAssemblies (114ms)
			RebuildTransferFunctionScriptingTraits (0ms)
			SetupTypeCache (108ms)
			ReleaseScriptCaches (0ms)
			RebuildScriptCaches (26ms)
			SetupLoadedEditorAssemblies (254ms)
				LogAssemblyErrors (0ms)
				InitializePlatformSupportModulesInManaged (10ms)
				SetLoadedEditorAssemblies (0ms)
				RefreshPlugins (74ms)
				BeforeProcessingInitializeOnLoad (1ms)
				ProcessInitializeOnLoadAttributes (122ms)
				ProcessInitializeOnLoadMethodAttributes (46ms)
				AfterProcessingInitializeOnLoad (0ms)
				EditorAssembliesLoaded (0ms)
			ExecutionOrderSort2 (0ms)
			AwakeInstancesAfterBackupRestoration (0ms)
Platform modules already initialized, skipping
Registering precompiled user dll's ...
Registered in 0.010619 seconds.
Required property 'name' not set (Packages/com.unity.services.core/Runtime/Telemetry/Unity.Services.Core.Telemetry.asmdef)
Required property 'name' not set (Packages/com.unity.services.core/Runtime/Networking/Unity.Services.Core.Networking.asmdef)
Required property 'name' not set (Packages/com.unity.services.core/Runtime/Core.Internal/Unity.Services.Core.Internal.asmdef)
Required property 'name' not set (Packages/com.unity.services.core/Runtime/Configuration/Unity.Services.Core.Configuration.asmdef)
Required property 'name' not set (Packages/com.unity.services.core/Runtime/Core/Unity.Services.Core.asmdef)
Required property 'name' not set (Packages/com.unity.services.core/Editor/Core/Unity.Services.Core.Editor.asmdef)
Required property 'name' not set (Packages/com.unity.services.core/Editor/Core/Configuration/Unity.Services.Core.Configuration.Editor.asmdef)
Required property 'name' not set (Packages/com.unity.services.core/Runtime/Analytics/Unity.Services.Core.Analytics.asmdef)
Required property 'name' not set (Packages/com.unity.services.core/Runtime/Registration/Unity.Services.Core.Registration.asmdef)
Required property 'name' not set (Packages/com.unity.services.core/Runtime/Environments/Unity.Services.Core.Environments.asmdef)
Required property 'name' not set (Packages/com.unity.services.core/Runtime/Scheduler/Unity.Services.Core.Scheduler.asmdef)
Required property 'name' not set (Packages/com.unity.services.core/Runtime/Environments/Internal/Unity.Services.Core.Environments.Internal.asmdef)
Required property 'name' not set (Packages/com.unity.collab-proxy/Editor/Collaborate/Unity.CollabProxy.Editor.asmdef)
Required property 'name' not set (Packages/com.unity.collab-proxy/Tests/Editor/Collaborate/Unity.CollabProxy.EditorTests.asmdef)
Required property 'name' not set (Packages/com.unity.services.core/Runtime/Threading/Unity.Services.Core.Threading.asmdef)
Required property 'name' not set (Packages/com.unity.collab-proxy/Tests/Editor/PlasticSCM/Unity.PlasticSCM.EditorTests.asmdef)
Required property 'name' not set (Packages/com.unity.services.core/Runtime/Device/Unity.Services.Core.Device.asmdef)
Required property 'name' not set (Packages/com.unity.services.core/Runtime/Telemetry/Unity.Services.Core.Telemetry.asmdef)
Required property 'name' not set (Packages/com.unity.services.core/Runtime/Networking/Unity.Services.Core.Networking.asmdef)
Required property 'name' not set (Packages/com.unity.services.core/Runtime/Core.Internal/Unity.Services.Core.Internal.asmdef)
Required property 'name' not set (Packages/com.unity.services.core/Runtime/Configuration/Unity.Services.Core.Configuration.asmdef)
Required property 'name' not set (Packages/com.unity.services.core/Runtime/Core/Unity.Services.Core.asmdef)
Required property 'name' not set (Packages/com.unity.services.core/Editor/Core/Unity.Services.Core.Editor.asmdef)
Required property 'name' not set (Packages/com.unity.services.core/Editor/Core/Configuration/Unity.Services.Core.Configuration.Editor.asmdef)
Required property 'name' not set (Packages/com.unity.services.core/Runtime/Analytics/Unity.Services.Core.Analytics.asmdef)
Required property 'name' not set (Packages/com.unity.services.core/Runtime/Registration/Unity.Services.Core.Registration.asmdef)
Required property 'name' not set (Packages/com.unity.services.core/Runtime/Environments/Unity.Services.Core.Environments.asmdef)
Required property 'name' not set (Packages/com.unity.services.core/Runtime/Scheduler/Unity.Services.Core.Scheduler.asmdef)
Required property 'name' not set (Packages/com.unity.services.core/Runtime/Environments/Internal/Unity.Services.Core.Environments.Internal.asmdef)
Required property 'name' not set (Packages/com.unity.collab-proxy/Editor/Collaborate/Unity.CollabProxy.Editor.asmdef)
Required property 'name' not set (Packages/com.unity.collab-proxy/Tests/Editor/Collaborate/Unity.CollabProxy.EditorTests.asmdef)
Required property 'name' not set (Packages/com.unity.services.core/Runtime/Threading/Unity.Services.Core.Threading.asmdef)
Required property 'name' not set (Packages/com.unity.collab-proxy/Tests/Editor/PlasticSCM/Unity.PlasticSCM.EditorTests.asmdef)
Required property 'name' not set (Packages/com.unity.services.core/Runtime/Device/Unity.Services.Core.Device.asmdef)
Begin MonoManager ReloadAssembly
Symbol file LoadedFromMemory doesn't match image C:\Users\a0108\OneDrive\바탕 화면\sokovan\Library\PackageCache\com.unity.visualscripting@1.8.0\Editor\VisualScripting.Core\Dependencies\YamlDotNet\Unity.VisualScripting.YamlDotNet.dll
Symbol file LoadedFromMemory doesn't match image C:\Users\a0108\OneDrive\바탕 화면\sokovan\Library\PackageCache\com.unity.visualscripting@1.8.0\Editor\VisualScripting.Core\Dependencies\DotNetZip\Unity.VisualScripting.IonicZip.dll
Could not load signature of Unity.PlasticSCM.Editor.Views.PendingChanges.Dialogs.CheckinMergeNeededDialog:Merge due to: Could not resolve type with token 01000088 from typeref (expected class 'PlasticGui.WorkspaceWindow.PendingChanges.CheckinMergeNeededData' in assembly 'unityplastic, Version=10.0.16.6023, Culture=neutral, PublicKeyToken=a107c9c6e34c8876') assembly:unityplastic, Version=10.0.16.6023, Culture=neutral, PublicKeyToken=a107c9c6e34c8876 type:PlasticGui.WorkspaceWindow.PendingChanges.CheckinMergeNeededData member:(null)
Could not load signature of Unity.PlasticSCM.Editor.Views.CreateWorkspace.Dialogs.CreateRepositoryDialog:CreateRepository due to: Could not resolve type with token 010000f5 from typeref (expected class 'PlasticGui.SwitcherWindow.Repositories.RepositoryCreationData' in assembly 'unityplastic, Version=10.0.16.6023, Culture=neutral, PublicKeyToken=a107c9c6e34c8876') assembly:unityplastic, Version=10.0.16.6023, Culture=neutral, PublicKeyToken=a107c9c6e34c8876 type:PlasticGui.SwitcherWindow.Repositories.RepositoryCreationData member:(null)
Could not load signature of Unity.PlasticSCM.Editor.Views.CreateWorkspace.Dialogs.CreateRepositoryDialog:BuildCreationData due to: Could not resolve type with token 010000f5 from typeref (expected class 'PlasticGui.SwitcherWindow.Repositories.RepositoryCreationData' in assembly 'unityplastic, Version=10.0.16.6023, Culture=neutral, PublicKeyToken=a107c9c6e34c8876') assembly:unityplastic, Version=10.0.16.6023, Culture=neutral, PublicKeyToken=a107c9c6e34c8876 type:PlasticGui.SwitcherWindow.Repositories.RepositoryCreationData member:(null)
Unloading broken assembly Library/ScriptAssemblies/Unity.PlasticSCM.Editor.dll, this assembly can cause crashes in the runtime
Native extension for WindowsStandalone target not found
Native extension for WebGL target not found
Refreshing native plugins compatible for Editor in 0.62 ms, found 3 plugins.
Preloading 0 native plugins for Editor in 0.00 ms.
Required property 'name' not set (Packages/com.unity.services.core/Runtime/Telemetry/Unity.Services.Core.Telemetry.asmdef)
Required property 'name' not set (Packages/com.unity.services.core/Runtime/Networking/Unity.Services.Core.Networking.asmdef)
Required property 'name' not set (Packages/com.unity.services.core/Runtime/Core.Internal/Unity.Services.Core.Internal.asmdef)
Required property 'name' not set (Packages/com.unity.services.core/Runtime/Configuration/Unity.Services.Core.Configuration.asmdef)
Required property 'name' not set (Packages/com.unity.services.core/Runtime/Core/Unity.Services.Core.asmdef)
Required property 'name' not set (Packages/com.unity.services.core/Editor/Core/Unity.Services.Core.Editor.asmdef)
Required property 'name' not set (Packages/com.unity.services.core/Editor/Core/Configuration/Unity.Services.Core.Configuration.Editor.asmdef)
Required property 'name' not set (Packages/com.unity.services.core/Runtime/Analytics/Unity.Services.Core.Analytics.asmdef)
Required property 'name' not set (Packages/com.unity.services.core/Runtime/Registration/Unity.Services.Core.Registration.asmdef)
Required property 'name' not set (Packages/com.unity.services.core/Runtime/Environments/Unity.Services.Core.Environments.asmdef)
Required property 'name' not set (Packages/com.unity.services.core/Runtime/Scheduler/Unity.Services.Core.Scheduler.asmdef)
Required property 'name' not set (Packages/com.unity.services.core/Runtime/Environments/Internal/Unity.Services.Core.Environments.Internal.asmdef)
Required property 'name' not set (Packages/com.unity.collab-proxy/Editor/Collaborate/Unity.CollabProxy.Editor.asmdef)
Required property 'name' not set (Packages/com.unity.collab-proxy/Tests/Editor/Collaborate/Unity.CollabProxy.EditorTests.asmdef)
Required property 'name' not set (Packages/com.unity.services.core/Runtime/Threading/Unity.Services.Core.Threading.asmdef)
Required property 'name' not set (Packages/com.unity.collab-proxy/Tests/Editor/PlasticSCM/Unity.PlasticSCM.EditorTests.asmdef)
Required property 'name' not set (Packages/com.unity.services.core/Runtime/Device/Unity.Services.Core.Device.asmdef)
Mono: successfully reloaded assembly
- Completed reload, in  1.213 seconds
Domain Reload Profiling:
	ReloadAssembly (1214ms)
		BeginReloadAssembly (152ms)
			ExecutionOrderSort (0ms)
			DisableScriptedObjects (5ms)
			BackupInstance (0ms)
			ReleaseScriptingObjects (0ms)
			CreateAndSetChildDomain (17ms)
		EndReloadAssembly (931ms)
			LoadAssemblies (143ms)
			RebuildTransferFunctionScriptingTraits (0ms)
			SetupTypeCache (335ms)
			ReleaseScriptCaches (1ms)
			RebuildScriptCaches (91ms)
			SetupLoadedEditorAssemblies (323ms)
				LogAssemblyErrors (0ms)
				InitializePlatformSupportModulesInManaged (9ms)
				SetLoadedEditorAssemblies (0ms)
				RefreshPlugins (1ms)
				BeforeProcessingInitializeOnLoad (132ms)
				ProcessInitializeOnLoadAttributes (141ms)
				ProcessInitializeOnLoadMethodAttributes (21ms)
				AfterProcessingInitializeOnLoad (17ms)
				EditorAssembliesLoaded (0ms)
			ExecutionOrderSort2 (0ms)
			AwakeInstancesAfterBackupRestoration (8ms)
Platform modules already initialized, skipping
========================================================================
Worker process is ready to serve import requests
Launched and connected shader compiler UnityShaderCompiler.exe after 0.25 seconds
Refreshing native plugins compatible for Editor in 0.68 ms, found 3 plugins.
Preloading 0 native plugins for Editor in 0.00 ms.
Unloading 3390 Unused Serialized files (Serialized files now loaded: 0)
Unloading 24 unused Assets / (56.2 KB). Loaded Objects now: 3850.
Memory consumption went from 119.8 MB to 119.8 MB.
Total: 3.193300 ms (FindLiveObjects: 0.282700 ms CreateObjectMapping: 0.114500 ms MarkObjects: 2.705400 ms  DeleteObjects: 0.089000 ms)

AssetImportParameters requested are different than current active one (requested -> active):
  custom:video-decoder-ogg-theora: a1e56fd34408186e4bbccfd4996cb3dc -> 
  custom:container-muxer-webm: aa71ff27fc2769a1b78a27578f13a17b -> 
  custom:container-demuxer-webm: 4f35f7cbe854078d1ac9338744f61a02 -> 
  custom:video-encoder-webm-vp8: eb34c28f22e8b96e1ab97ce403110664 -> 
  custom:video-codec-MediaFoundation-h265: 746d11721c4dcdbdad8f713fa42b33f4 -> 
  custom:audio-encoder-webm-vorbis: bf7c407c2cedff20999df2af8eb42d56 -> 
  custom:framework-win-MediaFoundation: 216162199b28c13a410421893ffa2e32 -> 
  custom:container-demuxer-ogg: 62fdf1f143b41e24485cea50d1cbac27 -> 
  custom:video-decoder-webm-vp8: 9c59270c3fd7afecdb556c50c9e8de78 -> 
  custom:audio-decoder-ogg-vorbis: bf7c407c2cedff20999df2af8eb42d56 -> 
========================================================================
Received Import Request.
  Time since last request: 1703377.656313 seconds.
  path: Assets/Scenes
  artifactKey: Guid(6ea315d0fd7389c41b19996891e99ae3) Importer(815301076,1909f56bfc062723c751e8b465ee728b)
Start importing Assets/Scenes using Guid(6ea315d0fd7389c41b19996891e99ae3) Importer(815301076,1909f56bfc062723c751e8b465ee728b)  -> (artifact id: 'b8193726cff86800c54781cdc6d54904') in 0.008347 seconds 
========================================================================
Received Import Request.
  Time since last request: 0.000744 seconds.
  path: Assets/Scenes/SampleScene.unity
  artifactKey: Guid(9fc0d4010bbf28b4594072e72b8655ab) Importer(815301076,1909f56bfc062723c751e8b465ee728b)
Start importing Assets/Scenes/SampleScene.unity using Guid(9fc0d4010bbf28b4594072e72b8655ab) Importer(815301076,1909f56bfc062723c751e8b465ee728b)  -> (artifact id: '9ed81321b28ca5f5a666d1b9dce58d2c') in 0.006205 seconds 
========================================================================
Received Prepare
Registering precompiled user dll's ...
Registered in 0.013735 seconds.
Required property 'name' not set (Packages/com.unity.services.core/Runtime/Telemetry/Unity.Services.Core.Telemetry.asmdef)
Required property 'name' not set (Packages/com.unity.services.core/Runtime/Networking/Unity.Services.Core.Networking.asmdef)
Required property 'name' not set (Packages/com.unity.services.core/Runtime/Core.Internal/Unity.Services.Core.Internal.asmdef)
Required property 'name' not set (Packages/com.unity.services.core/Runtime/Configuration/Unity.Services.Core.Configuration.asmdef)
Required property 'name' not set (Packages/com.unity.services.core/Runtime/Core/Unity.Services.Core.asmdef)
Required property 'name' not set (Packages/com.unity.services.core/Editor/Core/Unity.Services.Core.Editor.asmdef)
Required property 'name' not set (Packages/com.unity.services.core/Editor/Core/Configuration/Unity.Services.Core.Configuration.Editor.asmdef)
Required property 'name' not set (Packages/com.unity.services.core/Runtime/Analytics/Unity.Services.Core.Analytics.asmdef)
Required property 'name' not set (Packages/com.unity.services.core/Runtime/Registration/Unity.Services.Core.Registration.asmdef)
Required property 'name' not set (Packages/com.unity.services.core/Runtime/Environments/Unity.Services.Core.Environments.asmdef)
Required property 'name' not set (Packages/com.unity.services.core/Runtime/Scheduler/Unity.Services.Core.Scheduler.asmdef)
Required property 'name' not set (Packages/com.unity.services.core/Runtime/Environments/Internal/Unity.Services.Core.Environments.Internal.asmdef)
Required property 'name' not set (Packages/com.unity.collab-proxy/Editor/Collaborate/Unity.CollabProxy.Editor.asmdef)
Required property 'name' not set (Packages/com.unity.collab-proxy/Tests/Editor/Collaborate/Unity.CollabProxy.EditorTests.asmdef)
Required property 'name' not set (Packages/com.unity.services.core/Runtime/Threading/Unity.Services.Core.Threading.asmdef)
Required property 'name' not set (Packages/com.unity.collab-proxy/Tests/Editor/PlasticSCM/Unity.PlasticSCM.EditorTests.asmdef)
Required property 'name' not set (Packages/com.unity.services.core/Runtime/Device/Unity.Services.Core.Device.asmdef)
Required property 'name' not set (Packages/com.unity.services.core/Runtime/Telemetry/Unity.Services.Core.Telemetry.asmdef)
Required property 'name' not set (Packages/com.unity.services.core/Runtime/Networking/Unity.Services.Core.Networking.asmdef)
Required property 'name' not set (Packages/com.unity.services.core/Runtime/Core.Internal/Unity.Services.Core.Internal.asmdef)
Required property 'name' not set (Packages/com.unity.services.core/Runtime/Configuration/Unity.Services.Core.Configuration.asmdef)
Required property 'name' not set (Packages/com.unity.services.core/Runtime/Core/Unity.Services.Core.asmdef)
Required property 'name' not set (Packages/com.unity.services.core/Editor/Core/Unity.Services.Core.Editor.asmdef)
Required property 'name' not set (Packages/com.unity.services.core/Editor/Core/Configuration/Unity.Services.Core.Configuration.Editor.asmdef)
Required property 'name' not set (Packages/com.unity.services.core/Runtime/Analytics/Unity.Services.Core.Analytics.asmdef)
Required property 'name' not set (Packages/com.unity.services.core/Runtime/Registration/Unity.Services.Core.Registration.asmdef)
Required property 'name' not set (Packages/com.unity.services.core/Runtime/Environments/Unity.Services.Core.Environments.asmdef)
Required property 'name' not set (Packages/com.unity.services.core/Runtime/Scheduler/Unity.Services.Core.Scheduler.asmdef)
Required property 'name' not set (Packages/com.unity.services.core/Runtime/Environments/Internal/Unity.Services.Core.Environments.Internal.asmdef)
Required property 'name' not set (Packages/com.unity.collab-proxy/Editor/Collaborate/Unity.CollabProxy.Editor.asmdef)
Required property 'name' not set (Packages/com.unity.collab-proxy/Tests/Editor/Collaborate/Unity.CollabProxy.EditorTests.asmdef)
Required property 'name' not set (Packages/com.unity.services.core/Runtime/Threading/Unity.Services.Core.Threading.asmdef)
Required property 'name' not set (Packages/com.unity.collab-proxy/Tests/Editor/PlasticSCM/Unity.PlasticSCM.EditorTests.asmdef)
Required property 'name' not set (Packages/com.unity.services.core/Runtime/Device/Unity.Services.Core.Device.asmdef)
Could not load signature of Unity.PlasticSCM.Editor.Views.CreateWorkspace.Dialogs.CreateRepositoryDialog:CreateRepository due to: Could not resolve type with token 010000f5 from typeref (expected class 'PlasticGui.SwitcherWindow.Repositories.RepositoryCreationData' in assembly 'unityplastic, Version=10.0.16.6023, Culture=neutral, PublicKeyToken=a107c9c6e34c8876') assembly:unityplastic, Version=10.0.16.6023, Culture=neutral, PublicKeyToken=a107c9c6e34c8876 type:PlasticGui.SwitcherWindow.Repositories.RepositoryCreationData member:(null)
Could not load signature of Unity.PlasticSCM.Editor.Views.CreateWorkspace.Dialogs.CreateRepositoryDialog:BuildCreationData due to: Could not resolve type with token 010000f5 from typeref (expected class 'PlasticGui.SwitcherWindow.Repositories.RepositoryCreationData' in assembly 'unityplastic, Version=10.0.16.6023, Culture=neutral, PublicKeyToken=a107c9c6e34c8876') assembly:unityplastic, Version=10.0.16.6023, Culture=neutral, PublicKeyToken=a107c9c6e34c8876 type:PlasticGui.SwitcherWindow.Repositories.RepositoryCreationData member:(null)
Begin MonoManager ReloadAssembly
Symbol file LoadedFromMemory doesn't match image C:\Users\a0108\OneDrive\바탕 화면\sokovan\Library\PackageCache\com.unity.visualscripting@1.8.0\Editor\VisualScripting.Core\Dependencies\YamlDotNet\Unity.VisualScripting.YamlDotNet.dll
Symbol file LoadedFromMemory doesn't match image C:\Users\a0108\OneDrive\바탕 화면\sokovan\Library\PackageCache\com.unity.visualscripting@1.8.0\Editor\VisualScripting.Core\Dependencies\DotNetZip\Unity.VisualScripting.IonicZip.dll
Native extension for WindowsStandalone target not found
Native extension for WebGL target not found
Refreshing native plugins compatible for Editor in 0.51 ms, found 3 plugins.
Preloading 0 native plugins for Editor in 0.00 ms.
Required property 'name' not set (Packages/com.unity.services.core/Runtime/Telemetry/Unity.Services.Core.Telemetry.asmdef)
Required property 'name' not set (Packages/com.unity.services.core/Runtime/Networking/Unity.Services.Core.Networking.asmdef)
Required property 'name' not set (Packages/com.unity.services.core/Runtime/Core.Internal/Unity.Services.Core.Internal.asmdef)
Required property 'name' not set (Packages/com.unity.services.core/Runtime/Configuration/Unity.Services.Core.Configuration.asmdef)
Required property 'name' not set (Packages/com.unity.services.core/Runtime/Core/Unity.Services.Core.asmdef)
Required property 'name' not set (Packages/com.unity.services.core/Editor/Core/Unity.Services.Core.Editor.asmdef)
Required property 'name' not set (Packages/com.unity.services.core/Editor/Core/Configuration/Unity.Services.Core.Configuration.Editor.asmdef)
Required property 'name' not set (Packages/com.unity.services.core/Runtime/Analytics/Unity.Services.Core.Analytics.asmdef)
Required property 'name' not set (Packages/com.unity.services.core/Runtime/Registration/Unity.Services.Core.Registration.asmdef)
Required property 'name' not set (Packages/com.unity.services.core/Runtime/Environments/Unity.Services.Core.Environments.asmdef)
Required property 'name' not set (Packages/com.unity.services.core/Runtime/Scheduler/Unity.Services.Core.Scheduler.asmdef)
Required property 'name' not set (Packages/com.unity.services.core/Runtime/Environments/Internal/Unity.Services.Core.Environments.Internal.asmdef)
Required property 'name' not set (Packages/com.unity.collab-proxy/Editor/Collaborate/Unity.CollabProxy.Editor.asmdef)
Required property 'name' not set (Packages/com.unity.collab-proxy/Tests/Editor/Collaborate/Unity.CollabProxy.EditorTests.asmdef)
Required property 'name' not set (Packages/com.unity.services.core/Runtime/Threading/Unity.Services.Core.Threading.asmdef)
Required property 'name' not set (Packages/com.unity.collab-proxy/Tests/Editor/PlasticSCM/Unity.PlasticSCM.EditorTests.asmdef)
Required property 'name' not set (Packages/com.unity.services.core/Runtime/Device/Unity.Services.Core.Device.asmdef)
Mono: successfully reloaded assembly
- Completed reload, in  1.264 seconds
Domain Reload Profiling:
	ReloadAssembly (1265ms)
		BeginReloadAssembly (182ms)
			ExecutionOrderSort (0ms)
			DisableScriptedObjects (4ms)
			BackupInstance (0ms)
			ReleaseScriptingObjects (0ms)
			CreateAndSetChildDomain (25ms)
		EndReloadAssembly (972ms)
			LoadAssemblies (149ms)
			RebuildTransferFunctionScriptingTraits (0ms)
			SetupTypeCache (269ms)
			ReleaseScriptCaches (8ms)
			RebuildScriptCaches (194ms)
			SetupLoadedEditorAssemblies (295ms)
				LogAssemblyErrors (0ms)
				InitializePlatformSupportModulesInManaged (20ms)
				SetLoadedEditorAssemblies (0ms)
				RefreshPlugins (1ms)
				BeforeProcessingInitializeOnLoad (97ms)
				ProcessInitializeOnLoadAttributes (152ms)
				ProcessInitializeOnLoadMethodAttributes (13ms)
				AfterProcessingInitializeOnLoad (12ms)
				EditorAssembliesLoaded (0ms)
			ExecutionOrderSort2 (0ms)
			AwakeInstancesAfterBackupRestoration (8ms)
Platform modules already initialized, skipping
Refreshing native plugins compatible for Editor in 2.40 ms, found 3 plugins.
Preloading 0 native plugins for Editor in 0.00 ms.
Unloading 3040 Unused Serialized files (Serialized files now loaded: 0)
Unloading 396 unused Assets / (24.7 KB). Loaded Objects now: 3527.
Memory consumption went from 113.2 MB to 113.2 MB.
Total: 2.628200 ms (FindLiveObjects: 0.247000 ms CreateObjectMapping: 0.092700 ms MarkObjects: 2.161600 ms  DeleteObjects: 0.125500 ms)

AssetImportParameters requested are different than current active one (requested -> active):
  custom:video-decoder-ogg-theora: a1e56fd34408186e4bbccfd4996cb3dc -> 
  custom:container-muxer-webm: aa71ff27fc2769a1b78a27578f13a17b -> 
  custom:container-demuxer-webm: 4f35f7cbe854078d1ac9338744f61a02 -> 
  custom:video-encoder-webm-vp8: eb34c28f22e8b96e1ab97ce403110664 -> 
  custom:video-codec-MediaFoundation-h265: 746d11721c4dcdbdad8f713fa42b33f4 -> 
  custom:audio-encoder-webm-vorbis: bf7c407c2cedff20999df2af8eb42d56 -> 
  custom:framework-win-MediaFoundation: 216162199b28c13a410421893ffa2e32 -> 
  custom:container-demuxer-ogg: 62fdf1f143b41e24485cea50d1cbac27 -> 
  custom:video-decoder-webm-vp8: 9c59270c3fd7afecdb556c50c9e8de78 -> 
  custom:audio-decoder-ogg-vorbis: bf7c407c2cedff20999df2af8eb42d56 -> 
========================================================================
Received Prepare
Registering precompiled user dll's ...
Registered in 0.011262 seconds.
Required property 'name' not set (Packages/com.unity.services.core/Runtime/Telemetry/Unity.Services.Core.Telemetry.asmdef)
Required property 'name' not set (Packages/com.unity.services.core/Runtime/Networking/Unity.Services.Core.Networking.asmdef)
Required property 'name' not set (Packages/com.unity.services.core/Runtime/Core.Internal/Unity.Services.Core.Internal.asmdef)
Required property 'name' not set (Packages/com.unity.services.core/Runtime/Configuration/Unity.Services.Core.Configuration.asmdef)
Required property 'name' not set (Packages/com.unity.services.core/Runtime/Core/Unity.Services.Core.asmdef)
Required property 'name' not set (Packages/com.unity.services.core/Editor/Core/Unity.Services.Core.Editor.asmdef)
Required property 'name' not set (Packages/com.unity.services.core/Editor/Core/Configuration/Unity.Services.Core.Configuration.Editor.asmdef)
Required property 'name' not set (Packages/com.unity.services.core/Runtime/Analytics/Unity.Services.Core.Analytics.asmdef)
Required property 'name' not set (Packages/com.unity.services.core/Runtime/Registration/Unity.Services.Core.Registration.asmdef)
Required property 'name' not set (Packages/com.unity.services.core/Runtime/Environments/Unity.Services.Core.Environments.asmdef)
Required property 'name' not set (Packages/com.unity.services.core/Runtime/Scheduler/Unity.Services.Core.Scheduler.asmdef)
Required property 'name' not set (Packages/com.unity.services.core/Runtime/Environments/Internal/Unity.Services.Core.Environments.Internal.asmdef)
Required property 'name' not set (Packages/com.unity.collab-proxy/Editor/Collaborate/Unity.CollabProxy.Editor.asmdef)
Required property 'name' not set (Packages/com.unity.collab-proxy/Tests/Editor/Collaborate/Unity.CollabProxy.EditorTests.asmdef)
Required property 'name' not set (Packages/com.unity.services.core/Runtime/Threading/Unity.Services.Core.Threading.asmdef)
Required property 'name' not set (Packages/com.unity.collab-proxy/Tests/Editor/PlasticSCM/Unity.PlasticSCM.EditorTests.asmdef)
Required property 'name' not set (Packages/com.unity.services.core/Runtime/Device/Unity.Services.Core.Device.asmdef)
Required property 'name' not set (Packages/com.unity.services.core/Runtime/Telemetry/Unity.Services.Core.Telemetry.asmdef)
Required property 'name' not set (Packages/com.unity.services.core/Runtime/Networking/Unity.Services.Core.Networking.asmdef)
Required property 'name' not set (Packages/com.unity.services.core/Runtime/Core.Internal/Unity.Services.Core.Internal.asmdef)
Required property 'name' not set (Packages/com.unity.services.core/Runtime/Configuration/Unity.Services.Core.Configuration.asmdef)
Required property 'name' not set (Packages/com.unity.services.core/Runtime/Core/Unity.Services.Core.asmdef)
Required property 'name' not set (Packages/com.unity.services.core/Editor/Core/Unity.Services.Core.Editor.asmdef)
Required property 'name' not set (Packages/com.unity.services.core/Editor/Core/Configuration/Unity.Services.Core.Configuration.Editor.asmdef)
Required property 'name' not set (Packages/com.unity.services.core/Runtime/Analytics/Unity.Services.Core.Analytics.asmdef)
Required property 'name' not set (Packages/com.unity.services.core/Runtime/Registration/Unity.Services.Core.Registration.asmdef)
Required property 'name' not set (Packages/com.unity.services.core/Runtime/Environments/Unity.Services.Core.Environments.asmdef)
Required property 'name' not set (Packages/com.unity.services.core/Runtime/Scheduler/Unity.Services.Core.Scheduler.asmdef)
Required property 'name' not set (Packages/com.unity.services.core/Runtime/Environments/Internal/Unity.Services.Core.Environments.Internal.asmdef)
Required property 'name' not set (Packages/com.unity.collab-proxy/Editor/Collaborate/Unity.CollabProxy.Editor.asmdef)
Required property 'name' not set (Packages/com.unity.collab-proxy/Tests/Editor/Collaborate/Unity.CollabProxy.EditorTests.asmdef)
Required property 'name' not set (Packages/com.unity.services.core/Runtime/Threading/Unity.Services.Core.Threading.asmdef)
Required property 'name' not set (Packages/com.unity.collab-proxy/Tests/Editor/PlasticSCM/Unity.PlasticSCM.EditorTests.asmdef)
Required property 'name' not set (Packages/com.unity.services.core/Runtime/Device/Unity.Services.Core.Device.asmdef)
Begin MonoManager ReloadAssembly
Symbol file LoadedFromMemory doesn't match image C:\Users\a0108\OneDrive\바탕 화면\sokovan\Library\PackageCache\com.unity.visualscripting@1.8.0\Editor\VisualScripting.Core\Dependencies\YamlDotNet\Unity.VisualScripting.YamlDotNet.dll
Symbol file LoadedFromMemory doesn't match image C:\Users\a0108\OneDrive\바탕 화면\sokovan\Library\PackageCache\com.unity.visualscripting@1.8.0\Editor\VisualScripting.Core\Dependencies\DotNetZip\Unity.VisualScripting.IonicZip.dll
Native extension for WindowsStandalone target not found
Native extension for WebGL target not found
Refreshing native plugins compatible for Editor in 0.47 ms, found 3 plugins.
Preloading 0 native plugins for Editor in 0.00 ms.
Required property 'name' not set (Packages/com.unity.services.core/Runtime/Telemetry/Unity.Services.Core.Telemetry.asmdef)
Required property 'name' not set (Packages/com.unity.services.core/Runtime/Networking/Unity.Services.Core.Networking.asmdef)
Required property 'name' not set (Packages/com.unity.services.core/Runtime/Core.Internal/Unity.Services.Core.Internal.asmdef)
Required property 'name' not set (Packages/com.unity.services.core/Runtime/Configuration/Unity.Services.Core.Configuration.asmdef)
Required property 'name' not set (Packages/com.unity.services.core/Runtime/Core/Unity.Services.Core.asmdef)
Required property 'name' not set (Packages/com.unity.services.core/Editor/Core/Unity.Services.Core.Editor.asmdef)
Required property 'name' not set (Packages/com.unity.services.core/Editor/Core/Configuration/Unity.Services.Core.Configuration.Editor.asmdef)
Required property 'name' not set (Packages/com.unity.services.core/Runtime/Analytics/Unity.Services.Core.Analytics.asmdef)
Required property 'name' not set (Packages/com.unity.services.core/Runtime/Registration/Unity.Services.Core.Registration.asmdef)
Required property 'name' not set (Packages/com.unity.services.core/Runtime/Environments/Unity.Services.Core.Environments.asmdef)
Required property 'name' not set (Packages/com.unity.services.core/Runtime/Scheduler/Unity.Services.Core.Scheduler.asmdef)
Required property 'name' not set (Packages/com.unity.services.core/Runtime/Environments/Internal/Unity.Services.Core.Environments.Internal.asmdef)
Required property 'name' not set (Packages/com.unity.collab-proxy/Editor/Collaborate/Unity.CollabProxy.Editor.asmdef)
Required property 'name' not set (Packages/com.unity.collab-proxy/Tests/Editor/Collaborate/Unity.CollabProxy.EditorTests.asmdef)
Required property 'name' not set (Packages/com.unity.services.core/Runtime/Threading/Unity.Services.Core.Threading.asmdef)
Required property 'name' not set (Packages/com.unity.collab-proxy/Tests/Editor/PlasticSCM/Unity.PlasticSCM.EditorTests.asmdef)
Required property 'name' not set (Packages/com.unity.services.core/Runtime/Device/Unity.Services.Core.Device.asmdef)
Mono: successfully reloaded assembly
- Completed reload, in  0.994 seconds
Domain Reload Profiling:
	ReloadAssembly (999ms)
		BeginReloadAssembly (245ms)
			ExecutionOrderSort (0ms)
			DisableScriptedObjects (15ms)
			BackupInstance (0ms)
			ReleaseScriptingObjects (0ms)
			CreateAndSetChildDomain (77ms)
		EndReloadAssembly (660ms)
			LoadAssemblies (114ms)
			RebuildTransferFunctionScriptingTraits (0ms)
			SetupTypeCache (224ms)
			ReleaseScriptCaches (1ms)
			RebuildScriptCaches (30ms)
			SetupLoadedEditorAssemblies (271ms)
				LogAssemblyErrors (0ms)
				InitializePlatformSupportModulesInManaged (12ms)
				SetLoadedEditorAssemblies (0ms)
				RefreshPlugins (1ms)
				BeforeProcessingInitializeOnLoad (81ms)
				ProcessInitializeOnLoadAttributes (149ms)
				ProcessInitializeOnLoadMethodAttributes (14ms)
				AfterProcessingInitializeOnLoad (14ms)
				EditorAssembliesLoaded (0ms)
			ExecutionOrderSort2 (0ms)
			AwakeInstancesAfterBackupRestoration (8ms)
Platform modules already initialized, skipping
Refreshing native plugins compatible for Editor in 3.44 ms, found 3 plugins.
Preloading 0 native plugins for Editor in 0.00 ms.
Unloading 3041 Unused Serialized files (Serialized files now loaded: 0)
Unloading 15 unused Assets / (24.7 KB). Loaded Objects now: 3531.
Memory consumption went from 112.0 MB to 112.0 MB.
Total: 3.014100 ms (FindLiveObjects: 0.184600 ms CreateObjectMapping: 0.137600 ms MarkObjects: 2.647900 ms  DeleteObjects: 0.042000 ms)

AssetImportParameters requested are different than current active one (requested -> active):
  custom:video-decoder-ogg-theora: a1e56fd34408186e4bbccfd4996cb3dc -> 
  custom:container-muxer-webm: aa71ff27fc2769a1b78a27578f13a17b -> 
  custom:container-demuxer-webm: 4f35f7cbe854078d1ac9338744f61a02 -> 
  custom:video-encoder-webm-vp8: eb34c28f22e8b96e1ab97ce403110664 -> 
  custom:video-codec-MediaFoundation-h265: 746d11721c4dcdbdad8f713fa42b33f4 -> 
  custom:audio-encoder-webm-vorbis: bf7c407c2cedff20999df2af8eb42d56 -> 
  custom:framework-win-MediaFoundation: 216162199b28c13a410421893ffa2e32 -> 
  custom:container-demuxer-ogg: 62fdf1f143b41e24485cea50d1cbac27 -> 
  custom:video-decoder-webm-vp8: 9c59270c3fd7afecdb556c50c9e8de78 -> 
  custom:audio-decoder-ogg-vorbis: bf7c407c2cedff20999df2af8eb42d56 -> 
========================================================================
Received Prepare
Registering precompiled user dll's ...
Registered in 0.032172 seconds.
Required property 'name' not set (Packages/com.unity.services.core/Runtime/Telemetry/Unity.Services.Core.Telemetry.asmdef)
Required property 'name' not set (Packages/com.unity.services.core/Runtime/Networking/Unity.Services.Core.Networking.asmdef)
Required property 'name' not set (Packages/com.unity.services.core/Runtime/Core.Internal/Unity.Services.Core.Internal.asmdef)
Required property 'name' not set (Packages/com.unity.services.core/Runtime/Configuration/Unity.Services.Core.Configuration.asmdef)
Required property 'name' not set (Packages/com.unity.services.core/Runtime/Core/Unity.Services.Core.asmdef)
Required property 'name' not set (Packages/com.unity.services.core/Editor/Core/Unity.Services.Core.Editor.asmdef)
Required property 'name' not set (Packages/com.unity.services.core/Editor/Core/Configuration/Unity.Services.Core.Configuration.Editor.asmdef)
Required property 'name' not set (Packages/com.unity.services.core/Runtime/Analytics/Unity.Services.Core.Analytics.asmdef)
Required property 'name' not set (Packages/com.unity.services.core/Runtime/Registration/Unity.Services.Core.Registration.asmdef)
Required property 'name' not set (Packages/com.unity.services.core/Runtime/Environments/Unity.Services.Core.Environments.asmdef)
Required property 'name' not set (Packages/com.unity.services.core/Runtime/Scheduler/Unity.Services.Core.Scheduler.asmdef)
Required property 'name' not set (Packages/com.unity.services.core/Runtime/Environments/Internal/Unity.Services.Core.Environments.Internal.asmdef)
Required property 'name' not set (Packages/com.unity.collab-proxy/Editor/Collaborate/Unity.CollabProxy.Editor.asmdef)
Required property 'name' not set (Packages/com.unity.collab-proxy/Tests/Editor/Collaborate/Unity.CollabProxy.EditorTests.asmdef)
Required property 'name' not set (Packages/com.unity.services.core/Runtime/Threading/Unity.Services.Core.Threading.asmdef)
Required property 'name' not set (Packages/com.unity.collab-proxy/Tests/Editor/PlasticSCM/Unity.PlasticSCM.EditorTests.asmdef)
Required property 'name' not set (Packages/com.unity.services.core/Runtime/Device/Unity.Services.Core.Device.asmdef)
Required property 'name' not set (Packages/com.unity.services.core/Runtime/Telemetry/Unity.Services.Core.Telemetry.asmdef)
Required property 'name' not set (Packages/com.unity.services.core/Runtime/Networking/Unity.Services.Core.Networking.asmdef)
Required property 'name' not set (Packages/com.unity.services.core/Runtime/Core.Internal/Unity.Services.Core.Internal.asmdef)
Required property 'name' not set (Packages/com.unity.services.core/Runtime/Configuration/Unity.Services.Core.Configuration.asmdef)
Required property 'name' not set (Packages/com.unity.services.core/Runtime/Core/Unity.Services.Core.asmdef)
Required property 'name' not set (Packages/com.unity.services.core/Editor/Core/Unity.Services.Core.Editor.asmdef)
Required property 'name' not set (Packages/com.unity.services.core/Editor/Core/Configuration/Unity.Services.Core.Configuration.Editor.asmdef)
Required property 'name' not set (Packages/com.unity.services.core/Runtime/Analytics/Unity.Services.Core.Analytics.asmdef)
Required property 'name' not set (Packages/com.unity.services.core/Runtime/Registration/Unity.Services.Core.Registration.asmdef)
Required property 'name' not set (Packages/com.unity.services.core/Runtime/Environments/Unity.Services.Core.Environments.asmdef)
Required property 'name' not set (Packages/com.unity.services.core/Runtime/Scheduler/Unity.Services.Core.Scheduler.asmdef)
Required property 'name' not set (Packages/com.unity.services.core/Runtime/Environments/Internal/Unity.Services.Core.Environments.Internal.asmdef)
Required property 'name' not set (Packages/com.unity.collab-proxy/Editor/Collaborate/Unity.CollabProxy.Editor.asmdef)
Required property 'name' not set (Packages/com.unity.collab-proxy/Tests/Editor/Collaborate/Unity.CollabProxy.EditorTests.asmdef)
Required property 'name' not set (Packages/com.unity.services.core/Runtime/Threading/Unity.Services.Core.Threading.asmdef)
Required property 'name' not set (Packages/com.unity.collab-proxy/Tests/Editor/PlasticSCM/Unity.PlasticSCM.EditorTests.asmdef)
Required property 'name' not set (Packages/com.unity.services.core/Runtime/Device/Unity.Services.Core.Device.asmdef)
Begin MonoManager ReloadAssembly
Symbol file LoadedFromMemory doesn't match image C:\Users\a0108\OneDrive\바탕 화면\sokovan\Library\PackageCache\com.unity.visualscripting@1.8.0\Editor\VisualScripting.Core\Dependencies\YamlDotNet\Unity.VisualScripting.YamlDotNet.dll
Symbol file LoadedFromMemory doesn't match image C:\Users\a0108\OneDrive\바탕 화면\sokovan\Library\PackageCache\com.unity.visualscripting@1.8.0\Editor\VisualScripting.Core\Dependencies\DotNetZip\Unity.VisualScripting.IonicZip.dll
Native extension for WindowsStandalone target not found
Native extension for WebGL target not found
Refreshing native plugins compatible for Editor in 0.55 ms, found 3 plugins.
Preloading 0 native plugins for Editor in 0.00 ms.
Required property 'name' not set (Packages/com.unity.services.core/Runtime/Telemetry/Unity.Services.Core.Telemetry.asmdef)
Required property 'name' not set (Packages/com.unity.services.core/Runtime/Networking/Unity.Services.Core.Networking.asmdef)
Required property 'name' not set (Packages/com.unity.services.core/Runtime/Core.Internal/Unity.Services.Core.Internal.asmdef)
Required property 'name' not set (Packages/com.unity.services.core/Runtime/Configuration/Unity.Services.Core.Configuration.asmdef)
Required property 'name' not set (Packages/com.unity.services.core/Runtime/Core/Unity.Services.Core.asmdef)
Required property 'name' not set (Packages/com.unity.services.core/Editor/Core/Unity.Services.Core.Editor.asmdef)
Required property 'name' not set (Packages/com.unity.services.core/Editor/Core/Configuration/Unity.Services.Core.Configuration.Editor.asmdef)
Required property 'name' not set (Packages/com.unity.services.core/Runtime/Analytics/Unity.Services.Core.Analytics.asmdef)
Required property 'name' not set (Packages/com.unity.services.core/Runtime/Registration/Unity.Services.Core.Registration.asmdef)
Required property 'name' not set (Packages/com.unity.services.core/Runtime/Environments/Unity.Services.Core.Environments.asmdef)
Required property 'name' not set (Packages/com.unity.services.core/Runtime/Scheduler/Unity.Services.Core.Scheduler.asmdef)
Required property 'name' not set (Packages/com.unity.services.core/Runtime/Environments/Internal/Unity.Services.Core.Environments.Internal.asmdef)
Required property 'name' not set (Packages/com.unity.collab-proxy/Editor/Collaborate/Unity.CollabProxy.Editor.asmdef)
Required property 'name' not set (Packages/com.unity.collab-proxy/Tests/Editor/Collaborate/Unity.CollabProxy.EditorTests.asmdef)
Required property 'name' not set (Packages/com.unity.services.core/Runtime/Threading/Unity.Services.Core.Threading.asmdef)
Required property 'name' not set (Packages/com.unity.collab-proxy/Tests/Editor/PlasticSCM/Unity.PlasticSCM.EditorTests.asmdef)
Required property 'name' not set (Packages/com.unity.services.core/Runtime/Device/Unity.Services.Core.Device.asmdef)
Mono: successfully reloaded assembly
- Completed reload, in  0.941 seconds
Domain Reload Profiling:
	ReloadAssembly (942ms)
		BeginReloadAssembly (152ms)
			ExecutionOrderSort (0ms)
			DisableScriptedObjects (4ms)
			BackupInstance (0ms)
			ReleaseScriptingObjects (0ms)
			CreateAndSetChildDomain (29ms)
		EndReloadAssembly (704ms)
			LoadAssemblies (113ms)
			RebuildTransferFunctionScriptingTraits (0ms)
			SetupTypeCache (202ms)
			ReleaseScriptCaches (1ms)
			RebuildScriptCaches (31ms)
			SetupLoadedEditorAssemblies (350ms)
				LogAssemblyErrors (0ms)
				InitializePlatformSupportModulesInManaged (7ms)
				SetLoadedEditorAssemblies (0ms)
				RefreshPlugins (1ms)
				BeforeProcessingInitializeOnLoad (122ms)
				ProcessInitializeOnLoadAttributes (190ms)
				ProcessInitializeOnLoadMethodAttributes (13ms)
				AfterProcessingInitializeOnLoad (16ms)
				EditorAssembliesLoaded (0ms)
			ExecutionOrderSort2 (0ms)
			AwakeInstancesAfterBackupRestoration (6ms)
Platform modules already initialized, skipping
Refreshing native plugins compatible for Editor in 1.96 ms, found 3 plugins.
Preloading 0 native plugins for Editor in 0.00 ms.
Unloading 3041 Unused Serialized files (Serialized files now loaded: 0)
Unloading 15 unused Assets / (24.6 KB). Loaded Objects now: 3534.
Memory consumption went from 112.0 MB to 112.0 MB.
Total: 2.333600 ms (FindLiveObjects: 0.166300 ms CreateObjectMapping: 0.077900 ms MarkObjects: 2.064000 ms  DeleteObjects: 0.024300 ms)

AssetImportParameters requested are different than current active one (requested -> active):
  custom:video-decoder-ogg-theora: a1e56fd34408186e4bbccfd4996cb3dc -> 
  custom:container-muxer-webm: aa71ff27fc2769a1b78a27578f13a17b -> 
  custom:container-demuxer-webm: 4f35f7cbe854078d1ac9338744f61a02 -> 
  custom:video-encoder-webm-vp8: eb34c28f22e8b96e1ab97ce403110664 -> 
  custom:video-codec-MediaFoundation-h265: 746d11721c4dcdbdad8f713fa42b33f4 -> 
  custom:audio-encoder-webm-vorbis: bf7c407c2cedff20999df2af8eb42d56 -> 
  custom:framework-win-MediaFoundation: 216162199b28c13a410421893ffa2e32 -> 
  custom:container-demuxer-ogg: 62fdf1f143b41e24485cea50d1cbac27 -> 
  custom:video-decoder-webm-vp8: 9c59270c3fd7afecdb556c50c9e8de78 -> 
  custom:audio-decoder-ogg-vorbis: bf7c407c2cedff20999df2af8eb42d56 -> 
========================================================================
Received Prepare
Registering precompiled user dll's ...
Registered in 0.023819 seconds.
Required property 'name' not set (Packages/com.unity.services.core/Runtime/Telemetry/Unity.Services.Core.Telemetry.asmdef)
Required property 'name' not set (Packages/com.unity.services.core/Runtime/Networking/Unity.Services.Core.Networking.asmdef)
Required property 'name' not set (Packages/com.unity.services.core/Runtime/Core.Internal/Unity.Services.Core.Internal.asmdef)
Required property 'name' not set (Packages/com.unity.services.core/Runtime/Configuration/Unity.Services.Core.Configuration.asmdef)
Required property 'name' not set (Packages/com.unity.services.core/Runtime/Core/Unity.Services.Core.asmdef)
Required property 'name' not set (Packages/com.unity.services.core/Editor/Core/Unity.Services.Core.Editor.asmdef)
Required property 'name' not set (Packages/com.unity.services.core/Editor/Core/Configuration/Unity.Services.Core.Configuration.Editor.asmdef)
Required property 'name' not set (Packages/com.unity.services.core/Runtime/Analytics/Unity.Services.Core.Analytics.asmdef)
Required property 'name' not set (Packages/com.unity.services.core/Runtime/Registration/Unity.Services.Core.Registration.asmdef)
Required property 'name' not set (Packages/com.unity.services.core/Runtime/Environments/Unity.Services.Core.Environments.asmdef)
Required property 'name' not set (Packages/com.unity.services.core/Runtime/Scheduler/Unity.Services.Core.Scheduler.asmdef)
Required property 'name' not set (Packages/com.unity.services.core/Runtime/Environments/Internal/Unity.Services.Core.Environments.Internal.asmdef)
Required property 'name' not set (Packages/com.unity.collab-proxy/Editor/Collaborate/Unity.CollabProxy.Editor.asmdef)
Required property 'name' not set (Packages/com.unity.collab-proxy/Tests/Editor/Collaborate/Unity.CollabProxy.EditorTests.asmdef)
Required property 'name' not set (Packages/com.unity.services.core/Runtime/Threading/Unity.Services.Core.Threading.asmdef)
Required property 'name' not set (Packages/com.unity.collab-proxy/Tests/Editor/PlasticSCM/Unity.PlasticSCM.EditorTests.asmdef)
Required property 'name' not set (Packages/com.unity.services.core/Runtime/Device/Unity.Services.Core.Device.asmdef)
Required property 'name' not set (Packages/com.unity.services.core/Runtime/Telemetry/Unity.Services.Core.Telemetry.asmdef)
Required property 'name' not set (Packages/com.unity.services.core/Runtime/Networking/Unity.Services.Core.Networking.asmdef)
Required property 'name' not set (Packages/com.unity.services.core/Runtime/Core.Internal/Unity.Services.Core.Internal.asmdef)
Required property 'name' not set (Packages/com.unity.services.core/Runtime/Configuration/Unity.Services.Core.Configuration.asmdef)
Required property 'name' not set (Packages/com.unity.services.core/Runtime/Core/Unity.Services.Core.asmdef)
Required property 'name' not set (Packages/com.unity.services.core/Editor/Core/Unity.Services.Core.Editor.asmdef)
Required property 'name' not set (Packages/com.unity.services.core/Editor/Core/Configuration/Unity.Services.Core.Configuration.Editor.asmdef)
Required property 'name' not set (Packages/com.unity.services.core/Runtime/Analytics/Unity.Services.Core.Analytics.asmdef)
Required property 'name' not set (Packages/com.unity.services.core/Runtime/Registration/Unity.Services.Core.Registration.asmdef)
Required property 'name' not set (Packages/com.unity.services.core/Runtime/Environments/Unity.Services.Core.Environments.asmdef)
Required property 'name' not set (Packages/com.unity.services.core/Runtime/Scheduler/Unity.Services.Core.Scheduler.asmdef)
Required property 'name' not set (Packages/com.unity.services.core/Runtime/Environments/Internal/Unity.Services.Core.Environments.Internal.asmdef)
Required property 'name' not set (Packages/com.unity.collab-proxy/Editor/Collaborate/Unity.CollabProxy.Editor.asmdef)
Required property 'name' not set (Packages/com.unity.collab-proxy/Tests/Editor/Collaborate/Unity.CollabProxy.EditorTests.asmdef)
Required property 'name' not set (Packages/com.unity.services.core/Runtime/Threading/Unity.Services.Core.Threading.asmdef)
Required property 'name' not set (Packages/com.unity.collab-proxy/Tests/Editor/PlasticSCM/Unity.PlasticSCM.EditorTests.asmdef)
Required property 'name' not set (Packages/com.unity.services.core/Runtime/Device/Unity.Services.Core.Device.asmdef)
Begin MonoManager ReloadAssembly
Symbol file LoadedFromMemory doesn't match image C:\Users\a0108\OneDrive\바탕 화면\sokovan\Library\PackageCache\com.unity.visualscripting@1.8.0\Editor\VisualScripting.Core\Dependencies\YamlDotNet\Unity.VisualScripting.YamlDotNet.dll
Symbol file LoadedFromMemory doesn't match image C:\Users\a0108\OneDrive\바탕 화면\sokovan\Library\PackageCache\com.unity.visualscripting@1.8.0\Editor\VisualScripting.Core\Dependencies\DotNetZip\Unity.VisualScripting.IonicZip.dll
Native extension for WindowsStandalone target not found
Native extension for WebGL target not found
Refreshing native plugins compatible for Editor in 0.39 ms, found 3 plugins.
Preloading 0 native plugins for Editor in 0.00 ms.
Required property 'name' not set (Packages/com.unity.services.core/Runtime/Telemetry/Unity.Services.Core.Telemetry.asmdef)
Required property 'name' not set (Packages/com.unity.services.core/Runtime/Networking/Unity.Services.Core.Networking.asmdef)
Required property 'name' not set (Packages/com.unity.services.core/Runtime/Core.Internal/Unity.Services.Core.Internal.asmdef)
Required property 'name' not set (Packages/com.unity.services.core/Runtime/Configuration/Unity.Services.Core.Configuration.asmdef)
Required property 'name' not set (Packages/com.unity.services.core/Runtime/Core/Unity.Services.Core.asmdef)
Required property 'name' not set (Packages/com.unity.services.core/Editor/Core/Unity.Services.Core.Editor.asmdef)
Required property 'name' not set (Packages/com.unity.services.core/Editor/Core/Configuration/Unity.Services.Core.Configuration.Editor.asmdef)
Required property 'name' not set (Packages/com.unity.services.core/Runtime/Analytics/Unity.Services.Core.Analytics.asmdef)
Required property 'name' not set (Packages/com.unity.services.core/Runtime/Registration/Unity.Services.Core.Registration.asmdef)
Required property 'name' not set (Packages/com.unity.services.core/Runtime/Environments/Unity.Services.Core.Environments.asmdef)
Required property 'name' not set (Packages/com.unity.services.core/Runtime/Scheduler/Unity.Services.Core.Scheduler.asmdef)
Required property 'name' not set (Packages/com.unity.services.core/Runtime/Environments/Internal/Unity.Services.Core.Environments.Internal.asmdef)
Required property 'name' not set (Packages/com.unity.collab-proxy/Editor/Collaborate/Unity.CollabProxy.Editor.asmdef)
Required property 'name' not set (Packages/com.unity.collab-proxy/Tests/Editor/Collaborate/Unity.CollabProxy.EditorTests.asmdef)
Required property 'name' not set (Packages/com.unity.services.core/Runtime/Threading/Unity.Services.Core.Threading.asmdef)
Required property 'name' not set (Packages/com.unity.collab-proxy/Tests/Editor/PlasticSCM/Unity.PlasticSCM.EditorTests.asmdef)
Required property 'name' not set (Packages/com.unity.services.core/Runtime/Device/Unity.Services.Core.Device.asmdef)
Mono: successfully reloaded assembly
- Completed reload, in  0.801 seconds
Domain Reload Profiling:
	ReloadAssembly (802ms)
		BeginReloadAssembly (134ms)
			ExecutionOrderSort (0ms)
			DisableScriptedObjects (4ms)
			BackupInstance (0ms)
			ReleaseScriptingObjects (0ms)
			CreateAndSetChildDomain (25ms)
		EndReloadAssembly (584ms)
			LoadAssemblies (99ms)
			RebuildTransferFunctionScriptingTraits (0ms)
			SetupTypeCache (183ms)
			ReleaseScriptCaches (1ms)
			RebuildScriptCaches (29ms)
			SetupLoadedEditorAssemblies (251ms)
				LogAssemblyErrors (0ms)
				InitializePlatformSupportModulesInManaged (6ms)
				SetLoadedEditorAssemblies (0ms)
				RefreshPlugins (0ms)
				BeforeProcessingInitializeOnLoad (72ms)
				ProcessInitializeOnLoadAttributes (146ms)
				ProcessInitializeOnLoadMethodAttributes (13ms)
				AfterProcessingInitializeOnLoad (13ms)
				EditorAssembliesLoaded (0ms)
			ExecutionOrderSort2 (0ms)
			AwakeInstancesAfterBackupRestoration (8ms)
Platform modules already initialized, skipping
Refreshing native plugins compatible for Editor in 1.68 ms, found 3 plugins.
Preloading 0 native plugins for Editor in 0.00 ms.
Unloading 3041 Unused Serialized files (Serialized files now loaded: 0)
Unloading 15 unused Assets / (24.6 KB). Loaded Objects now: 3537.
Memory consumption went from 112.0 MB to 112.0 MB.
Total: 2.278900 ms (FindLiveObjects: 0.200900 ms CreateObjectMapping: 0.078200 ms MarkObjects: 1.977500 ms  DeleteObjects: 0.021400 ms)

AssetImportParameters requested are different than current active one (requested -> active):
  custom:video-decoder-ogg-theora: a1e56fd34408186e4bbccfd4996cb3dc -> 
  custom:container-muxer-webm: aa71ff27fc2769a1b78a27578f13a17b -> 
  custom:container-demuxer-webm: 4f35f7cbe854078d1ac9338744f61a02 -> 
  custom:video-encoder-webm-vp8: eb34c28f22e8b96e1ab97ce403110664 -> 
  custom:video-codec-MediaFoundation-h265: 746d11721c4dcdbdad8f713fa42b33f4 -> 
  custom:audio-encoder-webm-vorbis: bf7c407c2cedff20999df2af8eb42d56 -> 
  custom:framework-win-MediaFoundation: 216162199b28c13a410421893ffa2e32 -> 
  custom:container-demuxer-ogg: 62fdf1f143b41e24485cea50d1cbac27 -> 
  custom:video-decoder-webm-vp8: 9c59270c3fd7afecdb556c50c9e8de78 -> 
  custom:audio-decoder-ogg-vorbis: bf7c407c2cedff20999df2af8eb42d56 -> 
========================================================================
Received Prepare
Registering precompiled user dll's ...
Registered in 0.019973 seconds.
Required property 'name' not set (Packages/com.unity.services.core/Runtime/Telemetry/Unity.Services.Core.Telemetry.asmdef)
Required property 'name' not set (Packages/com.unity.services.core/Runtime/Networking/Unity.Services.Core.Networking.asmdef)
Required property 'name' not set (Packages/com.unity.services.core/Runtime/Core.Internal/Unity.Services.Core.Internal.asmdef)
Required property 'name' not set (Packages/com.unity.services.core/Runtime/Configuration/Unity.Services.Core.Configuration.asmdef)
Required property 'name' not set (Packages/com.unity.services.core/Runtime/Core/Unity.Services.Core.asmdef)
Required property 'name' not set (Packages/com.unity.services.core/Editor/Core/Unity.Services.Core.Editor.asmdef)
Required property 'name' not set (Packages/com.unity.services.core/Editor/Core/Configuration/Unity.Services.Core.Configuration.Editor.asmdef)
Required property 'name' not set (Packages/com.unity.services.core/Runtime/Analytics/Unity.Services.Core.Analytics.asmdef)
Required property 'name' not set (Packages/com.unity.services.core/Runtime/Registration/Unity.Services.Core.Registration.asmdef)
Required property 'name' not set (Packages/com.unity.services.core/Runtime/Environments/Unity.Services.Core.Environments.asmdef)
Required property 'name' not set (Packages/com.unity.services.core/Runtime/Scheduler/Unity.Services.Core.Scheduler.asmdef)
Required property 'name' not set (Packages/com.unity.services.core/Runtime/Environments/Internal/Unity.Services.Core.Environments.Internal.asmdef)
Required property 'name' not set (Packages/com.unity.collab-proxy/Editor/Collaborate/Unity.CollabProxy.Editor.asmdef)
Required property 'name' not set (Packages/com.unity.collab-proxy/Tests/Editor/Collaborate/Unity.CollabProxy.EditorTests.asmdef)
Required property 'name' not set (Packages/com.unity.services.core/Runtime/Threading/Unity.Services.Core.Threading.asmdef)
Required property 'name' not set (Packages/com.unity.collab-proxy/Tests/Editor/PlasticSCM/Unity.PlasticSCM.EditorTests.asmdef)
Required property 'name' not set (Packages/com.unity.services.core/Runtime/Device/Unity.Services.Core.Device.asmdef)
Required property 'name' not set (Packages/com.unity.services.core/Runtime/Telemetry/Unity.Services.Core.Telemetry.asmdef)
Required property 'name' not set (Packages/com.unity.services.core/Runtime/Networking/Unity.Services.Core.Networking.asmdef)
Required property 'name' not set (Packages/com.unity.services.core/Runtime/Core.Internal/Unity.Services.Core.Internal.asmdef)
Required property 'name' not set (Packages/com.unity.services.core/Runtime/Configuration/Unity.Services.Core.Configuration.asmdef)
Required property 'name' not set (Packages/com.unity.services.core/Runtime/Core/Unity.Services.Core.asmdef)
Required property 'name' not set (Packages/com.unity.services.core/Editor/Core/Unity.Services.Core.Editor.asmdef)
Required property 'name' not set (Packages/com.unity.services.core/Editor/Core/Configuration/Unity.Services.Core.Configuration.Editor.asmdef)
Required property 'name' not set (Packages/com.unity.services.core/Runtime/Analytics/Unity.Services.Core.Analytics.asmdef)
Required property 'name' not set (Packages/com.unity.services.core/Runtime/Registration/Unity.Services.Core.Registration.asmdef)
Required property 'name' not set (Packages/com.unity.services.core/Runtime/Environments/Unity.Services.Core.Environments.asmdef)
Required property 'name' not set (Packages/com.unity.services.core/Runtime/Scheduler/Unity.Services.Core.Scheduler.asmdef)
Required property 'name' not set (Packages/com.unity.services.core/Runtime/Environments/Internal/Unity.Services.Core.Environments.Internal.asmdef)
Required property 'name' not set (Packages/com.unity.collab-proxy/Editor/Collaborate/Unity.CollabProxy.Editor.asmdef)
Required property 'name' not set (Packages/com.unity.collab-proxy/Tests/Editor/Collaborate/Unity.CollabProxy.EditorTests.asmdef)
Required property 'name' not set (Packages/com.unity.services.core/Runtime/Threading/Unity.Services.Core.Threading.asmdef)
Required property 'name' not set (Packages/com.unity.collab-proxy/Tests/Editor/PlasticSCM/Unity.PlasticSCM.EditorTests.asmdef)
Required property 'name' not set (Packages/com.unity.services.core/Runtime/Device/Unity.Services.Core.Device.asmdef)
Begin MonoManager ReloadAssembly
Symbol file LoadedFromMemory doesn't match image C:\Users\a0108\OneDrive\바탕 화면\sokovan\Library\PackageCache\com.unity.visualscripting@1.8.0\Editor\VisualScripting.Core\Dependencies\YamlDotNet\Unity.VisualScripting.YamlDotNet.dll
Symbol file LoadedFromMemory doesn't match image C:\Users\a0108\OneDrive\바탕 화면\sokovan\Library\PackageCache\com.unity.visualscripting@1.8.0\Editor\VisualScripting.Core\Dependencies\DotNetZip\Unity.VisualScripting.IonicZip.dll
Native extension for WindowsStandalone target not found
Native extension for WebGL target not found
Refreshing native plugins compatible for Editor in 0.38 ms, found 3 plugins.
Preloading 0 native plugins for Editor in 0.00 ms.
Required property 'name' not set (Packages/com.unity.services.core/Runtime/Telemetry/Unity.Services.Core.Telemetry.asmdef)
Required property 'name' not set (Packages/com.unity.services.core/Runtime/Networking/Unity.Services.Core.Networking.asmdef)
Required property 'name' not set (Packages/com.unity.services.core/Runtime/Core.Internal/Unity.Services.Core.Internal.asmdef)
Required property 'name' not set (Packages/com.unity.services.core/Runtime/Configuration/Unity.Services.Core.Configuration.asmdef)
Required property 'name' not set (Packages/com.unity.services.core/Runtime/Core/Unity.Services.Core.asmdef)
Required property 'name' not set (Packages/com.unity.services.core/Editor/Core/Unity.Services.Core.Editor.asmdef)
Required property 'name' not set (Packages/com.unity.services.core/Editor/Core/Configuration/Unity.Services.Core.Configuration.Editor.asmdef)
Required property 'name' not set (Packages/com.unity.services.core/Runtime/Analytics/Unity.Services.Core.Analytics.asmdef)
Required property 'name' not set (Packages/com.unity.services.core/Runtime/Registration/Unity.Services.Core.Registration.asmdef)
Required property 'name' not set (Packages/com.unity.services.core/Runtime/Environments/Unity.Services.Core.Environments.asmdef)
Required property 'name' not set (Packages/com.unity.services.core/Runtime/Scheduler/Unity.Services.Core.Scheduler.asmdef)
Required property 'name' not set (Packages/com.unity.services.core/Runtime/Environments/Internal/Unity.Services.Core.Environments.Internal.asmdef)
Required property 'name' not set (Packages/com.unity.collab-proxy/Editor/Collaborate/Unity.CollabProxy.Editor.asmdef)
Required property 'name' not set (Packages/com.unity.collab-proxy/Tests/Editor/Collaborate/Unity.CollabProxy.EditorTests.asmdef)
Required property 'name' not set (Packages/com.unity.services.core/Runtime/Threading/Unity.Services.Core.Threading.asmdef)
Required property 'name' not set (Packages/com.unity.collab-proxy/Tests/Editor/PlasticSCM/Unity.PlasticSCM.EditorTests.asmdef)
Required property 'name' not set (Packages/com.unity.services.core/Runtime/Device/Unity.Services.Core.Device.asmdef)
Mono: successfully reloaded assembly
- Completed reload, in  0.840 seconds
Domain Reload Profiling:
	ReloadAssembly (840ms)
		BeginReloadAssembly (139ms)
			ExecutionOrderSort (0ms)
			DisableScriptedObjects (4ms)
			BackupInstance (0ms)
			ReleaseScriptingObjects (0ms)
			CreateAndSetChildDomain (27ms)
		EndReloadAssembly (616ms)
			LoadAssemblies (103ms)
			RebuildTransferFunctionScriptingTraits (0ms)
			SetupTypeCache (212ms)
			ReleaseScriptCaches (1ms)
			RebuildScriptCaches (28ms)
			SetupLoadedEditorAssemblies (259ms)
				LogAssemblyErrors (0ms)
				InitializePlatformSupportModulesInManaged (7ms)
				SetLoadedEditorAssemblies (0ms)
				RefreshPlugins (0ms)
				BeforeProcessingInitializeOnLoad (79ms)
				ProcessInitializeOnLoadAttributes (144ms)
				ProcessInitializeOnLoadMethodAttributes (14ms)
				AfterProcessingInitializeOnLoad (14ms)
				EditorAssembliesLoaded (0ms)
			ExecutionOrderSort2 (0ms)
			AwakeInstancesAfterBackupRestoration (9ms)
Platform modules already initialized, skipping
Refreshing native plugins compatible for Editor in 1.96 ms, found 3 plugins.
Preloading 0 native plugins for Editor in 0.00 ms.
Unloading 3041 Unused Serialized files (Serialized files now loaded: 0)
Unloading 15 unused Assets / (24.6 KB). Loaded Objects now: 3540.
Memory consumption went from 112.0 MB to 112.0 MB.
Total: 2.486800 ms (FindLiveObjects: 0.173100 ms CreateObjectMapping: 0.082500 ms MarkObjects: 2.209100 ms  DeleteObjects: 0.021100 ms)

AssetImportParameters requested are different than current active one (requested -> active):
  custom:video-decoder-ogg-theora: a1e56fd34408186e4bbccfd4996cb3dc -> 
  custom:container-muxer-webm: aa71ff27fc2769a1b78a27578f13a17b -> 
  custom:container-demuxer-webm: 4f35f7cbe854078d1ac9338744f61a02 -> 
  custom:video-encoder-webm-vp8: eb34c28f22e8b96e1ab97ce403110664 -> 
  custom:video-codec-MediaFoundation-h265: 746d11721c4dcdbdad8f713fa42b33f4 -> 
  custom:audio-encoder-webm-vorbis: bf7c407c2cedff20999df2af8eb42d56 -> 
  custom:framework-win-MediaFoundation: 216162199b28c13a410421893ffa2e32 -> 
  custom:container-demuxer-ogg: 62fdf1f143b41e24485cea50d1cbac27 -> 
  custom:video-decoder-webm-vp8: 9c59270c3fd7afecdb556c50c9e8de78 -> 
  custom:audio-decoder-ogg-vorbis: bf7c407c2cedff20999df2af8eb42d56 -> 
========================================================================
Received Prepare
Registering precompiled user dll's ...
Registered in 0.007712 seconds.
Required property 'name' not set (Packages/com.unity.services.core/Runtime/Telemetry/Unity.Services.Core.Telemetry.asmdef)
Required property 'name' not set (Packages/com.unity.services.core/Runtime/Networking/Unity.Services.Core.Networking.asmdef)
Required property 'name' not set (Packages/com.unity.services.core/Runtime/Core.Internal/Unity.Services.Core.Internal.asmdef)
Required property 'name' not set (Packages/com.unity.services.core/Runtime/Configuration/Unity.Services.Core.Configuration.asmdef)
Required property 'name' not set (Packages/com.unity.services.core/Runtime/Core/Unity.Services.Core.asmdef)
Required property 'name' not set (Packages/com.unity.services.core/Editor/Core/Unity.Services.Core.Editor.asmdef)
Required property 'name' not set (Packages/com.unity.services.core/Editor/Core/Configuration/Unity.Services.Core.Configuration.Editor.asmdef)
Required property 'name' not set (Packages/com.unity.services.core/Runtime/Analytics/Unity.Services.Core.Analytics.asmdef)
Required property 'name' not set (Packages/com.unity.services.core/Runtime/Registration/Unity.Services.Core.Registration.asmdef)
Required property 'name' not set (Packages/com.unity.services.core/Runtime/Environments/Unity.Services.Core.Environments.asmdef)
Required property 'name' not set (Packages/com.unity.services.core/Runtime/Scheduler/Unity.Services.Core.Scheduler.asmdef)
Required property 'name' not set (Packages/com.unity.services.core/Runtime/Environments/Internal/Unity.Services.Core.Environments.Internal.asmdef)
Required property 'name' not set (Packages/com.unity.collab-proxy/Editor/Collaborate/Unity.CollabProxy.Editor.asmdef)
Required property 'name' not set (Packages/com.unity.collab-proxy/Tests/Editor/Collaborate/Unity.CollabProxy.EditorTests.asmdef)
Required property 'name' not set (Packages/com.unity.services.core/Runtime/Threading/Unity.Services.Core.Threading.asmdef)
Required property 'name' not set (Packages/com.unity.collab-proxy/Tests/Editor/PlasticSCM/Unity.PlasticSCM.EditorTests.asmdef)
Required property 'name' not set (Packages/com.unity.services.core/Runtime/Device/Unity.Services.Core.Device.asmdef)
Required property 'name' not set (Packages/com.unity.services.core/Runtime/Telemetry/Unity.Services.Core.Telemetry.asmdef)
Required property 'name' not set (Packages/com.unity.services.core/Runtime/Networking/Unity.Services.Core.Networking.asmdef)
Required property 'name' not set (Packages/com.unity.services.core/Runtime/Core.Internal/Unity.Services.Core.Internal.asmdef)
Required property 'name' not set (Packages/com.unity.services.core/Runtime/Configuration/Unity.Services.Core.Configuration.asmdef)
Required property 'name' not set (Packages/com.unity.services.core/Runtime/Core/Unity.Services.Core.asmdef)
Required property 'name' not set (Packages/com.unity.services.core/Editor/Core/Unity.Services.Core.Editor.asmdef)
Required property 'name' not set (Packages/com.unity.services.core/Editor/Core/Configuration/Unity.Services.Core.Configuration.Editor.asmdef)
Required property 'name' not set (Packages/com.unity.services.core/Runtime/Analytics/Unity.Services.Core.Analytics.asmdef)
Required property 'name' not set (Packages/com.unity.services.core/Runtime/Registration/Unity.Services.Core.Registration.asmdef)
Required property 'name' not set (Packages/com.unity.services.core/Runtime/Environments/Unity.Services.Core.Environments.asmdef)
Required property 'name' not set (Packages/com.unity.services.core/Runtime/Scheduler/Unity.Services.Core.Scheduler.asmdef)
Required property 'name' not set (Packages/com.unity.services.core/Runtime/Environments/Internal/Unity.Services.Core.Environments.Internal.asmdef)
Required property 'name' not set (Packages/com.unity.collab-proxy/Editor/Collaborate/Unity.CollabProxy.Editor.asmdef)
Required property 'name' not set (Packages/com.unity.collab-proxy/Tests/Editor/Collaborate/Unity.CollabProxy.EditorTests.asmdef)
Required property 'name' not set (Packages/com.unity.services.core/Runtime/Threading/Unity.Services.Core.Threading.asmdef)
Required property 'name' not set (Packages/com.unity.collab-proxy/Tests/Editor/PlasticSCM/Unity.PlasticSCM.EditorTests.asmdef)
Required property 'name' not set (Packages/com.unity.services.core/Runtime/Device/Unity.Services.Core.Device.asmdef)
Begin MonoManager ReloadAssembly
Symbol file LoadedFromMemory doesn't match image C:\Users\a0108\OneDrive\바탕 화면\sokovan\Library\PackageCache\com.unity.visualscripting@1.8.0\Editor\VisualScripting.Core\Dependencies\YamlDotNet\Unity.VisualScripting.YamlDotNet.dll
Symbol file LoadedFromMemory doesn't match image C:\Users\a0108\OneDrive\바탕 화면\sokovan\Library\PackageCache\com.unity.visualscripting@1.8.0\Editor\VisualScripting.Core\Dependencies\DotNetZip\Unity.VisualScripting.IonicZip.dll
Native extension for WindowsStandalone target not found
Native extension for WebGL target not found
Refreshing native plugins compatible for Editor in 0.52 ms, found 3 plugins.
Preloading 0 native plugins for Editor in 0.00 ms.
Required property 'name' not set (Packages/com.unity.services.core/Runtime/Telemetry/Unity.Services.Core.Telemetry.asmdef)
Required property 'name' not set (Packages/com.unity.services.core/Runtime/Networking/Unity.Services.Core.Networking.asmdef)
Required property 'name' not set (Packages/com.unity.services.core/Runtime/Core.Internal/Unity.Services.Core.Internal.asmdef)
Required property 'name' not set (Packages/com.unity.services.core/Runtime/Configuration/Unity.Services.Core.Configuration.asmdef)
Required property 'name' not set (Packages/com.unity.services.core/Runtime/Core/Unity.Services.Core.asmdef)
Required property 'name' not set (Packages/com.unity.services.core/Editor/Core/Unity.Services.Core.Editor.asmdef)
Required property 'name' not set (Packages/com.unity.services.core/Editor/Core/Configuration/Unity.Services.Core.Configuration.Editor.asmdef)
Required property 'name' not set (Packages/com.unity.services.core/Runtime/Analytics/Unity.Services.Core.Analytics.asmdef)
Required property 'name' not set (Packages/com.unity.services.core/Runtime/Registration/Unity.Services.Core.Registration.asmdef)
Required property 'name' not set (Packages/com.unity.services.core/Runtime/Environments/Unity.Services.Core.Environments.asmdef)
Required property 'name' not set (Packages/com.unity.services.core/Runtime/Scheduler/Unity.Services.Core.Scheduler.asmdef)
Required property 'name' not set (Packages/com.unity.services.core/Runtime/Environments/Internal/Unity.Services.Core.Environments.Internal.asmdef)
Required property 'name' not set (Packages/com.unity.collab-proxy/Editor/Collaborate/Unity.CollabProxy.Editor.asmdef)
Required property 'name' not set (Packages/com.unity.collab-proxy/Tests/Editor/Collaborate/Unity.CollabProxy.EditorTests.asmdef)
Required property 'name' not set (Packages/com.unity.services.core/Runtime/Threading/Unity.Services.Core.Threading.asmdef)
Required property 'name' not set (Packages/com.unity.collab-proxy/Tests/Editor/PlasticSCM/Unity.PlasticSCM.EditorTests.asmdef)
Required property 'name' not set (Packages/com.unity.services.core/Runtime/Device/Unity.Services.Core.Device.asmdef)
Mono: successfully reloaded assembly
- Completed reload, in  1.804 seconds
Domain Reload Profiling:
	ReloadAssembly (1804ms)
		BeginReloadAssembly (163ms)
			ExecutionOrderSort (0ms)
			DisableScriptedObjects (4ms)
			BackupInstance (0ms)
			ReleaseScriptingObjects (0ms)
			CreateAndSetChildDomain (29ms)
		EndReloadAssembly (1519ms)
			LoadAssemblies (118ms)
			RebuildTransferFunctionScriptingTraits (0ms)
			SetupTypeCache (588ms)
			ReleaseScriptCaches (2ms)
			RebuildScriptCaches (97ms)
			SetupLoadedEditorAssemblies (590ms)
				LogAssemblyErrors (0ms)
				InitializePlatformSupportModulesInManaged (25ms)
				SetLoadedEditorAssemblies (1ms)
				RefreshPlugins (1ms)
				BeforeProcessingInitializeOnLoad (293ms)
				ProcessInitializeOnLoadAttributes (244ms)
				ProcessInitializeOnLoadMethodAttributes (13ms)
				AfterProcessingInitializeOnLoad (13ms)
				EditorAssembliesLoaded (0ms)
			ExecutionOrderSort2 (0ms)
			AwakeInstancesAfterBackupRestoration (9ms)
Platform modules already initialized, skipping
Refreshing native plugins compatible for Editor in 1.46 ms, found 3 plugins.
Preloading 0 native plugins for Editor in 0.00 ms.
Unloading 3041 Unused Serialized files (Serialized files now loaded: 0)
Unloading 15 unused Assets / (24.6 KB). Loaded Objects now: 3543.
Memory consumption went from 112.0 MB to 112.0 MB.
Total: 2.601300 ms (FindLiveObjects: 0.248900 ms CreateObjectMapping: 0.106600 ms MarkObjects: 2.213900 ms  DeleteObjects: 0.030900 ms)

AssetImportParameters requested are different than current active one (requested -> active):
  custom:video-decoder-ogg-theora: a1e56fd34408186e4bbccfd4996cb3dc -> 
  custom:container-muxer-webm: aa71ff27fc2769a1b78a27578f13a17b -> 
  custom:container-demuxer-webm: 4f35f7cbe854078d1ac9338744f61a02 -> 
  custom:video-encoder-webm-vp8: eb34c28f22e8b96e1ab97ce403110664 -> 
  custom:video-codec-MediaFoundation-h265: 746d11721c4dcdbdad8f713fa42b33f4 -> 
  custom:audio-encoder-webm-vorbis: bf7c407c2cedff20999df2af8eb42d56 -> 
  custom:framework-win-MediaFoundation: 216162199b28c13a410421893ffa2e32 -> 
  custom:container-demuxer-ogg: 62fdf1f143b41e24485cea50d1cbac27 -> 
  custom:video-decoder-webm-vp8: 9c59270c3fd7afecdb556c50c9e8de78 -> 
  custom:audio-decoder-ogg-vorbis: bf7c407c2cedff20999df2af8eb42d56 -> 
========================================================================
Received Prepare
Registering precompiled user dll's ...
Registered in 0.022335 seconds.
Required property 'name' not set (Packages/com.unity.services.core/Runtime/Telemetry/Unity.Services.Core.Telemetry.asmdef)
Required property 'name' not set (Packages/com.unity.services.core/Runtime/Networking/Unity.Services.Core.Networking.asmdef)
Required property 'name' not set (Packages/com.unity.services.core/Runtime/Core.Internal/Unity.Services.Core.Internal.asmdef)
Required property 'name' not set (Packages/com.unity.services.core/Runtime/Configuration/Unity.Services.Core.Configuration.asmdef)
Required property 'name' not set (Packages/com.unity.services.core/Runtime/Core/Unity.Services.Core.asmdef)
Required property 'name' not set (Packages/com.unity.services.core/Editor/Core/Unity.Services.Core.Editor.asmdef)
Required property 'name' not set (Packages/com.unity.services.core/Editor/Core/Configuration/Unity.Services.Core.Configuration.Editor.asmdef)
Required property 'name' not set (Packages/com.unity.services.core/Runtime/Analytics/Unity.Services.Core.Analytics.asmdef)
Required property 'name' not set (Packages/com.unity.services.core/Runtime/Registration/Unity.Services.Core.Registration.asmdef)
Required property 'name' not set (Packages/com.unity.services.core/Runtime/Environments/Unity.Services.Core.Environments.asmdef)
Required property 'name' not set (Packages/com.unity.services.core/Runtime/Scheduler/Unity.Services.Core.Scheduler.asmdef)
Required property 'name' not set (Packages/com.unity.services.core/Runtime/Environments/Internal/Unity.Services.Core.Environments.Internal.asmdef)
Required property 'name' not set (Packages/com.unity.collab-proxy/Editor/Collaborate/Unity.CollabProxy.Editor.asmdef)
Required property 'name' not set (Packages/com.unity.collab-proxy/Tests/Editor/Collaborate/Unity.CollabProxy.EditorTests.asmdef)
Required property 'name' not set (Packages/com.unity.services.core/Runtime/Threading/Unity.Services.Core.Threading.asmdef)
Required property 'name' not set (Packages/com.unity.collab-proxy/Tests/Editor/PlasticSCM/Unity.PlasticSCM.EditorTests.asmdef)
Required property 'name' not set (Packages/com.unity.services.core/Runtime/Device/Unity.Services.Core.Device.asmdef)
Required property 'name' not set (Packages/com.unity.services.core/Runtime/Telemetry/Unity.Services.Core.Telemetry.asmdef)
Required property 'name' not set (Packages/com.unity.services.core/Runtime/Networking/Unity.Services.Core.Networking.asmdef)
Required property 'name' not set (Packages/com.unity.services.core/Runtime/Core.Internal/Unity.Services.Core.Internal.asmdef)
Required property 'name' not set (Packages/com.unity.services.core/Runtime/Configuration/Unity.Services.Core.Configuration.asmdef)
Required property 'name' not set (Packages/com.unity.services.core/Runtime/Core/Unity.Services.Core.asmdef)
Required property 'name' not set (Packages/com.unity.services.core/Editor/Core/Unity.Services.Core.Editor.asmdef)
Required property 'name' not set (Packages/com.unity.services.core/Editor/Core/Configuration/Unity.Services.Core.Configuration.Editor.asmdef)
Required property 'name' not set (Packages/com.unity.services.core/Runtime/Analytics/Unity.Services.Core.Analytics.asmdef)
Required property 'name' not set (Packages/com.unity.services.core/Runtime/Registration/Unity.Services.Core.Registration.asmdef)
Required property 'name' not set (Packages/com.unity.services.core/Runtime/Environments/Unity.Services.Core.Environments.asmdef)
Required property 'name' not set (Packages/com.unity.services.core/Runtime/Scheduler/Unity.Services.Core.Scheduler.asmdef)
Required property 'name' not set (Packages/com.unity.services.core/Runtime/Environments/Internal/Unity.Services.Core.Environments.Internal.asmdef)
Required property 'name' not set (Packages/com.unity.collab-proxy/Editor/Collaborate/Unity.CollabProxy.Editor.asmdef)
Required property 'name' not set (Packages/com.unity.collab-proxy/Tests/Editor/Collaborate/Unity.CollabProxy.EditorTests.asmdef)
Required property 'name' not set (Packages/com.unity.services.core/Runtime/Threading/Unity.Services.Core.Threading.asmdef)
Required property 'name' not set (Packages/com.unity.collab-proxy/Tests/Editor/PlasticSCM/Unity.PlasticSCM.EditorTests.asmdef)
Required property 'name' not set (Packages/com.unity.services.core/Runtime/Device/Unity.Services.Core.Device.asmdef)
Begin MonoManager ReloadAssembly
Symbol file LoadedFromMemory doesn't match image C:\Users\a0108\OneDrive\바탕 화면\sokovan\Library\PackageCache\com.unity.visualscripting@1.8.0\Editor\VisualScripting.Core\Dependencies\YamlDotNet\Unity.VisualScripting.YamlDotNet.dll
Symbol file LoadedFromMemory doesn't match image C:\Users\a0108\OneDrive\바탕 화면\sokovan\Library\PackageCache\com.unity.visualscripting@1.8.0\Editor\VisualScripting.Core\Dependencies\DotNetZip\Unity.VisualScripting.IonicZip.dll
Native extension for WindowsStandalone target not found
Native extension for WebGL target not found
Refreshing native plugins compatible for Editor in 0.47 ms, found 3 plugins.
Preloading 0 native plugins for Editor in 0.00 ms.
Required property 'name' not set (Packages/com.unity.services.core/Runtime/Telemetry/Unity.Services.Core.Telemetry.asmdef)
Required property 'name' not set (Packages/com.unity.services.core/Runtime/Networking/Unity.Services.Core.Networking.asmdef)
Required property 'name' not set (Packages/com.unity.services.core/Runtime/Core.Internal/Unity.Services.Core.Internal.asmdef)
Required property 'name' not set (Packages/com.unity.services.core/Runtime/Configuration/Unity.Services.Core.Configuration.asmdef)
Required property 'name' not set (Packages/com.unity.services.core/Runtime/Core/Unity.Services.Core.asmdef)
Required property 'name' not set (Packages/com.unity.services.core/Editor/Core/Unity.Services.Core.Editor.asmdef)
Required property 'name' not set (Packages/com.unity.services.core/Editor/Core/Configuration/Unity.Services.Core.Configuration.Editor.asmdef)
Required property 'name' not set (Packages/com.unity.services.core/Runtime/Analytics/Unity.Services.Core.Analytics.asmdef)
Required property 'name' not set (Packages/com.unity.services.core/Runtime/Registration/Unity.Services.Core.Registration.asmdef)
Required property 'name' not set (Packages/com.unity.services.core/Runtime/Environments/Unity.Services.Core.Environments.asmdef)
Required property 'name' not set (Packages/com.unity.services.core/Runtime/Scheduler/Unity.Services.Core.Scheduler.asmdef)
Required property 'name' not set (Packages/com.unity.services.core/Runtime/Environments/Internal/Unity.Services.Core.Environments.Internal.asmdef)
Required property 'name' not set (Packages/com.unity.collab-proxy/Editor/Collaborate/Unity.CollabProxy.Editor.asmdef)
Required property 'name' not set (Packages/com.unity.collab-proxy/Tests/Editor/Collaborate/Unity.CollabProxy.EditorTests.asmdef)
Required property 'name' not set (Packages/com.unity.services.core/Runtime/Threading/Unity.Services.Core.Threading.asmdef)
Required property 'name' not set (Packages/com.unity.collab-proxy/Tests/Editor/PlasticSCM/Unity.PlasticSCM.EditorTests.asmdef)
Required property 'name' not set (Packages/com.unity.services.core/Runtime/Device/Unity.Services.Core.Device.asmdef)
Mono: successfully reloaded assembly
- Completed reload, in  1.079 seconds
Domain Reload Profiling:
	ReloadAssembly (1080ms)
		BeginReloadAssembly (202ms)
			ExecutionOrderSort (0ms)
			DisableScriptedObjects (10ms)
			BackupInstance (0ms)
			ReleaseScriptingObjects (0ms)
			CreateAndSetChildDomain (49ms)
		EndReloadAssembly (794ms)
			LoadAssemblies (152ms)
			RebuildTransferFunctionScriptingTraits (0ms)
			SetupTypeCache (257ms)
			ReleaseScriptCaches (1ms)
			RebuildScriptCaches (30ms)
			SetupLoadedEditorAssemblies (303ms)
				LogAssemblyErrors (0ms)
				InitializePlatformSupportModulesInManaged (7ms)
				SetLoadedEditorAssemblies (0ms)
				RefreshPlugins (1ms)
				BeforeProcessingInitializeOnLoad (88ms)
				ProcessInitializeOnLoadAttributes (171ms)
				ProcessInitializeOnLoadMethodAttributes (14ms)
				AfterProcessingInitializeOnLoad (22ms)
				EditorAssembliesLoaded (0ms)
			ExecutionOrderSort2 (0ms)
			AwakeInstancesAfterBackupRestoration (7ms)
Platform modules already initialized, skipping
Refreshing native plugins compatible for Editor in 3.19 ms, found 3 plugins.
Preloading 0 native plugins for Editor in 0.00 ms.
Unloading 3041 Unused Serialized files (Serialized files now loaded: 0)
Unloading 15 unused Assets / (24.6 KB). Loaded Objects now: 3546.
Memory consumption went from 112.0 MB to 112.0 MB.
Total: 3.240000 ms (FindLiveObjects: 0.247200 ms CreateObjectMapping: 0.066900 ms MarkObjects: 2.898300 ms  DeleteObjects: 0.026100 ms)

AssetImportParameters requested are different than current active one (requested -> active):
  custom:video-decoder-ogg-theora: a1e56fd34408186e4bbccfd4996cb3dc -> 
  custom:container-muxer-webm: aa71ff27fc2769a1b78a27578f13a17b -> 
  custom:container-demuxer-webm: 4f35f7cbe854078d1ac9338744f61a02 -> 
  custom:video-encoder-webm-vp8: eb34c28f22e8b96e1ab97ce403110664 -> 
  custom:video-codec-MediaFoundation-h265: 746d11721c4dcdbdad8f713fa42b33f4 -> 
  custom:audio-encoder-webm-vorbis: bf7c407c2cedff20999df2af8eb42d56 -> 
  custom:framework-win-MediaFoundation: 216162199b28c13a410421893ffa2e32 -> 
  custom:container-demuxer-ogg: 62fdf1f143b41e24485cea50d1cbac27 -> 
  custom:video-decoder-webm-vp8: 9c59270c3fd7afecdb556c50c9e8de78 -> 
  custom:audio-decoder-ogg-vorbis: bf7c407c2cedff20999df2af8eb42d56 -> 
========================================================================
Received Prepare
Registering precompiled user dll's ...
Registered in 0.011213 seconds.
Required property 'name' not set (Packages/com.unity.services.core/Runtime/Telemetry/Unity.Services.Core.Telemetry.asmdef)
Required property 'name' not set (Packages/com.unity.services.core/Runtime/Networking/Unity.Services.Core.Networking.asmdef)
Required property 'name' not set (Packages/com.unity.services.core/Runtime/Core.Internal/Unity.Services.Core.Internal.asmdef)
Required property 'name' not set (Packages/com.unity.services.core/Runtime/Configuration/Unity.Services.Core.Configuration.asmdef)
Required property 'name' not set (Packages/com.unity.services.core/Runtime/Core/Unity.Services.Core.asmdef)
Required property 'name' not set (Packages/com.unity.services.core/Editor/Core/Unity.Services.Core.Editor.asmdef)
Required property 'name' not set (Packages/com.unity.services.core/Editor/Core/Configuration/Unity.Services.Core.Configuration.Editor.asmdef)
Required property 'name' not set (Packages/com.unity.services.core/Runtime/Analytics/Unity.Services.Core.Analytics.asmdef)
Required property 'name' not set (Packages/com.unity.services.core/Runtime/Registration/Unity.Services.Core.Registration.asmdef)
Required property 'name' not set (Packages/com.unity.services.core/Runtime/Environments/Unity.Services.Core.Environments.asmdef)
Required property 'name' not set (Packages/com.unity.services.core/Runtime/Scheduler/Unity.Services.Core.Scheduler.asmdef)
Required property 'name' not set (Packages/com.unity.services.core/Runtime/Environments/Internal/Unity.Services.Core.Environments.Internal.asmdef)
Required property 'name' not set (Packages/com.unity.collab-proxy/Editor/Collaborate/Unity.CollabProxy.Editor.asmdef)
Required property 'name' not set (Packages/com.unity.collab-proxy/Tests/Editor/Collaborate/Unity.CollabProxy.EditorTests.asmdef)
Required property 'name' not set (Packages/com.unity.services.core/Runtime/Threading/Unity.Services.Core.Threading.asmdef)
Required property 'name' not set (Packages/com.unity.collab-proxy/Tests/Editor/PlasticSCM/Unity.PlasticSCM.EditorTests.asmdef)
Required property 'name' not set (Packages/com.unity.services.core/Runtime/Device/Unity.Services.Core.Device.asmdef)
Required property 'name' not set (Packages/com.unity.services.core/Runtime/Telemetry/Unity.Services.Core.Telemetry.asmdef)
Required property 'name' not set (Packages/com.unity.services.core/Runtime/Networking/Unity.Services.Core.Networking.asmdef)
Required property 'name' not set (Packages/com.unity.services.core/Runtime/Core.Internal/Unity.Services.Core.Internal.asmdef)
Required property 'name' not set (Packages/com.unity.services.core/Runtime/Configuration/Unity.Services.Core.Configuration.asmdef)
Required property 'name' not set (Packages/com.unity.services.core/Runtime/Core/Unity.Services.Core.asmdef)
Required property 'name' not set (Packages/com.unity.services.core/Editor/Core/Unity.Services.Core.Editor.asmdef)
Required property 'name' not set (Packages/com.unity.services.core/Editor/Core/Configuration/Unity.Services.Core.Configuration.Editor.asmdef)
Required property 'name' not set (Packages/com.unity.services.core/Runtime/Analytics/Unity.Services.Core.Analytics.asmdef)
Required property 'name' not set (Packages/com.unity.services.core/Runtime/Registration/Unity.Services.Core.Registration.asmdef)
Required property 'name' not set (Packages/com.unity.services.core/Runtime/Environments/Unity.Services.Core.Environments.asmdef)
Required property 'name' not set (Packages/com.unity.services.core/Runtime/Scheduler/Unity.Services.Core.Scheduler.asmdef)
Required property 'name' not set (Packages/com.unity.services.core/Runtime/Environments/Internal/Unity.Services.Core.Environments.Internal.asmdef)
Required property 'name' not set (Packages/com.unity.collab-proxy/Editor/Collaborate/Unity.CollabProxy.Editor.asmdef)
Required property 'name' not set (Packages/com.unity.collab-proxy/Tests/Editor/Collaborate/Unity.CollabProxy.EditorTests.asmdef)
Required property 'name' not set (Packages/com.unity.services.core/Runtime/Threading/Unity.Services.Core.Threading.asmdef)
Required property 'name' not set (Packages/com.unity.collab-proxy/Tests/Editor/PlasticSCM/Unity.PlasticSCM.EditorTests.asmdef)
Required property 'name' not set (Packages/com.unity.services.core/Runtime/Device/Unity.Services.Core.Device.asmdef)
Begin MonoManager ReloadAssembly
Symbol file LoadedFromMemory doesn't match image C:\Users\a0108\OneDrive\바탕 화면\sokovan\Library\PackageCache\com.unity.visualscripting@1.8.0\Editor\VisualScripting.Core\Dependencies\YamlDotNet\Unity.VisualScripting.YamlDotNet.dll
Symbol file LoadedFromMemory doesn't match image C:\Users\a0108\OneDrive\바탕 화면\sokovan\Library\PackageCache\com.unity.visualscripting@1.8.0\Editor\VisualScripting.Core\Dependencies\DotNetZip\Unity.VisualScripting.IonicZip.dll
Native extension for WindowsStandalone target not found
Native extension for WebGL target not found
Refreshing native plugins compatible for Editor in 0.44 ms, found 3 plugins.
Preloading 0 native plugins for Editor in 0.00 ms.
Required property 'name' not set (Packages/com.unity.services.core/Runtime/Telemetry/Unity.Services.Core.Telemetry.asmdef)
Required property 'name' not set (Packages/com.unity.services.core/Runtime/Networking/Unity.Services.Core.Networking.asmdef)
Required property 'name' not set (Packages/com.unity.services.core/Runtime/Core.Internal/Unity.Services.Core.Internal.asmdef)
Required property 'name' not set (Packages/com.unity.services.core/Runtime/Configuration/Unity.Services.Core.Configuration.asmdef)
Required property 'name' not set (Packages/com.unity.services.core/Runtime/Core/Unity.Services.Core.asmdef)
Required property 'name' not set (Packages/com.unity.services.core/Editor/Core/Unity.Services.Core.Editor.asmdef)
Required property 'name' not set (Packages/com.unity.services.core/Editor/Core/Configuration/Unity.Services.Core.Configuration.Editor.asmdef)
Required property 'name' not set (Packages/com.unity.services.core/Runtime/Analytics/Unity.Services.Core.Analytics.asmdef)
Required property 'name' not set (Packages/com.unity.services.core/Runtime/Registration/Unity.Services.Core.Registration.asmdef)
Required property 'name' not set (Packages/com.unity.services.core/Runtime/Environments/Unity.Services.Core.Environments.asmdef)
Required property 'name' not set (Packages/com.unity.services.core/Runtime/Scheduler/Unity.Services.Core.Scheduler.asmdef)
Required property 'name' not set (Packages/com.unity.services.core/Runtime/Environments/Internal/Unity.Services.Core.Environments.Internal.asmdef)
Required property 'name' not set (Packages/com.unity.collab-proxy/Editor/Collaborate/Unity.CollabProxy.Editor.asmdef)
Required property 'name' not set (Packages/com.unity.collab-proxy/Tests/Editor/Collaborate/Unity.CollabProxy.EditorTests.asmdef)
Required property 'name' not set (Packages/com.unity.services.core/Runtime/Threading/Unity.Services.Core.Threading.asmdef)
Required property 'name' not set (Packages/com.unity.collab-proxy/Tests/Editor/PlasticSCM/Unity.PlasticSCM.EditorTests.asmdef)
Required property 'name' not set (Packages/com.unity.services.core/Runtime/Device/Unity.Services.Core.Device.asmdef)
Mono: successfully reloaded assembly
- Completed reload, in  2.078 seconds
Domain Reload Profiling:
	ReloadAssembly (2078ms)
		BeginReloadAssembly (193ms)
			ExecutionOrderSort (0ms)
			DisableScriptedObjects (6ms)
			BackupInstance (0ms)
			ReleaseScriptingObjects (0ms)
			CreateAndSetChildDomain (26ms)
		EndReloadAssembly (1665ms)
			LoadAssemblies (200ms)
			RebuildTransferFunctionScriptingTraits (1ms)
			SetupTypeCache (539ms)
			ReleaseScriptCaches (2ms)
			RebuildScriptCaches (76ms)
			SetupLoadedEditorAssemblies (710ms)
				LogAssemblyErrors (0ms)
				InitializePlatformSupportModulesInManaged (18ms)
				SetLoadedEditorAssemblies (2ms)
				RefreshPlugins (1ms)
				BeforeProcessingInitializeOnLoad (212ms)
				ProcessInitializeOnLoadAttributes (414ms)
				ProcessInitializeOnLoadMethodAttributes (23ms)
				AfterProcessingInitializeOnLoad (40ms)
				EditorAssembliesLoaded (0ms)
			ExecutionOrderSort2 (0ms)
			AwakeInstancesAfterBackupRestoration (12ms)
Platform modules already initialized, skipping
Refreshing native plugins compatible for Editor in 5.06 ms, found 3 plugins.
Preloading 0 native plugins for Editor in 0.00 ms.
Unloading 3041 Unused Serialized files (Serialized files now loaded: 0)
Unloading 15 unused Assets / (24.6 KB). Loaded Objects now: 3549.
Memory consumption went from 112.0 MB to 112.0 MB.
Total: 10.888000 ms (FindLiveObjects: 0.260500 ms CreateObjectMapping: 0.387600 ms MarkObjects: 10.192400 ms  DeleteObjects: 0.045300 ms)

AssetImportParameters requested are different than current active one (requested -> active):
  custom:video-decoder-ogg-theora: a1e56fd34408186e4bbccfd4996cb3dc -> 
  custom:container-muxer-webm: aa71ff27fc2769a1b78a27578f13a17b -> 
  custom:container-demuxer-webm: 4f35f7cbe854078d1ac9338744f61a02 -> 
  custom:video-encoder-webm-vp8: eb34c28f22e8b96e1ab97ce403110664 -> 
  custom:video-codec-MediaFoundation-h265: 746d11721c4dcdbdad8f713fa42b33f4 -> 
  custom:audio-encoder-webm-vorbis: bf7c407c2cedff20999df2af8eb42d56 -> 
  custom:framework-win-MediaFoundation: 216162199b28c13a410421893ffa2e32 -> 
  custom:container-demuxer-ogg: 62fdf1f143b41e24485cea50d1cbac27 -> 
  custom:video-decoder-webm-vp8: 9c59270c3fd7afecdb556c50c9e8de78 -> 
  custom:audio-decoder-ogg-vorbis: bf7c407c2cedff20999df2af8eb42d56 -> 
========================================================================
Received Import Request.
  Time since last request: 2267.213018 seconds.
  path: Assets/Scenes/plane.mat
  artifactKey: Guid(b01cd5f6a6e4cef43bf2c10813bca4ea) Importer(815301076,1909f56bfc062723c751e8b465ee728b)
Start importing Assets/Scenes/plane.mat using Guid(b01cd5f6a6e4cef43bf2c10813bca4ea) Importer(815301076,1909f56bfc062723c751e8b465ee728b)  -> (artifact id: '19ab02e504f5823c0295da78adfd8643') in 0.854986 seconds 
========================================================================
Received Prepare
Registering precompiled user dll's ...
Registered in 0.023425 seconds.
Required property 'name' not set (Packages/com.unity.services.core/Runtime/Telemetry/Unity.Services.Core.Telemetry.asmdef)
Required property 'name' not set (Packages/com.unity.services.core/Runtime/Networking/Unity.Services.Core.Networking.asmdef)
Required property 'name' not set (Packages/com.unity.services.core/Runtime/Core.Internal/Unity.Services.Core.Internal.asmdef)
Required property 'name' not set (Packages/com.unity.services.core/Runtime/Configuration/Unity.Services.Core.Configuration.asmdef)
Required property 'name' not set (Packages/com.unity.services.core/Runtime/Core/Unity.Services.Core.asmdef)
Required property 'name' not set (Packages/com.unity.services.core/Editor/Core/Unity.Services.Core.Editor.asmdef)
Required property 'name' not set (Packages/com.unity.services.core/Editor/Core/Configuration/Unity.Services.Core.Configuration.Editor.asmdef)
Required property 'name' not set (Packages/com.unity.services.core/Runtime/Analytics/Unity.Services.Core.Analytics.asmdef)
Required property 'name' not set (Packages/com.unity.services.core/Runtime/Registration/Unity.Services.Core.Registration.asmdef)
Required property 'name' not set (Packages/com.unity.services.core/Runtime/Environments/Unity.Services.Core.Environments.asmdef)
Required property 'name' not set (Packages/com.unity.services.core/Runtime/Scheduler/Unity.Services.Core.Scheduler.asmdef)
Required property 'name' not set (Packages/com.unity.services.core/Runtime/Environments/Internal/Unity.Services.Core.Environments.Internal.asmdef)
Required property 'name' not set (Packages/com.unity.collab-proxy/Editor/Collaborate/Unity.CollabProxy.Editor.asmdef)
Required property 'name' not set (Packages/com.unity.collab-proxy/Tests/Editor/Collaborate/Unity.CollabProxy.EditorTests.asmdef)
Required property 'name' not set (Packages/com.unity.services.core/Runtime/Threading/Unity.Services.Core.Threading.asmdef)
Required property 'name' not set (Packages/com.unity.collab-proxy/Tests/Editor/PlasticSCM/Unity.PlasticSCM.EditorTests.asmdef)
Required property 'name' not set (Packages/com.unity.services.core/Runtime/Device/Unity.Services.Core.Device.asmdef)
Required property 'name' not set (Packages/com.unity.services.core/Runtime/Telemetry/Unity.Services.Core.Telemetry.asmdef)
Required property 'name' not set (Packages/com.unity.services.core/Runtime/Networking/Unity.Services.Core.Networking.asmdef)
Required property 'name' not set (Packages/com.unity.services.core/Runtime/Core.Internal/Unity.Services.Core.Internal.asmdef)
Required property 'name' not set (Packages/com.unity.services.core/Runtime/Configuration/Unity.Services.Core.Configuration.asmdef)
Required property 'name' not set (Packages/com.unity.services.core/Runtime/Core/Unity.Services.Core.asmdef)
Required property 'name' not set (Packages/com.unity.services.core/Editor/Core/Unity.Services.Core.Editor.asmdef)
Required property 'name' not set (Packages/com.unity.services.core/Editor/Core/Configuration/Unity.Services.Core.Configuration.Editor.asmdef)
Required property 'name' not set (Packages/com.unity.services.core/Runtime/Analytics/Unity.Services.Core.Analytics.asmdef)
Required property 'name' not set (Packages/com.unity.services.core/Runtime/Registration/Unity.Services.Core.Registration.asmdef)
Required property 'name' not set (Packages/com.unity.services.core/Runtime/Environments/Unity.Services.Core.Environments.asmdef)
Required property 'name' not set (Packages/com.unity.services.core/Runtime/Scheduler/Unity.Services.Core.Scheduler.asmdef)
Required property 'name' not set (Packages/com.unity.services.core/Runtime/Environments/Internal/Unity.Services.Core.Environments.Internal.asmdef)
Required property 'name' not set (Packages/com.unity.collab-proxy/Editor/Collaborate/Unity.CollabProxy.Editor.asmdef)
Required property 'name' not set (Packages/com.unity.collab-proxy/Tests/Editor/Collaborate/Unity.CollabProxy.EditorTests.asmdef)
Required property 'name' not set (Packages/com.unity.services.core/Runtime/Threading/Unity.Services.Core.Threading.asmdef)
Required property 'name' not set (Packages/com.unity.collab-proxy/Tests/Editor/PlasticSCM/Unity.PlasticSCM.EditorTests.asmdef)
Required property 'name' not set (Packages/com.unity.services.core/Runtime/Device/Unity.Services.Core.Device.asmdef)
Begin MonoManager ReloadAssembly
Symbol file LoadedFromMemory doesn't match image C:\Users\a0108\OneDrive\바탕 화면\sokovan\Library\PackageCache\com.unity.visualscripting@1.8.0\Editor\VisualScripting.Core\Dependencies\YamlDotNet\Unity.VisualScripting.YamlDotNet.dll
Symbol file LoadedFromMemory doesn't match image C:\Users\a0108\OneDrive\바탕 화면\sokovan\Library\PackageCache\com.unity.visualscripting@1.8.0\Editor\VisualScripting.Core\Dependencies\DotNetZip\Unity.VisualScripting.IonicZip.dll
Native extension for WindowsStandalone target not found
Native extension for WebGL target not found
Refreshing native plugins compatible for Editor in 0.38 ms, found 3 plugins.
Preloading 0 native plugins for Editor in 0.00 ms.
Required property 'name' not set (Packages/com.unity.services.core/Runtime/Telemetry/Unity.Services.Core.Telemetry.asmdef)
Required property 'name' not set (Packages/com.unity.services.core/Runtime/Networking/Unity.Services.Core.Networking.asmdef)
Required property 'name' not set (Packages/com.unity.services.core/Runtime/Core.Internal/Unity.Services.Core.Internal.asmdef)
Required property 'name' not set (Packages/com.unity.services.core/Runtime/Configuration/Unity.Services.Core.Configuration.asmdef)
Required property 'name' not set (Packages/com.unity.services.core/Runtime/Core/Unity.Services.Core.asmdef)
Required property 'name' not set (Packages/com.unity.services.core/Editor/Core/Unity.Services.Core.Editor.asmdef)
Required property 'name' not set (Packages/com.unity.services.core/Editor/Core/Configuration/Unity.Services.Core.Configuration.Editor.asmdef)
Required property 'name' not set (Packages/com.unity.services.core/Runtime/Analytics/Unity.Services.Core.Analytics.asmdef)
Required property 'name' not set (Packages/com.unity.services.core/Runtime/Registration/Unity.Services.Core.Registration.asmdef)
Required property 'name' not set (Packages/com.unity.services.core/Runtime/Environments/Unity.Services.Core.Environments.asmdef)
Required property 'name' not set (Packages/com.unity.services.core/Runtime/Scheduler/Unity.Services.Core.Scheduler.asmdef)
Required property 'name' not set (Packages/com.unity.services.core/Runtime/Environments/Internal/Unity.Services.Core.Environments.Internal.asmdef)
Required property 'name' not set (Packages/com.unity.collab-proxy/Editor/Collaborate/Unity.CollabProxy.Editor.asmdef)
Required property 'name' not set (Packages/com.unity.collab-proxy/Tests/Editor/Collaborate/Unity.CollabProxy.EditorTests.asmdef)
Required property 'name' not set (Packages/com.unity.services.core/Runtime/Threading/Unity.Services.Core.Threading.asmdef)
Required property 'name' not set (Packages/com.unity.collab-proxy/Tests/Editor/PlasticSCM/Unity.PlasticSCM.EditorTests.asmdef)
Required property 'name' not set (Packages/com.unity.services.core/Runtime/Device/Unity.Services.Core.Device.asmdef)
Mono: successfully reloaded assembly
- Completed reload, in  0.789 seconds
Domain Reload Profiling:
	ReloadAssembly (789ms)
		BeginReloadAssembly (137ms)
			ExecutionOrderSort (0ms)
			DisableScriptedObjects (3ms)
			BackupInstance (0ms)
			ReleaseScriptingObjects (0ms)
			CreateAndSetChildDomain (28ms)
		EndReloadAssembly (566ms)
			LoadAssemblies (95ms)
			RebuildTransferFunctionScriptingTraits (0ms)
			SetupTypeCache (183ms)
			ReleaseScriptCaches (1ms)
			RebuildScriptCaches (28ms)
			SetupLoadedEditorAssemblies (249ms)
				LogAssemblyErrors (0ms)
				InitializePlatformSupportModulesInManaged (6ms)
				SetLoadedEditorAssemblies (0ms)
				RefreshPlugins (0ms)
				BeforeProcessingInitializeOnLoad (75ms)
				ProcessInitializeOnLoadAttributes (141ms)
				ProcessInitializeOnLoadMethodAttributes (13ms)
				AfterProcessingInitializeOnLoad (12ms)
				EditorAssembliesLoaded (0ms)
			ExecutionOrderSort2 (0ms)
			AwakeInstancesAfterBackupRestoration (7ms)
Platform modules already initialized, skipping
Refreshing native plugins compatible for Editor in 1.63 ms, found 3 plugins.
Preloading 0 native plugins for Editor in 0.00 ms.
Unloading 3041 Unused Serialized files (Serialized files now loaded: 0)
Unloading 15 unused Assets / (24.6 KB). Loaded Objects now: 3593.
Memory consumption went from 116.7 MB to 116.7 MB.
Total: 2.298600 ms (FindLiveObjects: 0.165200 ms CreateObjectMapping: 0.079100 ms MarkObjects: 2.030600 ms  DeleteObjects: 0.022700 ms)

AssetImportParameters requested are different than current active one (requested -> active):
  custom:video-decoder-ogg-theora: a1e56fd34408186e4bbccfd4996cb3dc -> 
  custom:container-muxer-webm: aa71ff27fc2769a1b78a27578f13a17b -> 
  custom:container-demuxer-webm: 4f35f7cbe854078d1ac9338744f61a02 -> 
  custom:video-encoder-webm-vp8: eb34c28f22e8b96e1ab97ce403110664 -> 
  custom:video-codec-MediaFoundation-h265: 746d11721c4dcdbdad8f713fa42b33f4 -> 
  custom:audio-encoder-webm-vorbis: bf7c407c2cedff20999df2af8eb42d56 -> 
  custom:framework-win-MediaFoundation: 216162199b28c13a410421893ffa2e32 -> 
  custom:container-demuxer-ogg: 62fdf1f143b41e24485cea50d1cbac27 -> 
  custom:video-decoder-webm-vp8: 9c59270c3fd7afecdb556c50c9e8de78 -> 
  custom:audio-decoder-ogg-vorbis: bf7c407c2cedff20999df2af8eb42d56 -> 
========================================================================
Received Prepare
Registering precompiled user dll's ...
Registered in 0.025162 seconds.
Required property 'name' not set (Packages/com.unity.services.core/Runtime/Telemetry/Unity.Services.Core.Telemetry.asmdef)
Required property 'name' not set (Packages/com.unity.services.core/Runtime/Networking/Unity.Services.Core.Networking.asmdef)
Required property 'name' not set (Packages/com.unity.services.core/Runtime/Core.Internal/Unity.Services.Core.Internal.asmdef)
Required property 'name' not set (Packages/com.unity.services.core/Runtime/Configuration/Unity.Services.Core.Configuration.asmdef)
Required property 'name' not set (Packages/com.unity.services.core/Runtime/Core/Unity.Services.Core.asmdef)
Required property 'name' not set (Packages/com.unity.services.core/Editor/Core/Unity.Services.Core.Editor.asmdef)
Required property 'name' not set (Packages/com.unity.services.core/Editor/Core/Configuration/Unity.Services.Core.Configuration.Editor.asmdef)
Required property 'name' not set (Packages/com.unity.services.core/Runtime/Analytics/Unity.Services.Core.Analytics.asmdef)
Required property 'name' not set (Packages/com.unity.services.core/Runtime/Registration/Unity.Services.Core.Registration.asmdef)
Required property 'name' not set (Packages/com.unity.services.core/Runtime/Environments/Unity.Services.Core.Environments.asmdef)
Required property 'name' not set (Packages/com.unity.services.core/Runtime/Scheduler/Unity.Services.Core.Scheduler.asmdef)
Required property 'name' not set (Packages/com.unity.services.core/Runtime/Environments/Internal/Unity.Services.Core.Environments.Internal.asmdef)
Required property 'name' not set (Packages/com.unity.collab-proxy/Editor/Collaborate/Unity.CollabProxy.Editor.asmdef)
Required property 'name' not set (Packages/com.unity.collab-proxy/Tests/Editor/Collaborate/Unity.CollabProxy.EditorTests.asmdef)
Required property 'name' not set (Packages/com.unity.services.core/Runtime/Threading/Unity.Services.Core.Threading.asmdef)
Required property 'name' not set (Packages/com.unity.collab-proxy/Tests/Editor/PlasticSCM/Unity.PlasticSCM.EditorTests.asmdef)
Required property 'name' not set (Packages/com.unity.services.core/Runtime/Device/Unity.Services.Core.Device.asmdef)
Required property 'name' not set (Packages/com.unity.services.core/Runtime/Telemetry/Unity.Services.Core.Telemetry.asmdef)
Required property 'name' not set (Packages/com.unity.services.core/Runtime/Networking/Unity.Services.Core.Networking.asmdef)
Required property 'name' not set (Packages/com.unity.services.core/Runtime/Core.Internal/Unity.Services.Core.Internal.asmdef)
Required property 'name' not set (Packages/com.unity.services.core/Runtime/Configuration/Unity.Services.Core.Configuration.asmdef)
Required property 'name' not set (Packages/com.unity.services.core/Runtime/Core/Unity.Services.Core.asmdef)
Required property 'name' not set (Packages/com.unity.services.core/Editor/Core/Unity.Services.Core.Editor.asmdef)
Required property 'name' not set (Packages/com.unity.services.core/Editor/Core/Configuration/Unity.Services.Core.Configuration.Editor.asmdef)
Required property 'name' not set (Packages/com.unity.services.core/Runtime/Analytics/Unity.Services.Core.Analytics.asmdef)
Required property 'name' not set (Packages/com.unity.services.core/Runtime/Registration/Unity.Services.Core.Registration.asmdef)
Required property 'name' not set (Packages/com.unity.services.core/Runtime/Environments/Unity.Services.Core.Environments.asmdef)
Required property 'name' not set (Packages/com.unity.services.core/Runtime/Scheduler/Unity.Services.Core.Scheduler.asmdef)
Required property 'name' not set (Packages/com.unity.services.core/Runtime/Environments/Internal/Unity.Services.Core.Environments.Internal.asmdef)
Required property 'name' not set (Packages/com.unity.collab-proxy/Editor/Collaborate/Unity.CollabProxy.Editor.asmdef)
Required property 'name' not set (Packages/com.unity.collab-proxy/Tests/Editor/Collaborate/Unity.CollabProxy.EditorTests.asmdef)
Required property 'name' not set (Packages/com.unity.services.core/Runtime/Threading/Unity.Services.Core.Threading.asmdef)
Required property 'name' not set (Packages/com.unity.collab-proxy/Tests/Editor/PlasticSCM/Unity.PlasticSCM.EditorTests.asmdef)
Required property 'name' not set (Packages/com.unity.services.core/Runtime/Device/Unity.Services.Core.Device.asmdef)
Begin MonoManager ReloadAssembly
Symbol file LoadedFromMemory doesn't match image C:\Users\a0108\OneDrive\바탕 화면\sokovan\Library\PackageCache\com.unity.visualscripting@1.8.0\Editor\VisualScripting.Core\Dependencies\YamlDotNet\Unity.VisualScripting.YamlDotNet.dll
Symbol file LoadedFromMemory doesn't match image C:\Users\a0108\OneDrive\바탕 화면\sokovan\Library\PackageCache\com.unity.visualscripting@1.8.0\Editor\VisualScripting.Core\Dependencies\DotNetZip\Unity.VisualScripting.IonicZip.dll
Native extension for WindowsStandalone target not found
Native extension for WebGL target not found
Refreshing native plugins compatible for Editor in 0.40 ms, found 3 plugins.
Preloading 0 native plugins for Editor in 0.00 ms.
Required property 'name' not set (Packages/com.unity.services.core/Runtime/Telemetry/Unity.Services.Core.Telemetry.asmdef)
Required property 'name' not set (Packages/com.unity.services.core/Runtime/Networking/Unity.Services.Core.Networking.asmdef)
Required property 'name' not set (Packages/com.unity.services.core/Runtime/Core.Internal/Unity.Services.Core.Internal.asmdef)
Required property 'name' not set (Packages/com.unity.services.core/Runtime/Configuration/Unity.Services.Core.Configuration.asmdef)
Required property 'name' not set (Packages/com.unity.services.core/Runtime/Core/Unity.Services.Core.asmdef)
Required property 'name' not set (Packages/com.unity.services.core/Editor/Core/Unity.Services.Core.Editor.asmdef)
Required property 'name' not set (Packages/com.unity.services.core/Editor/Core/Configuration/Unity.Services.Core.Configuration.Editor.asmdef)
Required property 'name' not set (Packages/com.unity.services.core/Runtime/Analytics/Unity.Services.Core.Analytics.asmdef)
Required property 'name' not set (Packages/com.unity.services.core/Runtime/Registration/Unity.Services.Core.Registration.asmdef)
Required property 'name' not set (Packages/com.unity.services.core/Runtime/Environments/Unity.Services.Core.Environments.asmdef)
Required property 'name' not set (Packages/com.unity.services.core/Runtime/Scheduler/Unity.Services.Core.Scheduler.asmdef)
Required property 'name' not set (Packages/com.unity.services.core/Runtime/Environments/Internal/Unity.Services.Core.Environments.Internal.asmdef)
Required property 'name' not set (Packages/com.unity.collab-proxy/Editor/Collaborate/Unity.CollabProxy.Editor.asmdef)
Required property 'name' not set (Packages/com.unity.collab-proxy/Tests/Editor/Collaborate/Unity.CollabProxy.EditorTests.asmdef)
Required property 'name' not set (Packages/com.unity.services.core/Runtime/Threading/Unity.Services.Core.Threading.asmdef)
Required property 'name' not set (Packages/com.unity.collab-proxy/Tests/Editor/PlasticSCM/Unity.PlasticSCM.EditorTests.asmdef)
Required property 'name' not set (Packages/com.unity.services.core/Runtime/Device/Unity.Services.Core.Device.asmdef)
Mono: successfully reloaded assembly
- Completed reload, in  0.973 seconds
Domain Reload Profiling:
	ReloadAssembly (974ms)
		BeginReloadAssembly (145ms)
			ExecutionOrderSort (0ms)
			DisableScriptedObjects (5ms)
			BackupInstance (0ms)
			ReleaseScriptingObjects (0ms)
			CreateAndSetChildDomain (29ms)
		EndReloadAssembly (737ms)
			LoadAssemblies (122ms)
			RebuildTransferFunctionScriptingTraits (0ms)
			SetupTypeCache (228ms)
			ReleaseScriptCaches (1ms)
			RebuildScriptCaches (30ms)
			SetupLoadedEditorAssemblies (314ms)
				LogAssemblyErrors (0ms)
				InitializePlatformSupportModulesInManaged (8ms)
				SetLoadedEditorAssemblies (1ms)
				RefreshPlugins (1ms)
				BeforeProcessingInitializeOnLoad (137ms)
				ProcessInitializeOnLoadAttributes (144ms)
				ProcessInitializeOnLoadMethodAttributes (12ms)
				AfterProcessingInitializeOnLoad (12ms)
				EditorAssembliesLoaded (0ms)
			ExecutionOrderSort2 (0ms)
			AwakeInstancesAfterBackupRestoration (7ms)
Platform modules already initialized, skipping
Refreshing native plugins compatible for Editor in 1.66 ms, found 3 plugins.
Preloading 0 native plugins for Editor in 0.00 ms.
Unloading 3041 Unused Serialized files (Serialized files now loaded: 0)
Unloading 15 unused Assets / (24.8 KB). Loaded Objects now: 3596.
Memory consumption went from 116.7 MB to 116.7 MB.
Total: 2.447600 ms (FindLiveObjects: 0.193900 ms CreateObjectMapping: 0.077200 ms MarkObjects: 2.154300 ms  DeleteObjects: 0.021100 ms)

AssetImportParameters requested are different than current active one (requested -> active):
  custom:video-decoder-ogg-theora: a1e56fd34408186e4bbccfd4996cb3dc -> 
  custom:container-muxer-webm: aa71ff27fc2769a1b78a27578f13a17b -> 
  custom:container-demuxer-webm: 4f35f7cbe854078d1ac9338744f61a02 -> 
  custom:video-encoder-webm-vp8: eb34c28f22e8b96e1ab97ce403110664 -> 
  custom:video-codec-MediaFoundation-h265: 746d11721c4dcdbdad8f713fa42b33f4 -> 
  custom:audio-encoder-webm-vorbis: bf7c407c2cedff20999df2af8eb42d56 -> 
  custom:framework-win-MediaFoundation: 216162199b28c13a410421893ffa2e32 -> 
  custom:container-demuxer-ogg: 62fdf1f143b41e24485cea50d1cbac27 -> 
  custom:video-decoder-webm-vp8: 9c59270c3fd7afecdb556c50c9e8de78 -> 
  custom:audio-decoder-ogg-vorbis: bf7c407c2cedff20999df2af8eb42d56 -> 
========================================================================
Received Prepare
Registering precompiled user dll's ...
Registered in 0.011579 seconds.
Required property 'name' not set (Packages/com.unity.services.core/Runtime/Telemetry/Unity.Services.Core.Telemetry.asmdef)
Required property 'name' not set (Packages/com.unity.services.core/Runtime/Networking/Unity.Services.Core.Networking.asmdef)
Required property 'name' not set (Packages/com.unity.services.core/Runtime/Core.Internal/Unity.Services.Core.Internal.asmdef)
Required property 'name' not set (Packages/com.unity.services.core/Runtime/Configuration/Unity.Services.Core.Configuration.asmdef)
Required property 'name' not set (Packages/com.unity.services.core/Runtime/Core/Unity.Services.Core.asmdef)
Required property 'name' not set (Packages/com.unity.services.core/Editor/Core/Unity.Services.Core.Editor.asmdef)
Required property 'name' not set (Packages/com.unity.services.core/Editor/Core/Configuration/Unity.Services.Core.Configuration.Editor.asmdef)
Required property 'name' not set (Packages/com.unity.services.core/Runtime/Analytics/Unity.Services.Core.Analytics.asmdef)
Required property 'name' not set (Packages/com.unity.services.core/Runtime/Registration/Unity.Services.Core.Registration.asmdef)
Required property 'name' not set (Packages/com.unity.services.core/Runtime/Environments/Unity.Services.Core.Environments.asmdef)
Required property 'name' not set (Packages/com.unity.services.core/Runtime/Scheduler/Unity.Services.Core.Scheduler.asmdef)
Required property 'name' not set (Packages/com.unity.services.core/Runtime/Environments/Internal/Unity.Services.Core.Environments.Internal.asmdef)
Required property 'name' not set (Packages/com.unity.collab-proxy/Editor/Collaborate/Unity.CollabProxy.Editor.asmdef)
Required property 'name' not set (Packages/com.unity.collab-proxy/Tests/Editor/Collaborate/Unity.CollabProxy.EditorTests.asmdef)
Required property 'name' not set (Packages/com.unity.services.core/Runtime/Threading/Unity.Services.Core.Threading.asmdef)
Required property 'name' not set (Packages/com.unity.collab-proxy/Tests/Editor/PlasticSCM/Unity.PlasticSCM.EditorTests.asmdef)
Required property 'name' not set (Packages/com.unity.services.core/Runtime/Device/Unity.Services.Core.Device.asmdef)
Required property 'name' not set (Packages/com.unity.services.core/Runtime/Telemetry/Unity.Services.Core.Telemetry.asmdef)
Required property 'name' not set (Packages/com.unity.services.core/Runtime/Networking/Unity.Services.Core.Networking.asmdef)
Required property 'name' not set (Packages/com.unity.services.core/Runtime/Core.Internal/Unity.Services.Core.Internal.asmdef)
Required property 'name' not set (Packages/com.unity.services.core/Runtime/Configuration/Unity.Services.Core.Configuration.asmdef)
Required property 'name' not set (Packages/com.unity.services.core/Runtime/Core/Unity.Services.Core.asmdef)
Required property 'name' not set (Packages/com.unity.services.core/Editor/Core/Unity.Services.Core.Editor.asmdef)
Required property 'name' not set (Packages/com.unity.services.core/Editor/Core/Configuration/Unity.Services.Core.Configuration.Editor.asmdef)
Required property 'name' not set (Packages/com.unity.services.core/Runtime/Analytics/Unity.Services.Core.Analytics.asmdef)
Required property 'name' not set (Packages/com.unity.services.core/Runtime/Registration/Unity.Services.Core.Registration.asmdef)
Required property 'name' not set (Packages/com.unity.services.core/Runtime/Environments/Unity.Services.Core.Environments.asmdef)
Required property 'name' not set (Packages/com.unity.services.core/Runtime/Scheduler/Unity.Services.Core.Scheduler.asmdef)
Required property 'name' not set (Packages/com.unity.services.core/Runtime/Environments/Internal/Unity.Services.Core.Environments.Internal.asmdef)
Required property 'name' not set (Packages/com.unity.collab-proxy/Editor/Collaborate/Unity.CollabProxy.Editor.asmdef)
Required property 'name' not set (Packages/com.unity.collab-proxy/Tests/Editor/Collaborate/Unity.CollabProxy.EditorTests.asmdef)
Required property 'name' not set (Packages/com.unity.services.core/Runtime/Threading/Unity.Services.Core.Threading.asmdef)
Required property 'name' not set (Packages/com.unity.collab-proxy/Tests/Editor/PlasticSCM/Unity.PlasticSCM.EditorTests.asmdef)
Required property 'name' not set (Packages/com.unity.services.core/Runtime/Device/Unity.Services.Core.Device.asmdef)
Begin MonoManager ReloadAssembly
Symbol file LoadedFromMemory doesn't match image C:\Users\a0108\OneDrive\바탕 화면\sokovan\Library\PackageCache\com.unity.visualscripting@1.8.0\Editor\VisualScripting.Core\Dependencies\YamlDotNet\Unity.VisualScripting.YamlDotNet.dll
Symbol file LoadedFromMemory doesn't match image C:\Users\a0108\OneDrive\바탕 화면\sokovan\Library\PackageCache\com.unity.visualscripting@1.8.0\Editor\VisualScripting.Core\Dependencies\DotNetZip\Unity.VisualScripting.IonicZip.dll
Native extension for WindowsStandalone target not found
Native extension for WebGL target not found
Refreshing native plugins compatible for Editor in 0.72 ms, found 3 plugins.
Preloading 0 native plugins for Editor in 0.00 ms.
Required property 'name' not set (Packages/com.unity.services.core/Runtime/Telemetry/Unity.Services.Core.Telemetry.asmdef)
Required property 'name' not set (Packages/com.unity.services.core/Runtime/Networking/Unity.Services.Core.Networking.asmdef)
Required property 'name' not set (Packages/com.unity.services.core/Runtime/Core.Internal/Unity.Services.Core.Internal.asmdef)
Required property 'name' not set (Packages/com.unity.services.core/Runtime/Configuration/Unity.Services.Core.Configuration.asmdef)
Required property 'name' not set (Packages/com.unity.services.core/Runtime/Core/Unity.Services.Core.asmdef)
Required property 'name' not set (Packages/com.unity.services.core/Editor/Core/Unity.Services.Core.Editor.asmdef)
Required property 'name' not set (Packages/com.unity.services.core/Editor/Core/Configuration/Unity.Services.Core.Configuration.Editor.asmdef)
Required property 'name' not set (Packages/com.unity.services.core/Runtime/Analytics/Unity.Services.Core.Analytics.asmdef)
Required property 'name' not set (Packages/com.unity.services.core/Runtime/Registration/Unity.Services.Core.Registration.asmdef)
Required property 'name' not set (Packages/com.unity.services.core/Runtime/Environments/Unity.Services.Core.Environments.asmdef)
Required property 'name' not set (Packages/com.unity.services.core/Runtime/Scheduler/Unity.Services.Core.Scheduler.asmdef)
Required property 'name' not set (Packages/com.unity.services.core/Runtime/Environments/Internal/Unity.Services.Core.Environments.Internal.asmdef)
Required property 'name' not set (Packages/com.unity.collab-proxy/Editor/Collaborate/Unity.CollabProxy.Editor.asmdef)
Required property 'name' not set (Packages/com.unity.collab-proxy/Tests/Editor/Collaborate/Unity.CollabProxy.EditorTests.asmdef)
Required property 'name' not set (Packages/com.unity.services.core/Runtime/Threading/Unity.Services.Core.Threading.asmdef)
Required property 'name' not set (Packages/com.unity.collab-proxy/Tests/Editor/PlasticSCM/Unity.PlasticSCM.EditorTests.asmdef)
Required property 'name' not set (Packages/com.unity.services.core/Runtime/Device/Unity.Services.Core.Device.asmdef)
Mono: successfully reloaded assembly
- Completed reload, in  1.671 seconds
Domain Reload Profiling:
	ReloadAssembly (1672ms)
		BeginReloadAssembly (152ms)
			ExecutionOrderSort (0ms)
			DisableScriptedObjects (5ms)
			BackupInstance (0ms)
			ReleaseScriptingObjects (0ms)
			CreateAndSetChildDomain (23ms)
		EndReloadAssembly (1430ms)
			LoadAssemblies (119ms)
			RebuildTransferFunctionScriptingTraits (0ms)
			SetupTypeCache (393ms)
			ReleaseScriptCaches (1ms)
			RebuildScriptCaches (78ms)
			SetupLoadedEditorAssemblies (680ms)
				LogAssemblyErrors (0ms)
				InitializePlatformSupportModulesInManaged (16ms)
				SetLoadedEditorAssemblies (1ms)
				RefreshPlugins (1ms)
				BeforeProcessingInitializeOnLoad (188ms)
				ProcessInitializeOnLoadAttributes (396ms)
				ProcessInitializeOnLoadMethodAttributes (53ms)
				AfterProcessingInitializeOnLoad (25ms)
				EditorAssembliesLoaded (0ms)
			ExecutionOrderSort2 (0ms)
			AwakeInstancesAfterBackupRestoration (24ms)
Platform modules already initialized, skipping
Refreshing native plugins compatible for Editor in 8.54 ms, found 3 plugins.
Preloading 0 native plugins for Editor in 0.00 ms.
Unloading 3041 Unused Serialized files (Serialized files now loaded: 0)
Unloading 15 unused Assets / (24.8 KB). Loaded Objects now: 3599.
Memory consumption went from 116.7 MB to 116.7 MB.
Total: 3.620000 ms (FindLiveObjects: 0.225100 ms CreateObjectMapping: 0.088200 ms MarkObjects: 3.243400 ms  DeleteObjects: 0.061300 ms)

AssetImportParameters requested are different than current active one (requested -> active):
  custom:video-decoder-ogg-theora: a1e56fd34408186e4bbccfd4996cb3dc -> 
  custom:container-muxer-webm: aa71ff27fc2769a1b78a27578f13a17b -> 
  custom:container-demuxer-webm: 4f35f7cbe854078d1ac9338744f61a02 -> 
  custom:video-encoder-webm-vp8: eb34c28f22e8b96e1ab97ce403110664 -> 
  custom:video-codec-MediaFoundation-h265: 746d11721c4dcdbdad8f713fa42b33f4 -> 
  custom:audio-encoder-webm-vorbis: bf7c407c2cedff20999df2af8eb42d56 -> 
  custom:framework-win-MediaFoundation: 216162199b28c13a410421893ffa2e32 -> 
  custom:container-demuxer-ogg: 62fdf1f143b41e24485cea50d1cbac27 -> 
  custom:video-decoder-webm-vp8: 9c59270c3fd7afecdb556c50c9e8de78 -> 
  custom:audio-decoder-ogg-vorbis: bf7c407c2cedff20999df2af8eb42d56 -> 
========================================================================
Received Prepare
Registering precompiled user dll's ...
Registered in 0.010332 seconds.
Required property 'name' not set (Packages/com.unity.services.core/Runtime/Telemetry/Unity.Services.Core.Telemetry.asmdef)
Required property 'name' not set (Packages/com.unity.services.core/Runtime/Networking/Unity.Services.Core.Networking.asmdef)
Required property 'name' not set (Packages/com.unity.services.core/Runtime/Core.Internal/Unity.Services.Core.Internal.asmdef)
Required property 'name' not set (Packages/com.unity.services.core/Runtime/Configuration/Unity.Services.Core.Configuration.asmdef)
Required property 'name' not set (Packages/com.unity.services.core/Runtime/Core/Unity.Services.Core.asmdef)
Required property 'name' not set (Packages/com.unity.services.core/Editor/Core/Unity.Services.Core.Editor.asmdef)
Required property 'name' not set (Packages/com.unity.services.core/Editor/Core/Configuration/Unity.Services.Core.Configuration.Editor.asmdef)
Required property 'name' not set (Packages/com.unity.services.core/Runtime/Analytics/Unity.Services.Core.Analytics.asmdef)
Required property 'name' not set (Packages/com.unity.services.core/Runtime/Registration/Unity.Services.Core.Registration.asmdef)
Required property 'name' not set (Packages/com.unity.services.core/Runtime/Environments/Unity.Services.Core.Environments.asmdef)
Required property 'name' not set (Packages/com.unity.services.core/Runtime/Scheduler/Unity.Services.Core.Scheduler.asmdef)
Required property 'name' not set (Packages/com.unity.services.core/Runtime/Environments/Internal/Unity.Services.Core.Environments.Internal.asmdef)
Required property 'name' not set (Packages/com.unity.collab-proxy/Editor/Collaborate/Unity.CollabProxy.Editor.asmdef)
Required property 'name' not set (Packages/com.unity.collab-proxy/Tests/Editor/Collaborate/Unity.CollabProxy.EditorTests.asmdef)
Required property 'name' not set (Packages/com.unity.services.core/Runtime/Threading/Unity.Services.Core.Threading.asmdef)
Required property 'name' not set (Packages/com.unity.collab-proxy/Tests/Editor/PlasticSCM/Unity.PlasticSCM.EditorTests.asmdef)
Required property 'name' not set (Packages/com.unity.services.core/Runtime/Device/Unity.Services.Core.Device.asmdef)
Required property 'name' not set (Packages/com.unity.services.core/Runtime/Telemetry/Unity.Services.Core.Telemetry.asmdef)
Required property 'name' not set (Packages/com.unity.services.core/Runtime/Networking/Unity.Services.Core.Networking.asmdef)
Required property 'name' not set (Packages/com.unity.services.core/Runtime/Core.Internal/Unity.Services.Core.Internal.asmdef)
Required property 'name' not set (Packages/com.unity.services.core/Runtime/Configuration/Unity.Services.Core.Configuration.asmdef)
Required property 'name' not set (Packages/com.unity.services.core/Runtime/Core/Unity.Services.Core.asmdef)
Required property 'name' not set (Packages/com.unity.services.core/Editor/Core/Unity.Services.Core.Editor.asmdef)
Required property 'name' not set (Packages/com.unity.services.core/Editor/Core/Configuration/Unity.Services.Core.Configuration.Editor.asmdef)
Required property 'name' not set (Packages/com.unity.services.core/Runtime/Analytics/Unity.Services.Core.Analytics.asmdef)
Required property 'name' not set (Packages/com.unity.services.core/Runtime/Registration/Unity.Services.Core.Registration.asmdef)
Required property 'name' not set (Packages/com.unity.services.core/Runtime/Environments/Unity.Services.Core.Environments.asmdef)
Required property 'name' not set (Packages/com.unity.services.core/Runtime/Scheduler/Unity.Services.Core.Scheduler.asmdef)
Required property 'name' not set (Packages/com.unity.services.core/Runtime/Environments/Internal/Unity.Services.Core.Environments.Internal.asmdef)
Required property 'name' not set (Packages/com.unity.collab-proxy/Editor/Collaborate/Unity.CollabProxy.Editor.asmdef)
Required property 'name' not set (Packages/com.unity.collab-proxy/Tests/Editor/Collaborate/Unity.CollabProxy.EditorTests.asmdef)
Required property 'name' not set (Packages/com.unity.services.core/Runtime/Threading/Unity.Services.Core.Threading.asmdef)
Required property 'name' not set (Packages/com.unity.collab-proxy/Tests/Editor/PlasticSCM/Unity.PlasticSCM.EditorTests.asmdef)
Required property 'name' not set (Packages/com.unity.services.core/Runtime/Device/Unity.Services.Core.Device.asmdef)
Begin MonoManager ReloadAssembly
Symbol file LoadedFromMemory doesn't match image C:\Users\a0108\OneDrive\바탕 화면\sokovan\Library\PackageCache\com.unity.visualscripting@1.8.0\Editor\VisualScripting.Core\Dependencies\YamlDotNet\Unity.VisualScripting.YamlDotNet.dll
Symbol file LoadedFromMemory doesn't match image C:\Users\a0108\OneDrive\바탕 화면\sokovan\Library\PackageCache\com.unity.visualscripting@1.8.0\Editor\VisualScripting.Core\Dependencies\DotNetZip\Unity.VisualScripting.IonicZip.dll
Native extension for WindowsStandalone target not found
Native extension for WebGL target not found
Refreshing native plugins compatible for Editor in 1.80 ms, found 3 plugins.
Preloading 0 native plugins for Editor in 0.00 ms.
Required property 'name' not set (Packages/com.unity.services.core/Runtime/Telemetry/Unity.Services.Core.Telemetry.asmdef)
Required property 'name' not set (Packages/com.unity.services.core/Runtime/Networking/Unity.Services.Core.Networking.asmdef)
Required property 'name' not set (Packages/com.unity.services.core/Runtime/Core.Internal/Unity.Services.Core.Internal.asmdef)
Required property 'name' not set (Packages/com.unity.services.core/Runtime/Configuration/Unity.Services.Core.Configuration.asmdef)
Required property 'name' not set (Packages/com.unity.services.core/Runtime/Core/Unity.Services.Core.asmdef)
Required property 'name' not set (Packages/com.unity.services.core/Editor/Core/Unity.Services.Core.Editor.asmdef)
Required property 'name' not set (Packages/com.unity.services.core/Editor/Core/Configuration/Unity.Services.Core.Configuration.Editor.asmdef)
Required property 'name' not set (Packages/com.unity.services.core/Runtime/Analytics/Unity.Services.Core.Analytics.asmdef)
Required property 'name' not set (Packages/com.unity.services.core/Runtime/Registration/Unity.Services.Core.Registration.asmdef)
Required property 'name' not set (Packages/com.unity.services.core/Runtime/Environments/Unity.Services.Core.Environments.asmdef)
Required property 'name' not set (Packages/com.unity.services.core/Runtime/Scheduler/Unity.Services.Core.Scheduler.asmdef)
Required property 'name' not set (Packages/com.unity.services.core/Runtime/Environments/Internal/Unity.Services.Core.Environments.Internal.asmdef)
Required property 'name' not set (Packages/com.unity.collab-proxy/Editor/Collaborate/Unity.CollabProxy.Editor.asmdef)
Required property 'name' not set (Packages/com.unity.collab-proxy/Tests/Editor/Collaborate/Unity.CollabProxy.EditorTests.asmdef)
Required property 'name' not set (Packages/com.unity.services.core/Runtime/Threading/Unity.Services.Core.Threading.asmdef)
Required property 'name' not set (Packages/com.unity.collab-proxy/Tests/Editor/PlasticSCM/Unity.PlasticSCM.EditorTests.asmdef)
Required property 'name' not set (Packages/com.unity.services.core/Runtime/Device/Unity.Services.Core.Device.asmdef)
Mono: successfully reloaded assembly
- Completed reload, in  2.872 seconds
Domain Reload Profiling:
	ReloadAssembly (2875ms)
		BeginReloadAssembly (203ms)
			ExecutionOrderSort (0ms)
			DisableScriptedObjects (5ms)
			BackupInstance (0ms)
			ReleaseScriptingObjects (0ms)
			CreateAndSetChildDomain (33ms)
		EndReloadAssembly (2399ms)
			LoadAssemblies (265ms)
			RebuildTransferFunctionScriptingTraits (0ms)
			SetupTypeCache (802ms)
			ReleaseScriptCaches (2ms)
			RebuildScriptCaches (102ms)
			SetupLoadedEditorAssemblies (1022ms)
				LogAssemblyErrors (0ms)
				InitializePlatformSupportModulesInManaged (25ms)
				SetLoadedEditorAssemblies (1ms)
				RefreshPlugins (2ms)
				BeforeProcessingInitializeOnLoad (287ms)
				ProcessInitializeOnLoadAttributes (583ms)
				ProcessInitializeOnLoadMethodAttributes (66ms)
				AfterProcessingInitializeOnLoad (57ms)
				EditorAssembliesLoaded (0ms)
			ExecutionOrderSort2 (0ms)
			AwakeInstancesAfterBackupRestoration (17ms)
Platform modules already initialized, skipping
Refreshing native plugins compatible for Editor in 4.96 ms, found 3 plugins.
Preloading 0 native plugins for Editor in 0.00 ms.
Unloading 3041 Unused Serialized files (Serialized files now loaded: 0)
Unloading 15 unused Assets / (24.7 KB). Loaded Objects now: 3602.
Memory consumption went from 116.7 MB to 116.7 MB.
Total: 6.381400 ms (FindLiveObjects: 0.248000 ms CreateObjectMapping: 0.124300 ms MarkObjects: 5.967200 ms  DeleteObjects: 0.040100 ms)

AssetImportParameters requested are different than current active one (requested -> active):
  custom:video-decoder-ogg-theora: a1e56fd34408186e4bbccfd4996cb3dc -> 
  custom:container-muxer-webm: aa71ff27fc2769a1b78a27578f13a17b -> 
  custom:container-demuxer-webm: 4f35f7cbe854078d1ac9338744f61a02 -> 
  custom:video-encoder-webm-vp8: eb34c28f22e8b96e1ab97ce403110664 -> 
  custom:video-codec-MediaFoundation-h265: 746d11721c4dcdbdad8f713fa42b33f4 -> 
  custom:audio-encoder-webm-vorbis: bf7c407c2cedff20999df2af8eb42d56 -> 
  custom:framework-win-MediaFoundation: 216162199b28c13a410421893ffa2e32 -> 
  custom:container-demuxer-ogg: 62fdf1f143b41e24485cea50d1cbac27 -> 
  custom:video-decoder-webm-vp8: 9c59270c3fd7afecdb556c50c9e8de78 -> 
  custom:audio-decoder-ogg-vorbis: bf7c407c2cedff20999df2af8eb42d56 -> 
========================================================================
Received Prepare
Registering precompiled user dll's ...
Registered in 0.024411 seconds.
Required property 'name' not set (Packages/com.unity.services.core/Runtime/Telemetry/Unity.Services.Core.Telemetry.asmdef)
Required property 'name' not set (Packages/com.unity.services.core/Runtime/Networking/Unity.Services.Core.Networking.asmdef)
Required property 'name' not set (Packages/com.unity.services.core/Runtime/Core.Internal/Unity.Services.Core.Internal.asmdef)
Required property 'name' not set (Packages/com.unity.services.core/Runtime/Configuration/Unity.Services.Core.Configuration.asmdef)
Required property 'name' not set (Packages/com.unity.services.core/Runtime/Core/Unity.Services.Core.asmdef)
Required property 'name' not set (Packages/com.unity.services.core/Editor/Core/Unity.Services.Core.Editor.asmdef)
Required property 'name' not set (Packages/com.unity.services.core/Editor/Core/Configuration/Unity.Services.Core.Configuration.Editor.asmdef)
Required property 'name' not set (Packages/com.unity.services.core/Runtime/Analytics/Unity.Services.Core.Analytics.asmdef)
Required property 'name' not set (Packages/com.unity.services.core/Runtime/Registration/Unity.Services.Core.Registration.asmdef)
Required property 'name' not set (Packages/com.unity.services.core/Runtime/Environments/Unity.Services.Core.Environments.asmdef)
Required property 'name' not set (Packages/com.unity.services.core/Runtime/Scheduler/Unity.Services.Core.Scheduler.asmdef)
Required property 'name' not set (Packages/com.unity.services.core/Runtime/Environments/Internal/Unity.Services.Core.Environments.Internal.asmdef)
Required property 'name' not set (Packages/com.unity.collab-proxy/Editor/Collaborate/Unity.CollabProxy.Editor.asmdef)
Required property 'name' not set (Packages/com.unity.collab-proxy/Tests/Editor/Collaborate/Unity.CollabProxy.EditorTests.asmdef)
Required property 'name' not set (Packages/com.unity.services.core/Runtime/Threading/Unity.Services.Core.Threading.asmdef)
Required property 'name' not set (Packages/com.unity.collab-proxy/Tests/Editor/PlasticSCM/Unity.PlasticSCM.EditorTests.asmdef)
Required property 'name' not set (Packages/com.unity.services.core/Runtime/Device/Unity.Services.Core.Device.asmdef)
Required property 'name' not set (Packages/com.unity.services.core/Runtime/Telemetry/Unity.Services.Core.Telemetry.asmdef)
Required property 'name' not set (Packages/com.unity.services.core/Runtime/Networking/Unity.Services.Core.Networking.asmdef)
Required property 'name' not set (Packages/com.unity.services.core/Runtime/Core.Internal/Unity.Services.Core.Internal.asmdef)
Required property 'name' not set (Packages/com.unity.services.core/Runtime/Configuration/Unity.Services.Core.Configuration.asmdef)
Required property 'name' not set (Packages/com.unity.services.core/Runtime/Core/Unity.Services.Core.asmdef)
Required property 'name' not set (Packages/com.unity.services.core/Editor/Core/Unity.Services.Core.Editor.asmdef)
Required property 'name' not set (Packages/com.unity.services.core/Editor/Core/Configuration/Unity.Services.Core.Configuration.Editor.asmdef)
Required property 'name' not set (Packages/com.unity.services.core/Runtime/Analytics/Unity.Services.Core.Analytics.asmdef)
Required property 'name' not set (Packages/com.unity.services.core/Runtime/Registration/Unity.Services.Core.Registration.asmdef)
Required property 'name' not set (Packages/com.unity.services.core/Runtime/Environments/Unity.Services.Core.Environments.asmdef)
Required property 'name' not set (Packages/com.unity.services.core/Runtime/Scheduler/Unity.Services.Core.Scheduler.asmdef)
Required property 'name' not set (Packages/com.unity.services.core/Runtime/Environments/Internal/Unity.Services.Core.Environments.Internal.asmdef)
Required property 'name' not set (Packages/com.unity.collab-proxy/Editor/Collaborate/Unity.CollabProxy.Editor.asmdef)
Required property 'name' not set (Packages/com.unity.collab-proxy/Tests/Editor/Collaborate/Unity.CollabProxy.EditorTests.asmdef)
Required property 'name' not set (Packages/com.unity.services.core/Runtime/Threading/Unity.Services.Core.Threading.asmdef)
Required property 'name' not set (Packages/com.unity.collab-proxy/Tests/Editor/PlasticSCM/Unity.PlasticSCM.EditorTests.asmdef)
Required property 'name' not set (Packages/com.unity.services.core/Runtime/Device/Unity.Services.Core.Device.asmdef)
Begin MonoManager ReloadAssembly
Symbol file LoadedFromMemory doesn't match image C:\Users\a0108\OneDrive\바탕 화면\sokovan\Library\PackageCache\com.unity.visualscripting@1.8.0\Editor\VisualScripting.Core\Dependencies\YamlDotNet\Unity.VisualScripting.YamlDotNet.dll
Symbol file LoadedFromMemory doesn't match image C:\Users\a0108\OneDrive\바탕 화면\sokovan\Library\PackageCache\com.unity.visualscripting@1.8.0\Editor\VisualScripting.Core\Dependencies\DotNetZip\Unity.VisualScripting.IonicZip.dll
Native extension for WindowsStandalone target not found
Native extension for WebGL target not found
Refreshing native plugins compatible for Editor in 0.40 ms, found 3 plugins.
Preloading 0 native plugins for Editor in 0.00 ms.
Required property 'name' not set (Packages/com.unity.services.core/Runtime/Telemetry/Unity.Services.Core.Telemetry.asmdef)
Required property 'name' not set (Packages/com.unity.services.core/Runtime/Networking/Unity.Services.Core.Networking.asmdef)
Required property 'name' not set (Packages/com.unity.services.core/Runtime/Core.Internal/Unity.Services.Core.Internal.asmdef)
Required property 'name' not set (Packages/com.unity.services.core/Runtime/Configuration/Unity.Services.Core.Configuration.asmdef)
Required property 'name' not set (Packages/com.unity.services.core/Runtime/Core/Unity.Services.Core.asmdef)
Required property 'name' not set (Packages/com.unity.services.core/Editor/Core/Unity.Services.Core.Editor.asmdef)
Required property 'name' not set (Packages/com.unity.services.core/Editor/Core/Configuration/Unity.Services.Core.Configuration.Editor.asmdef)
Required property 'name' not set (Packages/com.unity.services.core/Runtime/Analytics/Unity.Services.Core.Analytics.asmdef)
Required property 'name' not set (Packages/com.unity.services.core/Runtime/Registration/Unity.Services.Core.Registration.asmdef)
Required property 'name' not set (Packages/com.unity.services.core/Runtime/Environments/Unity.Services.Core.Environments.asmdef)
Required property 'name' not set (Packages/com.unity.services.core/Runtime/Scheduler/Unity.Services.Core.Scheduler.asmdef)
Required property 'name' not set (Packages/com.unity.services.core/Runtime/Environments/Internal/Unity.Services.Core.Environments.Internal.asmdef)
Required property 'name' not set (Packages/com.unity.collab-proxy/Editor/Collaborate/Unity.CollabProxy.Editor.asmdef)
Required property 'name' not set (Packages/com.unity.collab-proxy/Tests/Editor/Collaborate/Unity.CollabProxy.EditorTests.asmdef)
Required property 'name' not set (Packages/com.unity.services.core/Runtime/Threading/Unity.Services.Core.Threading.asmdef)
Required property 'name' not set (Packages/com.unity.collab-proxy/Tests/Editor/PlasticSCM/Unity.PlasticSCM.EditorTests.asmdef)
Required property 'name' not set (Packages/com.unity.services.core/Runtime/Device/Unity.Services.Core.Device.asmdef)
Mono: successfully reloaded assembly
- Completed reload, in  0.790 seconds
Domain Reload Profiling:
	ReloadAssembly (790ms)
		BeginReloadAssembly (131ms)
			ExecutionOrderSort (0ms)
			DisableScriptedObjects (3ms)
			BackupInstance (0ms)
			ReleaseScriptingObjects (0ms)
			CreateAndSetChildDomain (25ms)
		EndReloadAssembly (573ms)
			LoadAssemblies (97ms)
			RebuildTransferFunctionScriptingTraits (0ms)
			SetupTypeCache (184ms)
			ReleaseScriptCaches (1ms)
			RebuildScriptCaches (28ms)
			SetupLoadedEditorAssemblies (254ms)
				LogAssemblyErrors (0ms)
				InitializePlatformSupportModulesInManaged (7ms)
				SetLoadedEditorAssemblies (0ms)
				RefreshPlugins (0ms)
				BeforeProcessingInitializeOnLoad (77ms)
				ProcessInitializeOnLoadAttributes (143ms)
				ProcessInitializeOnLoadMethodAttributes (14ms)
				AfterProcessingInitializeOnLoad (12ms)
				EditorAssembliesLoaded (0ms)
			ExecutionOrderSort2 (0ms)
			AwakeInstancesAfterBackupRestoration (7ms)
Platform modules already initialized, skipping
Refreshing native plugins compatible for Editor in 1.94 ms, found 3 plugins.
Preloading 0 native plugins for Editor in 0.00 ms.
Unloading 3041 Unused Serialized files (Serialized files now loaded: 0)
Unloading 15 unused Assets / (24.6 KB). Loaded Objects now: 3605.
Memory consumption went from 116.7 MB to 116.7 MB.
Total: 2.220400 ms (FindLiveObjects: 0.188900 ms CreateObjectMapping: 0.079700 ms MarkObjects: 1.923300 ms  DeleteObjects: 0.027400 ms)

AssetImportParameters requested are different than current active one (requested -> active):
  custom:video-decoder-ogg-theora: a1e56fd34408186e4bbccfd4996cb3dc -> 
  custom:container-muxer-webm: aa71ff27fc2769a1b78a27578f13a17b -> 
  custom:container-demuxer-webm: 4f35f7cbe854078d1ac9338744f61a02 -> 
  custom:video-encoder-webm-vp8: eb34c28f22e8b96e1ab97ce403110664 -> 
  custom:video-codec-MediaFoundation-h265: 746d11721c4dcdbdad8f713fa42b33f4 -> 
  custom:audio-encoder-webm-vorbis: bf7c407c2cedff20999df2af8eb42d56 -> 
  custom:framework-win-MediaFoundation: 216162199b28c13a410421893ffa2e32 -> 
  custom:container-demuxer-ogg: 62fdf1f143b41e24485cea50d1cbac27 -> 
  custom:video-decoder-webm-vp8: 9c59270c3fd7afecdb556c50c9e8de78 -> 
  custom:audio-decoder-ogg-vorbis: bf7c407c2cedff20999df2af8eb42d56 -> 
========================================================================
Received Prepare
Registering precompiled user dll's ...
Registered in 0.024490 seconds.
Required property 'name' not set (Packages/com.unity.services.core/Runtime/Telemetry/Unity.Services.Core.Telemetry.asmdef)
Required property 'name' not set (Packages/com.unity.services.core/Runtime/Networking/Unity.Services.Core.Networking.asmdef)
Required property 'name' not set (Packages/com.unity.services.core/Runtime/Core.Internal/Unity.Services.Core.Internal.asmdef)
Required property 'name' not set (Packages/com.unity.services.core/Runtime/Configuration/Unity.Services.Core.Configuration.asmdef)
Required property 'name' not set (Packages/com.unity.services.core/Runtime/Core/Unity.Services.Core.asmdef)
Required property 'name' not set (Packages/com.unity.services.core/Editor/Core/Unity.Services.Core.Editor.asmdef)
Required property 'name' not set (Packages/com.unity.services.core/Editor/Core/Configuration/Unity.Services.Core.Configuration.Editor.asmdef)
Required property 'name' not set (Packages/com.unity.services.core/Runtime/Analytics/Unity.Services.Core.Analytics.asmdef)
Required property 'name' not set (Packages/com.unity.services.core/Runtime/Registration/Unity.Services.Core.Registration.asmdef)
Required property 'name' not set (Packages/com.unity.services.core/Runtime/Environments/Unity.Services.Core.Environments.asmdef)
Required property 'name' not set (Packages/com.unity.services.core/Runtime/Scheduler/Unity.Services.Core.Scheduler.asmdef)
Required property 'name' not set (Packages/com.unity.services.core/Runtime/Environments/Internal/Unity.Services.Core.Environments.Internal.asmdef)
Required property 'name' not set (Packages/com.unity.collab-proxy/Editor/Collaborate/Unity.CollabProxy.Editor.asmdef)
Required property 'name' not set (Packages/com.unity.collab-proxy/Tests/Editor/Collaborate/Unity.CollabProxy.EditorTests.asmdef)
Required property 'name' not set (Packages/com.unity.services.core/Runtime/Threading/Unity.Services.Core.Threading.asmdef)
Required property 'name' not set (Packages/com.unity.collab-proxy/Tests/Editor/PlasticSCM/Unity.PlasticSCM.EditorTests.asmdef)
Required property 'name' not set (Packages/com.unity.services.core/Runtime/Device/Unity.Services.Core.Device.asmdef)
Required property 'name' not set (Packages/com.unity.services.core/Runtime/Telemetry/Unity.Services.Core.Telemetry.asmdef)
Required property 'name' not set (Packages/com.unity.services.core/Runtime/Networking/Unity.Services.Core.Networking.asmdef)
Required property 'name' not set (Packages/com.unity.services.core/Runtime/Core.Internal/Unity.Services.Core.Internal.asmdef)
Required property 'name' not set (Packages/com.unity.services.core/Runtime/Configuration/Unity.Services.Core.Configuration.asmdef)
Required property 'name' not set (Packages/com.unity.services.core/Runtime/Core/Unity.Services.Core.asmdef)
Required property 'name' not set (Packages/com.unity.services.core/Editor/Core/Unity.Services.Core.Editor.asmdef)
Required property 'name' not set (Packages/com.unity.services.core/Editor/Core/Configuration/Unity.Services.Core.Configuration.Editor.asmdef)
Required property 'name' not set (Packages/com.unity.services.core/Runtime/Analytics/Unity.Services.Core.Analytics.asmdef)
Required property 'name' not set (Packages/com.unity.services.core/Runtime/Registration/Unity.Services.Core.Registration.asmdef)
Required property 'name' not set (Packages/com.unity.services.core/Runtime/Environments/Unity.Services.Core.Environments.asmdef)
Required property 'name' not set (Packages/com.unity.services.core/Runtime/Scheduler/Unity.Services.Core.Scheduler.asmdef)
Required property 'name' not set (Packages/com.unity.services.core/Runtime/Environments/Internal/Unity.Services.Core.Environments.Internal.asmdef)
Required property 'name' not set (Packages/com.unity.collab-proxy/Editor/Collaborate/Unity.CollabProxy.Editor.asmdef)
Required property 'name' not set (Packages/com.unity.collab-proxy/Tests/Editor/Collaborate/Unity.CollabProxy.EditorTests.asmdef)
Required property 'name' not set (Packages/com.unity.services.core/Runtime/Threading/Unity.Services.Core.Threading.asmdef)
Required property 'name' not set (Packages/com.unity.collab-proxy/Tests/Editor/PlasticSCM/Unity.PlasticSCM.EditorTests.asmdef)
Required property 'name' not set (Packages/com.unity.services.core/Runtime/Device/Unity.Services.Core.Device.asmdef)
Begin MonoManager ReloadAssembly
Symbol file LoadedFromMemory doesn't match image C:\Users\a0108\OneDrive\바탕 화면\sokovan\Library\PackageCache\com.unity.visualscripting@1.8.0\Editor\VisualScripting.Core\Dependencies\YamlDotNet\Unity.VisualScripting.YamlDotNet.dll
Symbol file LoadedFromMemory doesn't match image C:\Users\a0108\OneDrive\바탕 화면\sokovan\Library\PackageCache\com.unity.visualscripting@1.8.0\Editor\VisualScripting.Core\Dependencies\DotNetZip\Unity.VisualScripting.IonicZip.dll
Native extension for WindowsStandalone target not found
Native extension for WebGL target not found
Refreshing native plugins compatible for Editor in 0.40 ms, found 3 plugins.
Preloading 0 native plugins for Editor in 0.00 ms.
Required property 'name' not set (Packages/com.unity.services.core/Runtime/Telemetry/Unity.Services.Core.Telemetry.asmdef)
Required property 'name' not set (Packages/com.unity.services.core/Runtime/Networking/Unity.Services.Core.Networking.asmdef)
Required property 'name' not set (Packages/com.unity.services.core/Runtime/Core.Internal/Unity.Services.Core.Internal.asmdef)
Required property 'name' not set (Packages/com.unity.services.core/Runtime/Configuration/Unity.Services.Core.Configuration.asmdef)
Required property 'name' not set (Packages/com.unity.services.core/Runtime/Core/Unity.Services.Core.asmdef)
Required property 'name' not set (Packages/com.unity.services.core/Editor/Core/Unity.Services.Core.Editor.asmdef)
Required property 'name' not set (Packages/com.unity.services.core/Editor/Core/Configuration/Unity.Services.Core.Configuration.Editor.asmdef)
Required property 'name' not set (Packages/com.unity.services.core/Runtime/Analytics/Unity.Services.Core.Analytics.asmdef)
Required property 'name' not set (Packages/com.unity.services.core/Runtime/Registration/Unity.Services.Core.Registration.asmdef)
Required property 'name' not set (Packages/com.unity.services.core/Runtime/Environments/Unity.Services.Core.Environments.asmdef)
Required property 'name' not set (Packages/com.unity.services.core/Runtime/Scheduler/Unity.Services.Core.Scheduler.asmdef)
Required property 'name' not set (Packages/com.unity.services.core/Runtime/Environments/Internal/Unity.Services.Core.Environments.Internal.asmdef)
Required property 'name' not set (Packages/com.unity.collab-proxy/Editor/Collaborate/Unity.CollabProxy.Editor.asmdef)
Required property 'name' not set (Packages/com.unity.collab-proxy/Tests/Editor/Collaborate/Unity.CollabProxy.EditorTests.asmdef)
Required property 'name' not set (Packages/com.unity.services.core/Runtime/Threading/Unity.Services.Core.Threading.asmdef)
Required property 'name' not set (Packages/com.unity.collab-proxy/Tests/Editor/PlasticSCM/Unity.PlasticSCM.EditorTests.asmdef)
Required property 'name' not set (Packages/com.unity.services.core/Runtime/Device/Unity.Services.Core.Device.asmdef)
Mono: successfully reloaded assembly
- Completed reload, in  0.788 seconds
Domain Reload Profiling:
	ReloadAssembly (789ms)
		BeginReloadAssembly (137ms)
			ExecutionOrderSort (0ms)
			DisableScriptedObjects (4ms)
			BackupInstance (0ms)
			ReleaseScriptingObjects (0ms)
			CreateAndSetChildDomain (25ms)
		EndReloadAssembly (566ms)
			LoadAssemblies (101ms)
			RebuildTransferFunctionScriptingTraits (0ms)
			SetupTypeCache (181ms)
			ReleaseScriptCaches (1ms)
			RebuildScriptCaches (29ms)
			SetupLoadedEditorAssemblies (250ms)
				LogAssemblyErrors (0ms)
				InitializePlatformSupportModulesInManaged (7ms)
				SetLoadedEditorAssemblies (0ms)
				RefreshPlugins (1ms)
				BeforeProcessingInitializeOnLoad (73ms)
				ProcessInitializeOnLoadAttributes (145ms)
				ProcessInitializeOnLoadMethodAttributes (14ms)
				AfterProcessingInitializeOnLoad (10ms)
				EditorAssembliesLoaded (0ms)
			ExecutionOrderSort2 (0ms)
			AwakeInstancesAfterBackupRestoration (7ms)
Platform modules already initialized, skipping
Refreshing native plugins compatible for Editor in 1.68 ms, found 3 plugins.
Preloading 0 native plugins for Editor in 0.00 ms.
Unloading 3041 Unused Serialized files (Serialized files now loaded: 0)
Unloading 15 unused Assets / (24.7 KB). Loaded Objects now: 3608.
Memory consumption went from 116.7 MB to 116.7 MB.
Total: 2.419000 ms (FindLiveObjects: 0.177700 ms CreateObjectMapping: 0.073800 ms MarkObjects: 2.147000 ms  DeleteObjects: 0.019900 ms)

AssetImportParameters requested are different than current active one (requested -> active):
  custom:video-decoder-ogg-theora: a1e56fd34408186e4bbccfd4996cb3dc -> 
  custom:container-muxer-webm: aa71ff27fc2769a1b78a27578f13a17b -> 
  custom:container-demuxer-webm: 4f35f7cbe854078d1ac9338744f61a02 -> 
  custom:video-encoder-webm-vp8: eb34c28f22e8b96e1ab97ce403110664 -> 
  custom:video-codec-MediaFoundation-h265: 746d11721c4dcdbdad8f713fa42b33f4 -> 
  custom:audio-encoder-webm-vorbis: bf7c407c2cedff20999df2af8eb42d56 -> 
  custom:framework-win-MediaFoundation: 216162199b28c13a410421893ffa2e32 -> 
  custom:container-demuxer-ogg: 62fdf1f143b41e24485cea50d1cbac27 -> 
  custom:video-decoder-webm-vp8: 9c59270c3fd7afecdb556c50c9e8de78 -> 
  custom:audio-decoder-ogg-vorbis: bf7c407c2cedff20999df2af8eb42d56 -> 
========================================================================
Received Prepare
Registering precompiled user dll's ...
Registered in 0.011466 seconds.
Required property 'name' not set (Packages/com.unity.services.core/Runtime/Telemetry/Unity.Services.Core.Telemetry.asmdef)
Required property 'name' not set (Packages/com.unity.services.core/Runtime/Networking/Unity.Services.Core.Networking.asmdef)
Required property 'name' not set (Packages/com.unity.services.core/Runtime/Core.Internal/Unity.Services.Core.Internal.asmdef)
Required property 'name' not set (Packages/com.unity.services.core/Runtime/Configuration/Unity.Services.Core.Configuration.asmdef)
Required property 'name' not set (Packages/com.unity.services.core/Runtime/Core/Unity.Services.Core.asmdef)
Required property 'name' not set (Packages/com.unity.services.core/Editor/Core/Unity.Services.Core.Editor.asmdef)
Required property 'name' not set (Packages/com.unity.services.core/Editor/Core/Configuration/Unity.Services.Core.Configuration.Editor.asmdef)
Required property 'name' not set (Packages/com.unity.services.core/Runtime/Analytics/Unity.Services.Core.Analytics.asmdef)
Required property 'name' not set (Packages/com.unity.services.core/Runtime/Registration/Unity.Services.Core.Registration.asmdef)
Required property 'name' not set (Packages/com.unity.services.core/Runtime/Environments/Unity.Services.Core.Environments.asmdef)
Required property 'name' not set (Packages/com.unity.services.core/Runtime/Scheduler/Unity.Services.Core.Scheduler.asmdef)
Required property 'name' not set (Packages/com.unity.services.core/Runtime/Environments/Internal/Unity.Services.Core.Environments.Internal.asmdef)
Required property 'name' not set (Packages/com.unity.collab-proxy/Editor/Collaborate/Unity.CollabProxy.Editor.asmdef)
Required property 'name' not set (Packages/com.unity.collab-proxy/Tests/Editor/Collaborate/Unity.CollabProxy.EditorTests.asmdef)
Required property 'name' not set (Packages/com.unity.services.core/Runtime/Threading/Unity.Services.Core.Threading.asmdef)
Required property 'name' not set (Packages/com.unity.collab-proxy/Tests/Editor/PlasticSCM/Unity.PlasticSCM.EditorTests.asmdef)
Required property 'name' not set (Packages/com.unity.services.core/Runtime/Device/Unity.Services.Core.Device.asmdef)
Required property 'name' not set (Packages/com.unity.services.core/Runtime/Telemetry/Unity.Services.Core.Telemetry.asmdef)
Required property 'name' not set (Packages/com.unity.services.core/Runtime/Networking/Unity.Services.Core.Networking.asmdef)
Required property 'name' not set (Packages/com.unity.services.core/Runtime/Core.Internal/Unity.Services.Core.Internal.asmdef)
Required property 'name' not set (Packages/com.unity.services.core/Runtime/Configuration/Unity.Services.Core.Configuration.asmdef)
Required property 'name' not set (Packages/com.unity.services.core/Runtime/Core/Unity.Services.Core.asmdef)
Required property 'name' not set (Packages/com.unity.services.core/Editor/Core/Unity.Services.Core.Editor.asmdef)
Required property 'name' not set (Packages/com.unity.services.core/Editor/Core/Configuration/Unity.Services.Core.Configuration.Editor.asmdef)
Required property 'name' not set (Packages/com.unity.services.core/Runtime/Analytics/Unity.Services.Core.Analytics.asmdef)
Required property 'name' not set (Packages/com.unity.services.core/Runtime/Registration/Unity.Services.Core.Registration.asmdef)
Required property 'name' not set (Packages/com.unity.services.core/Runtime/Environments/Unity.Services.Core.Environments.asmdef)
Required property 'name' not set (Packages/com.unity.services.core/Runtime/Scheduler/Unity.Services.Core.Scheduler.asmdef)
Required property 'name' not set (Packages/com.unity.services.core/Runtime/Environments/Internal/Unity.Services.Core.Environments.Internal.asmdef)
Required property 'name' not set (Packages/com.unity.collab-proxy/Editor/Collaborate/Unity.CollabProxy.Editor.asmdef)
Required property 'name' not set (Packages/com.unity.collab-proxy/Tests/Editor/Collaborate/Unity.CollabProxy.EditorTests.asmdef)
Required property 'name' not set (Packages/com.unity.services.core/Runtime/Threading/Unity.Services.Core.Threading.asmdef)
Required property 'name' not set (Packages/com.unity.collab-proxy/Tests/Editor/PlasticSCM/Unity.PlasticSCM.EditorTests.asmdef)
Required property 'name' not set (Packages/com.unity.services.core/Runtime/Device/Unity.Services.Core.Device.asmdef)
Begin MonoManager ReloadAssembly
Symbol file LoadedFromMemory doesn't match image C:\Users\a0108\OneDrive\바탕 화면\sokovan\Library\PackageCache\com.unity.visualscripting@1.8.0\Editor\VisualScripting.Core\Dependencies\YamlDotNet\Unity.VisualScripting.YamlDotNet.dll
Symbol file LoadedFromMemory doesn't match image C:\Users\a0108\OneDrive\바탕 화면\sokovan\Library\PackageCache\com.unity.visualscripting@1.8.0\Editor\VisualScripting.Core\Dependencies\DotNetZip\Unity.VisualScripting.IonicZip.dll
Native extension for WindowsStandalone target not found
Native extension for WebGL target not found
Refreshing native plugins compatible for Editor in 0.52 ms, found 3 plugins.
Preloading 0 native plugins for Editor in 0.00 ms.
Required property 'name' not set (Packages/com.unity.services.core/Runtime/Telemetry/Unity.Services.Core.Telemetry.asmdef)
Required property 'name' not set (Packages/com.unity.services.core/Runtime/Networking/Unity.Services.Core.Networking.asmdef)
Required property 'name' not set (Packages/com.unity.services.core/Runtime/Core.Internal/Unity.Services.Core.Internal.asmdef)
Required property 'name' not set (Packages/com.unity.services.core/Runtime/Configuration/Unity.Services.Core.Configuration.asmdef)
Required property 'name' not set (Packages/com.unity.services.core/Runtime/Core/Unity.Services.Core.asmdef)
Required property 'name' not set (Packages/com.unity.services.core/Editor/Core/Unity.Services.Core.Editor.asmdef)
Required property 'name' not set (Packages/com.unity.services.core/Editor/Core/Configuration/Unity.Services.Core.Configuration.Editor.asmdef)
Required property 'name' not set (Packages/com.unity.services.core/Runtime/Analytics/Unity.Services.Core.Analytics.asmdef)
Required property 'name' not set (Packages/com.unity.services.core/Runtime/Registration/Unity.Services.Core.Registration.asmdef)
Required property 'name' not set (Packages/com.unity.services.core/Runtime/Environments/Unity.Services.Core.Environments.asmdef)
Required property 'name' not set (Packages/com.unity.services.core/Runtime/Scheduler/Unity.Services.Core.Scheduler.asmdef)
Required property 'name' not set (Packages/com.unity.services.core/Runtime/Environments/Internal/Unity.Services.Core.Environments.Internal.asmdef)
Required property 'name' not set (Packages/com.unity.collab-proxy/Editor/Collaborate/Unity.CollabProxy.Editor.asmdef)
Required property 'name' not set (Packages/com.unity.collab-proxy/Tests/Editor/Collaborate/Unity.CollabProxy.EditorTests.asmdef)
Required property 'name' not set (Packages/com.unity.services.core/Runtime/Threading/Unity.Services.Core.Threading.asmdef)
Required property 'name' not set (Packages/com.unity.collab-proxy/Tests/Editor/PlasticSCM/Unity.PlasticSCM.EditorTests.asmdef)
Required property 'name' not set (Packages/com.unity.services.core/Runtime/Device/Unity.Services.Core.Device.asmdef)
Mono: successfully reloaded assembly
- Completed reload, in  2.508 seconds
Domain Reload Profiling:
	ReloadAssembly (2509ms)
		BeginReloadAssembly (197ms)
			ExecutionOrderSort (0ms)
			DisableScriptedObjects (4ms)
			BackupInstance (0ms)
			ReleaseScriptingObjects (0ms)
			CreateAndSetChildDomain (36ms)
		EndReloadAssembly (2183ms)
			LoadAssemblies (193ms)
			RebuildTransferFunctionScriptingTraits (0ms)
			SetupTypeCache (669ms)
			ReleaseScriptCaches (2ms)
			RebuildScriptCaches (127ms)
			SetupLoadedEditorAssemblies (997ms)
				LogAssemblyErrors (0ms)
				InitializePlatformSupportModulesInManaged (28ms)
				SetLoadedEditorAssemblies (1ms)
				RefreshPlugins (1ms)
				BeforeProcessingInitializeOnLoad (264ms)
				ProcessInitializeOnLoadAttributes (611ms)
				ProcessInitializeOnLoadMethodAttributes (49ms)
				AfterProcessingInitializeOnLoad (41ms)
				EditorAssembliesLoaded (2ms)
			ExecutionOrderSort2 (0ms)
			AwakeInstancesAfterBackupRestoration (28ms)
Platform modules already initialized, skipping
Refreshing native plugins compatible for Editor in 12.47 ms, found 3 plugins.
Preloading 0 native plugins for Editor in 0.00 ms.
Unloading 3041 Unused Serialized files (Serialized files now loaded: 0)
Unloading 15 unused Assets / (24.7 KB). Loaded Objects now: 3611.
Memory consumption went from 116.7 MB to 116.7 MB.
Total: 5.909400 ms (FindLiveObjects: 0.212000 ms CreateObjectMapping: 0.091600 ms MarkObjects: 5.570900 ms  DeleteObjects: 0.033500 ms)

AssetImportParameters requested are different than current active one (requested -> active):
  custom:video-decoder-ogg-theora: a1e56fd34408186e4bbccfd4996cb3dc -> 
  custom:container-muxer-webm: aa71ff27fc2769a1b78a27578f13a17b -> 
  custom:container-demuxer-webm: 4f35f7cbe854078d1ac9338744f61a02 -> 
  custom:video-encoder-webm-vp8: eb34c28f22e8b96e1ab97ce403110664 -> 
  custom:video-codec-MediaFoundation-h265: 746d11721c4dcdbdad8f713fa42b33f4 -> 
  custom:audio-encoder-webm-vorbis: bf7c407c2cedff20999df2af8eb42d56 -> 
  custom:framework-win-MediaFoundation: 216162199b28c13a410421893ffa2e32 -> 
  custom:container-demuxer-ogg: 62fdf1f143b41e24485cea50d1cbac27 -> 
  custom:video-decoder-webm-vp8: 9c59270c3fd7afecdb556c50c9e8de78 -> 
  custom:audio-decoder-ogg-vorbis: bf7c407c2cedff20999df2af8eb42d56 -> 
========================================================================
Received Import Request.
  Time since last request: 3575.203299 seconds.
  path: Assets/Scenes/EndpointMaterial.mat
  artifactKey: Guid(80417b6996245ba4c8feabf748caa59a) Importer(815301076,1909f56bfc062723c751e8b465ee728b)
Start importing Assets/Scenes/EndpointMaterial.mat using Guid(80417b6996245ba4c8feabf748caa59a) Importer(815301076,1909f56bfc062723c751e8b465ee728b)  -> (artifact id: '5cb129fc604fb997176aa9fa5ed0e4fc') in 0.230054 seconds 
========================================================================
Received Prepare
Registering precompiled user dll's ...
Registered in 0.009560 seconds.
Required property 'name' not set (Packages/com.unity.services.core/Runtime/Telemetry/Unity.Services.Core.Telemetry.asmdef)
Required property 'name' not set (Packages/com.unity.services.core/Runtime/Networking/Unity.Services.Core.Networking.asmdef)
Required property 'name' not set (Packages/com.unity.services.core/Runtime/Core.Internal/Unity.Services.Core.Internal.asmdef)
Required property 'name' not set (Packages/com.unity.services.core/Runtime/Configuration/Unity.Services.Core.Configuration.asmdef)
Required property 'name' not set (Packages/com.unity.services.core/Runtime/Core/Unity.Services.Core.asmdef)
Required property 'name' not set (Packages/com.unity.services.core/Editor/Core/Unity.Services.Core.Editor.asmdef)
Required property 'name' not set (Packages/com.unity.services.core/Editor/Core/Configuration/Unity.Services.Core.Configuration.Editor.asmdef)
Required property 'name' not set (Packages/com.unity.services.core/Runtime/Analytics/Unity.Services.Core.Analytics.asmdef)
Required property 'name' not set (Packages/com.unity.services.core/Runtime/Registration/Unity.Services.Core.Registration.asmdef)
Required property 'name' not set (Packages/com.unity.services.core/Runtime/Environments/Unity.Services.Core.Environments.asmdef)
Required property 'name' not set (Packages/com.unity.services.core/Runtime/Scheduler/Unity.Services.Core.Scheduler.asmdef)
Required property 'name' not set (Packages/com.unity.services.core/Runtime/Environments/Internal/Unity.Services.Core.Environments.Internal.asmdef)
Required property 'name' not set (Packages/com.unity.collab-proxy/Editor/Collaborate/Unity.CollabProxy.Editor.asmdef)
Required property 'name' not set (Packages/com.unity.collab-proxy/Tests/Editor/Collaborate/Unity.CollabProxy.EditorTests.asmdef)
Required property 'name' not set (Packages/com.unity.services.core/Runtime/Threading/Unity.Services.Core.Threading.asmdef)
Required property 'name' not set (Packages/com.unity.collab-proxy/Tests/Editor/PlasticSCM/Unity.PlasticSCM.EditorTests.asmdef)
Required property 'name' not set (Packages/com.unity.services.core/Runtime/Device/Unity.Services.Core.Device.asmdef)
Required property 'name' not set (Packages/com.unity.services.core/Runtime/Telemetry/Unity.Services.Core.Telemetry.asmdef)
Required property 'name' not set (Packages/com.unity.services.core/Runtime/Networking/Unity.Services.Core.Networking.asmdef)
Required property 'name' not set (Packages/com.unity.services.core/Runtime/Core.Internal/Unity.Services.Core.Internal.asmdef)
Required property 'name' not set (Packages/com.unity.services.core/Runtime/Configuration/Unity.Services.Core.Configuration.asmdef)
Required property 'name' not set (Packages/com.unity.services.core/Runtime/Core/Unity.Services.Core.asmdef)
Required property 'name' not set (Packages/com.unity.services.core/Editor/Core/Unity.Services.Core.Editor.asmdef)
Required property 'name' not set (Packages/com.unity.services.core/Editor/Core/Configuration/Unity.Services.Core.Configuration.Editor.asmdef)
Required property 'name' not set (Packages/com.unity.services.core/Runtime/Analytics/Unity.Services.Core.Analytics.asmdef)
Required property 'name' not set (Packages/com.unity.services.core/Runtime/Registration/Unity.Services.Core.Registration.asmdef)
Required property 'name' not set (Packages/com.unity.services.core/Runtime/Environments/Unity.Services.Core.Environments.asmdef)
Required property 'name' not set (Packages/com.unity.services.core/Runtime/Scheduler/Unity.Services.Core.Scheduler.asmdef)
Required property 'name' not set (Packages/com.unity.services.core/Runtime/Environments/Internal/Unity.Services.Core.Environments.Internal.asmdef)
Required property 'name' not set (Packages/com.unity.collab-proxy/Editor/Collaborate/Unity.CollabProxy.Editor.asmdef)
Required property 'name' not set (Packages/com.unity.collab-proxy/Tests/Editor/Collaborate/Unity.CollabProxy.EditorTests.asmdef)
Required property 'name' not set (Packages/com.unity.services.core/Runtime/Threading/Unity.Services.Core.Threading.asmdef)
Required property 'name' not set (Packages/com.unity.collab-proxy/Tests/Editor/PlasticSCM/Unity.PlasticSCM.EditorTests.asmdef)
Required property 'name' not set (Packages/com.unity.services.core/Runtime/Device/Unity.Services.Core.Device.asmdef)
Begin MonoManager ReloadAssembly
Symbol file LoadedFromMemory doesn't match image C:\Users\a0108\OneDrive\바탕 화면\sokovan\Library\PackageCache\com.unity.visualscripting@1.8.0\Editor\VisualScripting.Core\Dependencies\YamlDotNet\Unity.VisualScripting.YamlDotNet.dll
Symbol file LoadedFromMemory doesn't match image C:\Users\a0108\OneDrive\바탕 화면\sokovan\Library\PackageCache\com.unity.visualscripting@1.8.0\Editor\VisualScripting.Core\Dependencies\DotNetZip\Unity.VisualScripting.IonicZip.dll
Native extension for WindowsStandalone target not found
Native extension for WebGL target not found
Refreshing native plugins compatible for Editor in 0.36 ms, found 3 plugins.
Preloading 0 native plugins for Editor in 0.00 ms.
Required property 'name' not set (Packages/com.unity.services.core/Runtime/Telemetry/Unity.Services.Core.Telemetry.asmdef)
Required property 'name' not set (Packages/com.unity.services.core/Runtime/Networking/Unity.Services.Core.Networking.asmdef)
Required property 'name' not set (Packages/com.unity.services.core/Runtime/Core.Internal/Unity.Services.Core.Internal.asmdef)
Required property 'name' not set (Packages/com.unity.services.core/Runtime/Configuration/Unity.Services.Core.Configuration.asmdef)
Required property 'name' not set (Packages/com.unity.services.core/Runtime/Core/Unity.Services.Core.asmdef)
Required property 'name' not set (Packages/com.unity.services.core/Editor/Core/Unity.Services.Core.Editor.asmdef)
Required property 'name' not set (Packages/com.unity.services.core/Editor/Core/Configuration/Unity.Services.Core.Configuration.Editor.asmdef)
Required property 'name' not set (Packages/com.unity.services.core/Runtime/Analytics/Unity.Services.Core.Analytics.asmdef)
Required property 'name' not set (Packages/com.unity.services.core/Runtime/Registration/Unity.Services.Core.Registration.asmdef)
Required property 'name' not set (Packages/com.unity.services.core/Runtime/Environments/Unity.Services.Core.Environments.asmdef)
Required property 'name' not set (Packages/com.unity.services.core/Runtime/Scheduler/Unity.Services.Core.Scheduler.asmdef)
Required property 'name' not set (Packages/com.unity.services.core/Runtime/Environments/Internal/Unity.Services.Core.Environments.Internal.asmdef)
Required property 'name' not set (Packages/com.unity.collab-proxy/Editor/Collaborate/Unity.CollabProxy.Editor.asmdef)
Required property 'name' not set (Packages/com.unity.collab-proxy/Tests/Editor/Collaborate/Unity.CollabProxy.EditorTests.asmdef)
Required property 'name' not set (Packages/com.unity.services.core/Runtime/Threading/Unity.Services.Core.Threading.asmdef)
Required property 'name' not set (Packages/com.unity.collab-proxy/Tests/Editor/PlasticSCM/Unity.PlasticSCM.EditorTests.asmdef)
Required property 'name' not set (Packages/com.unity.services.core/Runtime/Device/Unity.Services.Core.Device.asmdef)
Mono: successfully reloaded assembly
- Completed reload, in  1.156 seconds
Domain Reload Profiling:
	ReloadAssembly (1156ms)
		BeginReloadAssembly (390ms)
			ExecutionOrderSort (0ms)
			DisableScriptedObjects (8ms)
			BackupInstance (0ms)
			ReleaseScriptingObjects (0ms)
			CreateAndSetChildDomain (73ms)
		EndReloadAssembly (646ms)
			LoadAssemblies (269ms)
			RebuildTransferFunctionScriptingTraits (0ms)
			SetupTypeCache (201ms)
			ReleaseScriptCaches (1ms)
			RebuildScriptCaches (29ms)
			SetupLoadedEditorAssemblies (290ms)
				LogAssemblyErrors (0ms)
				InitializePlatformSupportModulesInManaged (8ms)
				SetLoadedEditorAssemblies (0ms)
				RefreshPlugins (0ms)
				BeforeProcessingInitializeOnLoad (93ms)
				ProcessInitializeOnLoadAttributes (156ms)
				ProcessInitializeOnLoadMethodAttributes (19ms)
				AfterProcessingInitializeOnLoad (14ms)
				EditorAssembliesLoaded (0ms)
			ExecutionOrderSort2 (0ms)
			AwakeInstancesAfterBackupRestoration (8ms)
Platform modules already initialized, skipping
Refreshing native plugins compatible for Editor in 2.58 ms, found 3 plugins.
Preloading 0 native plugins for Editor in 0.00 ms.
Unloading 3042 Unused Serialized files (Serialized files now loaded: 0)
Unloading 15 unused Assets / (24.6 KB). Loaded Objects now: 3615.
Memory consumption went from 116.8 MB to 116.7 MB.
Total: 2.702800 ms (FindLiveObjects: 0.175000 ms CreateObjectMapping: 0.080100 ms MarkObjects: 2.419400 ms  DeleteObjects: 0.027200 ms)

AssetImportParameters requested are different than current active one (requested -> active):
  custom:video-decoder-ogg-theora: a1e56fd34408186e4bbccfd4996cb3dc -> 
  custom:container-muxer-webm: aa71ff27fc2769a1b78a27578f13a17b -> 
  custom:container-demuxer-webm: 4f35f7cbe854078d1ac9338744f61a02 -> 
  custom:video-encoder-webm-vp8: eb34c28f22e8b96e1ab97ce403110664 -> 
  custom:video-codec-MediaFoundation-h265: 746d11721c4dcdbdad8f713fa42b33f4 -> 
  custom:audio-encoder-webm-vorbis: bf7c407c2cedff20999df2af8eb42d56 -> 
  custom:framework-win-MediaFoundation: 216162199b28c13a410421893ffa2e32 -> 
  custom:container-demuxer-ogg: 62fdf1f143b41e24485cea50d1cbac27 -> 
  custom:video-decoder-webm-vp8: 9c59270c3fd7afecdb556c50c9e8de78 -> 
  custom:audio-decoder-ogg-vorbis: bf7c407c2cedff20999df2af8eb42d56 -> 
========================================================================
Received Prepare
Registering precompiled user dll's ...
Registered in 0.020816 seconds.
Required property 'name' not set (Packages/com.unity.services.core/Runtime/Telemetry/Unity.Services.Core.Telemetry.asmdef)
Required property 'name' not set (Packages/com.unity.services.core/Runtime/Networking/Unity.Services.Core.Networking.asmdef)
Required property 'name' not set (Packages/com.unity.services.core/Runtime/Core.Internal/Unity.Services.Core.Internal.asmdef)
Required property 'name' not set (Packages/com.unity.services.core/Runtime/Configuration/Unity.Services.Core.Configuration.asmdef)
Required property 'name' not set (Packages/com.unity.services.core/Runtime/Core/Unity.Services.Core.asmdef)
Required property 'name' not set (Packages/com.unity.services.core/Editor/Core/Unity.Services.Core.Editor.asmdef)
Required property 'name' not set (Packages/com.unity.services.core/Editor/Core/Configuration/Unity.Services.Core.Configuration.Editor.asmdef)
Required property 'name' not set (Packages/com.unity.services.core/Runtime/Analytics/Unity.Services.Core.Analytics.asmdef)
Required property 'name' not set (Packages/com.unity.services.core/Runtime/Registration/Unity.Services.Core.Registration.asmdef)
Required property 'name' not set (Packages/com.unity.services.core/Runtime/Environments/Unity.Services.Core.Environments.asmdef)
Required property 'name' not set (Packages/com.unity.services.core/Runtime/Scheduler/Unity.Services.Core.Scheduler.asmdef)
Required property 'name' not set (Packages/com.unity.services.core/Runtime/Environments/Internal/Unity.Services.Core.Environments.Internal.asmdef)
Required property 'name' not set (Packages/com.unity.collab-proxy/Editor/Collaborate/Unity.CollabProxy.Editor.asmdef)
Required property 'name' not set (Packages/com.unity.collab-proxy/Tests/Editor/Collaborate/Unity.CollabProxy.EditorTests.asmdef)
Required property 'name' not set (Packages/com.unity.services.core/Runtime/Threading/Unity.Services.Core.Threading.asmdef)
Required property 'name' not set (Packages/com.unity.collab-proxy/Tests/Editor/PlasticSCM/Unity.PlasticSCM.EditorTests.asmdef)
Required property 'name' not set (Packages/com.unity.services.core/Runtime/Device/Unity.Services.Core.Device.asmdef)
Required property 'name' not set (Packages/com.unity.services.core/Runtime/Telemetry/Unity.Services.Core.Telemetry.asmdef)
Required property 'name' not set (Packages/com.unity.services.core/Runtime/Networking/Unity.Services.Core.Networking.asmdef)
Required property 'name' not set (Packages/com.unity.services.core/Runtime/Core.Internal/Unity.Services.Core.Internal.asmdef)
Required property 'name' not set (Packages/com.unity.services.core/Runtime/Configuration/Unity.Services.Core.Configuration.asmdef)
Required property 'name' not set (Packages/com.unity.services.core/Runtime/Core/Unity.Services.Core.asmdef)
Required property 'name' not set (Packages/com.unity.services.core/Editor/Core/Unity.Services.Core.Editor.asmdef)
Required property 'name' not set (Packages/com.unity.services.core/Editor/Core/Configuration/Unity.Services.Core.Configuration.Editor.asmdef)
Required property 'name' not set (Packages/com.unity.services.core/Runtime/Analytics/Unity.Services.Core.Analytics.asmdef)
Required property 'name' not set (Packages/com.unity.services.core/Runtime/Registration/Unity.Services.Core.Registration.asmdef)
Required property 'name' not set (Packages/com.unity.services.core/Runtime/Environments/Unity.Services.Core.Environments.asmdef)
Required property 'name' not set (Packages/com.unity.services.core/Runtime/Scheduler/Unity.Services.Core.Scheduler.asmdef)
Required property 'name' not set (Packages/com.unity.services.core/Runtime/Environments/Internal/Unity.Services.Core.Environments.Internal.asmdef)
Required property 'name' not set (Packages/com.unity.collab-proxy/Editor/Collaborate/Unity.CollabProxy.Editor.asmdef)
Required property 'name' not set (Packages/com.unity.collab-proxy/Tests/Editor/Collaborate/Unity.CollabProxy.EditorTests.asmdef)
Required property 'name' not set (Packages/com.unity.services.core/Runtime/Threading/Unity.Services.Core.Threading.asmdef)
Required property 'name' not set (Packages/com.unity.collab-proxy/Tests/Editor/PlasticSCM/Unity.PlasticSCM.EditorTests.asmdef)
Required property 'name' not set (Packages/com.unity.services.core/Runtime/Device/Unity.Services.Core.Device.asmdef)
Begin MonoManager ReloadAssembly
Symbol file LoadedFromMemory doesn't match image C:\Users\a0108\OneDrive\바탕 화면\sokovan\Library\PackageCache\com.unity.visualscripting@1.8.0\Editor\VisualScripting.Core\Dependencies\YamlDotNet\Unity.VisualScripting.YamlDotNet.dll
Symbol file LoadedFromMemory doesn't match image C:\Users\a0108\OneDrive\바탕 화면\sokovan\Library\PackageCache\com.unity.visualscripting@1.8.0\Editor\VisualScripting.Core\Dependencies\DotNetZip\Unity.VisualScripting.IonicZip.dll
Native extension for WindowsStandalone target not found
Native extension for WebGL target not found
Refreshing native plugins compatible for Editor in 0.39 ms, found 3 plugins.
Preloading 0 native plugins for Editor in 0.00 ms.
Required property 'name' not set (Packages/com.unity.services.core/Runtime/Telemetry/Unity.Services.Core.Telemetry.asmdef)
Required property 'name' not set (Packages/com.unity.services.core/Runtime/Networking/Unity.Services.Core.Networking.asmdef)
Required property 'name' not set (Packages/com.unity.services.core/Runtime/Core.Internal/Unity.Services.Core.Internal.asmdef)
Required property 'name' not set (Packages/com.unity.services.core/Runtime/Configuration/Unity.Services.Core.Configuration.asmdef)
Required property 'name' not set (Packages/com.unity.services.core/Runtime/Core/Unity.Services.Core.asmdef)
Required property 'name' not set (Packages/com.unity.services.core/Editor/Core/Unity.Services.Core.Editor.asmdef)
Required property 'name' not set (Packages/com.unity.services.core/Editor/Core/Configuration/Unity.Services.Core.Configuration.Editor.asmdef)
Required property 'name' not set (Packages/com.unity.services.core/Runtime/Analytics/Unity.Services.Core.Analytics.asmdef)
Required property 'name' not set (Packages/com.unity.services.core/Runtime/Registration/Unity.Services.Core.Registration.asmdef)
Required property 'name' not set (Packages/com.unity.services.core/Runtime/Environments/Unity.Services.Core.Environments.asmdef)
Required property 'name' not set (Packages/com.unity.services.core/Runtime/Scheduler/Unity.Services.Core.Scheduler.asmdef)
Required property 'name' not set (Packages/com.unity.services.core/Runtime/Environments/Internal/Unity.Services.Core.Environments.Internal.asmdef)
Required property 'name' not set (Packages/com.unity.collab-proxy/Editor/Collaborate/Unity.CollabProxy.Editor.asmdef)
Required property 'name' not set (Packages/com.unity.collab-proxy/Tests/Editor/Collaborate/Unity.CollabProxy.EditorTests.asmdef)
Required property 'name' not set (Packages/com.unity.services.core/Runtime/Threading/Unity.Services.Core.Threading.asmdef)
Required property 'name' not set (Packages/com.unity.collab-proxy/Tests/Editor/PlasticSCM/Unity.PlasticSCM.EditorTests.asmdef)
Required property 'name' not set (Packages/com.unity.services.core/Runtime/Device/Unity.Services.Core.Device.asmdef)
Mono: successfully reloaded assembly
- Completed reload, in  0.829 seconds
Domain Reload Profiling:
	ReloadAssembly (829ms)
		BeginReloadAssembly (146ms)
			ExecutionOrderSort (0ms)
			DisableScriptedObjects (5ms)
			BackupInstance (0ms)
			ReleaseScriptingObjects (0ms)
			CreateAndSetChildDomain (28ms)
		EndReloadAssembly (597ms)
			LoadAssemblies (110ms)
			RebuildTransferFunctionScriptingTraits (0ms)
			SetupTypeCache (192ms)
			ReleaseScriptCaches (1ms)
			RebuildScriptCaches (29ms)
			SetupLoadedEditorAssemblies (258ms)
				LogAssemblyErrors (0ms)
				InitializePlatformSupportModulesInManaged (7ms)
				SetLoadedEditorAssemblies (0ms)
				RefreshPlugins (0ms)
				BeforeProcessingInitializeOnLoad (76ms)
				ProcessInitializeOnLoadAttributes (148ms)
				ProcessInitializeOnLoadMethodAttributes (14ms)
				AfterProcessingInitializeOnLoad (12ms)
				EditorAssembliesLoaded (0ms)
			ExecutionOrderSort2 (0ms)
			AwakeInstancesAfterBackupRestoration (8ms)
Platform modules already initialized, skipping
Refreshing native plugins compatible for Editor in 2.23 ms, found 3 plugins.
Preloading 0 native plugins for Editor in 0.00 ms.
Unloading 3042 Unused Serialized files (Serialized files now loaded: 0)
Unloading 15 unused Assets / (24.7 KB). Loaded Objects now: 3618.
Memory consumption went from 116.8 MB to 116.8 MB.
Total: 2.599600 ms (FindLiveObjects: 0.189600 ms CreateObjectMapping: 0.085400 ms MarkObjects: 2.296900 ms  DeleteObjects: 0.026700 ms)

AssetImportParameters requested are different than current active one (requested -> active):
  custom:video-decoder-ogg-theora: a1e56fd34408186e4bbccfd4996cb3dc -> 
  custom:container-muxer-webm: aa71ff27fc2769a1b78a27578f13a17b -> 
  custom:container-demuxer-webm: 4f35f7cbe854078d1ac9338744f61a02 -> 
  custom:video-encoder-webm-vp8: eb34c28f22e8b96e1ab97ce403110664 -> 
  custom:video-codec-MediaFoundation-h265: 746d11721c4dcdbdad8f713fa42b33f4 -> 
  custom:audio-encoder-webm-vorbis: bf7c407c2cedff20999df2af8eb42d56 -> 
  custom:framework-win-MediaFoundation: 216162199b28c13a410421893ffa2e32 -> 
  custom:container-demuxer-ogg: 62fdf1f143b41e24485cea50d1cbac27 -> 
  custom:video-decoder-webm-vp8: 9c59270c3fd7afecdb556c50c9e8de78 -> 
  custom:audio-decoder-ogg-vorbis: bf7c407c2cedff20999df2af8eb42d56 -> 
========================================================================
Received Prepare
Registering precompiled user dll's ...
Registered in 0.022064 seconds.
Required property 'name' not set (Packages/com.unity.services.core/Runtime/Telemetry/Unity.Services.Core.Telemetry.asmdef)
Required property 'name' not set (Packages/com.unity.services.core/Runtime/Networking/Unity.Services.Core.Networking.asmdef)
Required property 'name' not set (Packages/com.unity.services.core/Runtime/Core.Internal/Unity.Services.Core.Internal.asmdef)
Required property 'name' not set (Packages/com.unity.services.core/Runtime/Configuration/Unity.Services.Core.Configuration.asmdef)
Required property 'name' not set (Packages/com.unity.services.core/Runtime/Core/Unity.Services.Core.asmdef)
Required property 'name' not set (Packages/com.unity.services.core/Editor/Core/Unity.Services.Core.Editor.asmdef)
Required property 'name' not set (Packages/com.unity.services.core/Editor/Core/Configuration/Unity.Services.Core.Configuration.Editor.asmdef)
Required property 'name' not set (Packages/com.unity.services.core/Runtime/Analytics/Unity.Services.Core.Analytics.asmdef)
Required property 'name' not set (Packages/com.unity.services.core/Runtime/Registration/Unity.Services.Core.Registration.asmdef)
Required property 'name' not set (Packages/com.unity.services.core/Runtime/Environments/Unity.Services.Core.Environments.asmdef)
Required property 'name' not set (Packages/com.unity.services.core/Runtime/Scheduler/Unity.Services.Core.Scheduler.asmdef)
Required property 'name' not set (Packages/com.unity.services.core/Runtime/Environments/Internal/Unity.Services.Core.Environments.Internal.asmdef)
Required property 'name' not set (Packages/com.unity.collab-proxy/Editor/Collaborate/Unity.CollabProxy.Editor.asmdef)
Required property 'name' not set (Packages/com.unity.collab-proxy/Tests/Editor/Collaborate/Unity.CollabProxy.EditorTests.asmdef)
Required property 'name' not set (Packages/com.unity.services.core/Runtime/Threading/Unity.Services.Core.Threading.asmdef)
Required property 'name' not set (Packages/com.unity.collab-proxy/Tests/Editor/PlasticSCM/Unity.PlasticSCM.EditorTests.asmdef)
Required property 'name' not set (Packages/com.unity.services.core/Runtime/Device/Unity.Services.Core.Device.asmdef)
Required property 'name' not set (Packages/com.unity.services.core/Runtime/Telemetry/Unity.Services.Core.Telemetry.asmdef)
Required property 'name' not set (Packages/com.unity.services.core/Runtime/Networking/Unity.Services.Core.Networking.asmdef)
Required property 'name' not set (Packages/com.unity.services.core/Runtime/Core.Internal/Unity.Services.Core.Internal.asmdef)
Required property 'name' not set (Packages/com.unity.services.core/Runtime/Configuration/Unity.Services.Core.Configuration.asmdef)
Required property 'name' not set (Packages/com.unity.services.core/Runtime/Core/Unity.Services.Core.asmdef)
Required property 'name' not set (Packages/com.unity.services.core/Editor/Core/Unity.Services.Core.Editor.asmdef)
Required property 'name' not set (Packages/com.unity.services.core/Editor/Core/Configuration/Unity.Services.Core.Configuration.Editor.asmdef)
Required property 'name' not set (Packages/com.unity.services.core/Runtime/Analytics/Unity.Services.Core.Analytics.asmdef)
Required property 'name' not set (Packages/com.unity.services.core/Runtime/Registration/Unity.Services.Core.Registration.asmdef)
Required property 'name' not set (Packages/com.unity.services.core/Runtime/Environments/Unity.Services.Core.Environments.asmdef)
Required property 'name' not set (Packages/com.unity.services.core/Runtime/Scheduler/Unity.Services.Core.Scheduler.asmdef)
Required property 'name' not set (Packages/com.unity.services.core/Runtime/Environments/Internal/Unity.Services.Core.Environments.Internal.asmdef)
Required property 'name' not set (Packages/com.unity.collab-proxy/Editor/Collaborate/Unity.CollabProxy.Editor.asmdef)
Required property 'name' not set (Packages/com.unity.collab-proxy/Tests/Editor/Collaborate/Unity.CollabProxy.EditorTests.asmdef)
Required property 'name' not set (Packages/com.unity.services.core/Runtime/Threading/Unity.Services.Core.Threading.asmdef)
Required property 'name' not set (Packages/com.unity.collab-proxy/Tests/Editor/PlasticSCM/Unity.PlasticSCM.EditorTests.asmdef)
Required property 'name' not set (Packages/com.unity.services.core/Runtime/Device/Unity.Services.Core.Device.asmdef)
Begin MonoManager ReloadAssembly
Symbol file LoadedFromMemory doesn't match image C:\Users\a0108\OneDrive\바탕 화면\sokovan\Library\PackageCache\com.unity.visualscripting@1.8.0\Editor\VisualScripting.Core\Dependencies\YamlDotNet\Unity.VisualScripting.YamlDotNet.dll
Symbol file LoadedFromMemory doesn't match image C:\Users\a0108\OneDrive\바탕 화면\sokovan\Library\PackageCache\com.unity.visualscripting@1.8.0\Editor\VisualScripting.Core\Dependencies\DotNetZip\Unity.VisualScripting.IonicZip.dll
Native extension for WindowsStandalone target not found
Native extension for WebGL target not found
Refreshing native plugins compatible for Editor in 0.53 ms, found 3 plugins.
Preloading 0 native plugins for Editor in 0.00 ms.
Required property 'name' not set (Packages/com.unity.services.core/Runtime/Telemetry/Unity.Services.Core.Telemetry.asmdef)
Required property 'name' not set (Packages/com.unity.services.core/Runtime/Networking/Unity.Services.Core.Networking.asmdef)
Required property 'name' not set (Packages/com.unity.services.core/Runtime/Core.Internal/Unity.Services.Core.Internal.asmdef)
Required property 'name' not set (Packages/com.unity.services.core/Runtime/Configuration/Unity.Services.Core.Configuration.asmdef)
Required property 'name' not set (Packages/com.unity.services.core/Runtime/Core/Unity.Services.Core.asmdef)
Required property 'name' not set (Packages/com.unity.services.core/Editor/Core/Unity.Services.Core.Editor.asmdef)
Required property 'name' not set (Packages/com.unity.services.core/Editor/Core/Configuration/Unity.Services.Core.Configuration.Editor.asmdef)
Required property 'name' not set (Packages/com.unity.services.core/Runtime/Analytics/Unity.Services.Core.Analytics.asmdef)
Required property 'name' not set (Packages/com.unity.services.core/Runtime/Registration/Unity.Services.Core.Registration.asmdef)
Required property 'name' not set (Packages/com.unity.services.core/Runtime/Environments/Unity.Services.Core.Environments.asmdef)
Required property 'name' not set (Packages/com.unity.services.core/Runtime/Scheduler/Unity.Services.Core.Scheduler.asmdef)
Required property 'name' not set (Packages/com.unity.services.core/Runtime/Environments/Internal/Unity.Services.Core.Environments.Internal.asmdef)
Required property 'name' not set (Packages/com.unity.collab-proxy/Editor/Collaborate/Unity.CollabProxy.Editor.asmdef)
Required property 'name' not set (Packages/com.unity.collab-proxy/Tests/Editor/Collaborate/Unity.CollabProxy.EditorTests.asmdef)
Required property 'name' not set (Packages/com.unity.services.core/Runtime/Threading/Unity.Services.Core.Threading.asmdef)
Required property 'name' not set (Packages/com.unity.collab-proxy/Tests/Editor/PlasticSCM/Unity.PlasticSCM.EditorTests.asmdef)
Required property 'name' not set (Packages/com.unity.services.core/Runtime/Device/Unity.Services.Core.Device.asmdef)
Mono: successfully reloaded assembly
- Completed reload, in  1.138 seconds
Domain Reload Profiling:
	ReloadAssembly (1139ms)
		BeginReloadAssembly (330ms)
			ExecutionOrderSort (0ms)
			DisableScriptedObjects (10ms)
			BackupInstance (0ms)
			ReleaseScriptingObjects (0ms)
			CreateAndSetChildDomain (55ms)
		EndReloadAssembly (628ms)
			LoadAssemblies (232ms)
			RebuildTransferFunctionScriptingTraits (0ms)
			SetupTypeCache (196ms)
			ReleaseScriptCaches (1ms)
			RebuildScriptCaches (34ms)
			SetupLoadedEditorAssemblies (264ms)
				LogAssemblyErrors (0ms)
				InitializePlatformSupportModulesInManaged (9ms)
				SetLoadedEditorAssemblies (1ms)
				RefreshPlugins (1ms)
				BeforeProcessingInitializeOnLoad (78ms)
				ProcessInitializeOnLoadAttributes (150ms)
				ProcessInitializeOnLoadMethodAttributes (14ms)
				AfterProcessingInitializeOnLoad (12ms)
				EditorAssembliesLoaded (0ms)
			ExecutionOrderSort2 (0ms)
			AwakeInstancesAfterBackupRestoration (8ms)
Platform modules already initialized, skipping
Refreshing native plugins compatible for Editor in 1.94 ms, found 3 plugins.
Preloading 0 native plugins for Editor in 0.00 ms.
Unloading 3042 Unused Serialized files (Serialized files now loaded: 0)
Unloading 15 unused Assets / (24.7 KB). Loaded Objects now: 3621.
Memory consumption went from 116.8 MB to 116.8 MB.
Total: 2.478800 ms (FindLiveObjects: 0.257500 ms CreateObjectMapping: 0.132300 ms MarkObjects: 2.059000 ms  DeleteObjects: 0.028700 ms)

AssetImportParameters requested are different than current active one (requested -> active):
  custom:video-decoder-ogg-theora: a1e56fd34408186e4bbccfd4996cb3dc -> 
  custom:container-muxer-webm: aa71ff27fc2769a1b78a27578f13a17b -> 
  custom:container-demuxer-webm: 4f35f7cbe854078d1ac9338744f61a02 -> 
  custom:video-encoder-webm-vp8: eb34c28f22e8b96e1ab97ce403110664 -> 
  custom:video-codec-MediaFoundation-h265: 746d11721c4dcdbdad8f713fa42b33f4 -> 
  custom:audio-encoder-webm-vorbis: bf7c407c2cedff20999df2af8eb42d56 -> 
  custom:framework-win-MediaFoundation: 216162199b28c13a410421893ffa2e32 -> 
  custom:container-demuxer-ogg: 62fdf1f143b41e24485cea50d1cbac27 -> 
  custom:video-decoder-webm-vp8: 9c59270c3fd7afecdb556c50c9e8de78 -> 
  custom:audio-decoder-ogg-vorbis: bf7c407c2cedff20999df2af8eb42d56 -> 
========================================================================
Received Prepare
Registering precompiled user dll's ...
Registered in 0.022014 seconds.
Required property 'name' not set (Packages/com.unity.services.core/Runtime/Telemetry/Unity.Services.Core.Telemetry.asmdef)
Required property 'name' not set (Packages/com.unity.services.core/Runtime/Networking/Unity.Services.Core.Networking.asmdef)
Required property 'name' not set (Packages/com.unity.services.core/Runtime/Core.Internal/Unity.Services.Core.Internal.asmdef)
Required property 'name' not set (Packages/com.unity.services.core/Runtime/Configuration/Unity.Services.Core.Configuration.asmdef)
Required property 'name' not set (Packages/com.unity.services.core/Runtime/Core/Unity.Services.Core.asmdef)
Required property 'name' not set (Packages/com.unity.services.core/Editor/Core/Unity.Services.Core.Editor.asmdef)
Required property 'name' not set (Packages/com.unity.services.core/Editor/Core/Configuration/Unity.Services.Core.Configuration.Editor.asmdef)
Required property 'name' not set (Packages/com.unity.services.core/Runtime/Analytics/Unity.Services.Core.Analytics.asmdef)
Required property 'name' not set (Packages/com.unity.services.core/Runtime/Registration/Unity.Services.Core.Registration.asmdef)
Required property 'name' not set (Packages/com.unity.services.core/Runtime/Environments/Unity.Services.Core.Environments.asmdef)
Required property 'name' not set (Packages/com.unity.services.core/Runtime/Scheduler/Unity.Services.Core.Scheduler.asmdef)
Required property 'name' not set (Packages/com.unity.services.core/Runtime/Environments/Internal/Unity.Services.Core.Environments.Internal.asmdef)
Required property 'name' not set (Packages/com.unity.collab-proxy/Editor/Collaborate/Unity.CollabProxy.Editor.asmdef)
Required property 'name' not set (Packages/com.unity.collab-proxy/Tests/Editor/Collaborate/Unity.CollabProxy.EditorTests.asmdef)
Required property 'name' not set (Packages/com.unity.services.core/Runtime/Threading/Unity.Services.Core.Threading.asmdef)
Required property 'name' not set (Packages/com.unity.collab-proxy/Tests/Editor/PlasticSCM/Unity.PlasticSCM.EditorTests.asmdef)
Required property 'name' not set (Packages/com.unity.services.core/Runtime/Device/Unity.Services.Core.Device.asmdef)
Required property 'name' not set (Packages/com.unity.services.core/Runtime/Telemetry/Unity.Services.Core.Telemetry.asmdef)
Required property 'name' not set (Packages/com.unity.services.core/Runtime/Networking/Unity.Services.Core.Networking.asmdef)
Required property 'name' not set (Packages/com.unity.services.core/Runtime/Core.Internal/Unity.Services.Core.Internal.asmdef)
Required property 'name' not set (Packages/com.unity.services.core/Runtime/Configuration/Unity.Services.Core.Configuration.asmdef)
Required property 'name' not set (Packages/com.unity.services.core/Runtime/Core/Unity.Services.Core.asmdef)
Required property 'name' not set (Packages/com.unity.services.core/Editor/Core/Unity.Services.Core.Editor.asmdef)
Required property 'name' not set (Packages/com.unity.services.core/Editor/Core/Configuration/Unity.Services.Core.Configuration.Editor.asmdef)
Required property 'name' not set (Packages/com.unity.services.core/Runtime/Analytics/Unity.Services.Core.Analytics.asmdef)
Required property 'name' not set (Packages/com.unity.services.core/Runtime/Registration/Unity.Services.Core.Registration.asmdef)
Required property 'name' not set (Packages/com.unity.services.core/Runtime/Environments/Unity.Services.Core.Environments.asmdef)
Required property 'name' not set (Packages/com.unity.services.core/Runtime/Scheduler/Unity.Services.Core.Scheduler.asmdef)
Required property 'name' not set (Packages/com.unity.services.core/Runtime/Environments/Internal/Unity.Services.Core.Environments.Internal.asmdef)
Required property 'name' not set (Packages/com.unity.collab-proxy/Editor/Collaborate/Unity.CollabProxy.Editor.asmdef)
Required property 'name' not set (Packages/com.unity.collab-proxy/Tests/Editor/Collaborate/Unity.CollabProxy.EditorTests.asmdef)
Required property 'name' not set (Packages/com.unity.services.core/Runtime/Threading/Unity.Services.Core.Threading.asmdef)
Required property 'name' not set (Packages/com.unity.collab-proxy/Tests/Editor/PlasticSCM/Unity.PlasticSCM.EditorTests.asmdef)
Required property 'name' not set (Packages/com.unity.services.core/Runtime/Device/Unity.Services.Core.Device.asmdef)
Begin MonoManager ReloadAssembly
Symbol file LoadedFromMemory doesn't match image C:\Users\a0108\OneDrive\바탕 화면\sokovan\Library\PackageCache\com.unity.visualscripting@1.8.0\Editor\VisualScripting.Core\Dependencies\YamlDotNet\Unity.VisualScripting.YamlDotNet.dll
Symbol file LoadedFromMemory doesn't match image C:\Users\a0108\OneDrive\바탕 화면\sokovan\Library\PackageCache\com.unity.visualscripting@1.8.0\Editor\VisualScripting.Core\Dependencies\DotNetZip\Unity.VisualScripting.IonicZip.dll
Native extension for WindowsStandalone target not found
Native extension for WebGL target not found
Refreshing native plugins compatible for Editor in 0.66 ms, found 3 plugins.
Preloading 0 native plugins for Editor in 0.00 ms.
Required property 'name' not set (Packages/com.unity.services.core/Runtime/Telemetry/Unity.Services.Core.Telemetry.asmdef)
Required property 'name' not set (Packages/com.unity.services.core/Runtime/Networking/Unity.Services.Core.Networking.asmdef)
Required property 'name' not set (Packages/com.unity.services.core/Runtime/Core.Internal/Unity.Services.Core.Internal.asmdef)
Required property 'name' not set (Packages/com.unity.services.core/Runtime/Configuration/Unity.Services.Core.Configuration.asmdef)
Required property 'name' not set (Packages/com.unity.services.core/Runtime/Core/Unity.Services.Core.asmdef)
Required property 'name' not set (Packages/com.unity.services.core/Editor/Core/Unity.Services.Core.Editor.asmdef)
Required property 'name' not set (Packages/com.unity.services.core/Editor/Core/Configuration/Unity.Services.Core.Configuration.Editor.asmdef)
Required property 'name' not set (Packages/com.unity.services.core/Runtime/Analytics/Unity.Services.Core.Analytics.asmdef)
Required property 'name' not set (Packages/com.unity.services.core/Runtime/Registration/Unity.Services.Core.Registration.asmdef)
Required property 'name' not set (Packages/com.unity.services.core/Runtime/Environments/Unity.Services.Core.Environments.asmdef)
Required property 'name' not set (Packages/com.unity.services.core/Runtime/Scheduler/Unity.Services.Core.Scheduler.asmdef)
Required property 'name' not set (Packages/com.unity.services.core/Runtime/Environments/Internal/Unity.Services.Core.Environments.Internal.asmdef)
Required property 'name' not set (Packages/com.unity.collab-proxy/Editor/Collaborate/Unity.CollabProxy.Editor.asmdef)
Required property 'name' not set (Packages/com.unity.collab-proxy/Tests/Editor/Collaborate/Unity.CollabProxy.EditorTests.asmdef)
Required property 'name' not set (Packages/com.unity.services.core/Runtime/Threading/Unity.Services.Core.Threading.asmdef)
Required property 'name' not set (Packages/com.unity.collab-proxy/Tests/Editor/PlasticSCM/Unity.PlasticSCM.EditorTests.asmdef)
Required property 'name' not set (Packages/com.unity.services.core/Runtime/Device/Unity.Services.Core.Device.asmdef)
Mono: successfully reloaded assembly
- Completed reload, in  0.940 seconds
Domain Reload Profiling:
	ReloadAssembly (940ms)
		BeginReloadAssembly (145ms)
			ExecutionOrderSort (0ms)
			DisableScriptedObjects (4ms)
			BackupInstance (0ms)
			ReleaseScriptingObjects (0ms)
			CreateAndSetChildDomain (29ms)
		EndReloadAssembly (701ms)
			LoadAssemblies (102ms)
			RebuildTransferFunctionScriptingTraits (0ms)
			SetupTypeCache (263ms)
			ReleaseScriptCaches (1ms)
			RebuildScriptCaches (32ms)
			SetupLoadedEditorAssemblies (285ms)
				LogAssemblyErrors (0ms)
				InitializePlatformSupportModulesInManaged (7ms)
				SetLoadedEditorAssemblies (1ms)
				RefreshPlugins (1ms)
				BeforeProcessingInitializeOnLoad (83ms)
				ProcessInitializeOnLoadAttributes (167ms)
				ProcessInitializeOnLoadMethodAttributes (14ms)
				AfterProcessingInitializeOnLoad (12ms)
				EditorAssembliesLoaded (0ms)
			ExecutionOrderSort2 (0ms)
			AwakeInstancesAfterBackupRestoration (6ms)
Platform modules already initialized, skipping
Refreshing native plugins compatible for Editor in 1.87 ms, found 3 plugins.
Preloading 0 native plugins for Editor in 0.00 ms.
Unloading 3042 Unused Serialized files (Serialized files now loaded: 0)
Unloading 15 unused Assets / (24.6 KB). Loaded Objects now: 3624.
Memory consumption went from 116.8 MB to 116.8 MB.
Total: 4.429600 ms (FindLiveObjects: 0.196600 ms CreateObjectMapping: 0.219400 ms MarkObjects: 3.954500 ms  DeleteObjects: 0.057900 ms)

AssetImportParameters requested are different than current active one (requested -> active):
  custom:video-decoder-ogg-theora: a1e56fd34408186e4bbccfd4996cb3dc -> 
  custom:container-muxer-webm: aa71ff27fc2769a1b78a27578f13a17b -> 
  custom:container-demuxer-webm: 4f35f7cbe854078d1ac9338744f61a02 -> 
  custom:video-encoder-webm-vp8: eb34c28f22e8b96e1ab97ce403110664 -> 
  custom:video-codec-MediaFoundation-h265: 746d11721c4dcdbdad8f713fa42b33f4 -> 
  custom:audio-encoder-webm-vorbis: bf7c407c2cedff20999df2af8eb42d56 -> 
  custom:framework-win-MediaFoundation: 216162199b28c13a410421893ffa2e32 -> 
  custom:container-demuxer-ogg: 62fdf1f143b41e24485cea50d1cbac27 -> 
  custom:video-decoder-webm-vp8: 9c59270c3fd7afecdb556c50c9e8de78 -> 
  custom:audio-decoder-ogg-vorbis: bf7c407c2cedff20999df2af8eb42d56 -> 
========================================================================
Received Prepare
Registering precompiled user dll's ...
Registered in 0.009871 seconds.
Required property 'name' not set (Packages/com.unity.services.core/Runtime/Telemetry/Unity.Services.Core.Telemetry.asmdef)
Required property 'name' not set (Packages/com.unity.services.core/Runtime/Networking/Unity.Services.Core.Networking.asmdef)
Required property 'name' not set (Packages/com.unity.services.core/Runtime/Core.Internal/Unity.Services.Core.Internal.asmdef)
Required property 'name' not set (Packages/com.unity.services.core/Runtime/Configuration/Unity.Services.Core.Configuration.asmdef)
Required property 'name' not set (Packages/com.unity.services.core/Runtime/Core/Unity.Services.Core.asmdef)
Required property 'name' not set (Packages/com.unity.services.core/Editor/Core/Unity.Services.Core.Editor.asmdef)
Required property 'name' not set (Packages/com.unity.services.core/Editor/Core/Configuration/Unity.Services.Core.Configuration.Editor.asmdef)
Required property 'name' not set (Packages/com.unity.services.core/Runtime/Analytics/Unity.Services.Core.Analytics.asmdef)
Required property 'name' not set (Packages/com.unity.services.core/Runtime/Registration/Unity.Services.Core.Registration.asmdef)
Required property 'name' not set (Packages/com.unity.services.core/Runtime/Environments/Unity.Services.Core.Environments.asmdef)
Required property 'name' not set (Packages/com.unity.services.core/Runtime/Scheduler/Unity.Services.Core.Scheduler.asmdef)
Required property 'name' not set (Packages/com.unity.services.core/Runtime/Environments/Internal/Unity.Services.Core.Environments.Internal.asmdef)
Required property 'name' not set (Packages/com.unity.collab-proxy/Editor/Collaborate/Unity.CollabProxy.Editor.asmdef)
Required property 'name' not set (Packages/com.unity.collab-proxy/Tests/Editor/Collaborate/Unity.CollabProxy.EditorTests.asmdef)
Required property 'name' not set (Packages/com.unity.services.core/Runtime/Threading/Unity.Services.Core.Threading.asmdef)
Required property 'name' not set (Packages/com.unity.collab-proxy/Tests/Editor/PlasticSCM/Unity.PlasticSCM.EditorTests.asmdef)
Required property 'name' not set (Packages/com.unity.services.core/Runtime/Device/Unity.Services.Core.Device.asmdef)
Required property 'name' not set (Packages/com.unity.services.core/Runtime/Telemetry/Unity.Services.Core.Telemetry.asmdef)
Required property 'name' not set (Packages/com.unity.services.core/Runtime/Networking/Unity.Services.Core.Networking.asmdef)
Required property 'name' not set (Packages/com.unity.services.core/Runtime/Core.Internal/Unity.Services.Core.Internal.asmdef)
Required property 'name' not set (Packages/com.unity.services.core/Runtime/Configuration/Unity.Services.Core.Configuration.asmdef)
Required property 'name' not set (Packages/com.unity.services.core/Runtime/Core/Unity.Services.Core.asmdef)
Required property 'name' not set (Packages/com.unity.services.core/Editor/Core/Unity.Services.Core.Editor.asmdef)
Required property 'name' not set (Packages/com.unity.services.core/Editor/Core/Configuration/Unity.Services.Core.Configuration.Editor.asmdef)
Required property 'name' not set (Packages/com.unity.services.core/Runtime/Analytics/Unity.Services.Core.Analytics.asmdef)
Required property 'name' not set (Packages/com.unity.services.core/Runtime/Registration/Unity.Services.Core.Registration.asmdef)
Required property 'name' not set (Packages/com.unity.services.core/Runtime/Environments/Unity.Services.Core.Environments.asmdef)
Required property 'name' not set (Packages/com.unity.services.core/Runtime/Scheduler/Unity.Services.Core.Scheduler.asmdef)
Required property 'name' not set (Packages/com.unity.services.core/Runtime/Environments/Internal/Unity.Services.Core.Environments.Internal.asmdef)
Required property 'name' not set (Packages/com.unity.collab-proxy/Editor/Collaborate/Unity.CollabProxy.Editor.asmdef)
Required property 'name' not set (Packages/com.unity.collab-proxy/Tests/Editor/Collaborate/Unity.CollabProxy.EditorTests.asmdef)
Required property 'name' not set (Packages/com.unity.services.core/Runtime/Threading/Unity.Services.Core.Threading.asmdef)
Required property 'name' not set (Packages/com.unity.collab-proxy/Tests/Editor/PlasticSCM/Unity.PlasticSCM.EditorTests.asmdef)
Required property 'name' not set (Packages/com.unity.services.core/Runtime/Device/Unity.Services.Core.Device.asmdef)
Begin MonoManager ReloadAssembly
Symbol file LoadedFromMemory doesn't match image C:\Users\a0108\OneDrive\바탕 화면\sokovan\Library\PackageCache\com.unity.visualscripting@1.8.0\Editor\VisualScripting.Core\Dependencies\YamlDotNet\Unity.VisualScripting.YamlDotNet.dll
Symbol file LoadedFromMemory doesn't match image C:\Users\a0108\OneDrive\바탕 화면\sokovan\Library\PackageCache\com.unity.visualscripting@1.8.0\Editor\VisualScripting.Core\Dependencies\DotNetZip\Unity.VisualScripting.IonicZip.dll
Native extension for WindowsStandalone target not found
Native extension for WebGL target not found
Refreshing native plugins compatible for Editor in 1.66 ms, found 3 plugins.
Preloading 0 native plugins for Editor in 0.00 ms.
Required property 'name' not set (Packages/com.unity.services.core/Runtime/Telemetry/Unity.Services.Core.Telemetry.asmdef)
Required property 'name' not set (Packages/com.unity.services.core/Runtime/Networking/Unity.Services.Core.Networking.asmdef)
Required property 'name' not set (Packages/com.unity.services.core/Runtime/Core.Internal/Unity.Services.Core.Internal.asmdef)
Required property 'name' not set (Packages/com.unity.services.core/Runtime/Configuration/Unity.Services.Core.Configuration.asmdef)
Required property 'name' not set (Packages/com.unity.services.core/Runtime/Core/Unity.Services.Core.asmdef)
Required property 'name' not set (Packages/com.unity.services.core/Editor/Core/Unity.Services.Core.Editor.asmdef)
Required property 'name' not set (Packages/com.unity.services.core/Editor/Core/Configuration/Unity.Services.Core.Configuration.Editor.asmdef)
Required property 'name' not set (Packages/com.unity.services.core/Runtime/Analytics/Unity.Services.Core.Analytics.asmdef)
Required property 'name' not set (Packages/com.unity.services.core/Runtime/Registration/Unity.Services.Core.Registration.asmdef)
Required property 'name' not set (Packages/com.unity.services.core/Runtime/Environments/Unity.Services.Core.Environments.asmdef)
Required property 'name' not set (Packages/com.unity.services.core/Runtime/Scheduler/Unity.Services.Core.Scheduler.asmdef)
Required property 'name' not set (Packages/com.unity.services.core/Runtime/Environments/Internal/Unity.Services.Core.Environments.Internal.asmdef)
Required property 'name' not set (Packages/com.unity.collab-proxy/Editor/Collaborate/Unity.CollabProxy.Editor.asmdef)
Required property 'name' not set (Packages/com.unity.collab-proxy/Tests/Editor/Collaborate/Unity.CollabProxy.EditorTests.asmdef)
Required property 'name' not set (Packages/com.unity.services.core/Runtime/Threading/Unity.Services.Core.Threading.asmdef)
Required property 'name' not set (Packages/com.unity.collab-proxy/Tests/Editor/PlasticSCM/Unity.PlasticSCM.EditorTests.asmdef)
Required property 'name' not set (Packages/com.unity.services.core/Runtime/Device/Unity.Services.Core.Device.asmdef)
Mono: successfully reloaded assembly
- Completed reload, in  2.104 seconds
Domain Reload Profiling:
	ReloadAssembly (2110ms)
		BeginReloadAssembly (164ms)
			ExecutionOrderSort (0ms)
			DisableScriptedObjects (4ms)
			BackupInstance (0ms)
			ReleaseScriptingObjects (0ms)
			CreateAndSetChildDomain (34ms)
		EndReloadAssembly (1851ms)
			LoadAssemblies (146ms)
			RebuildTransferFunctionScriptingTraits (0ms)
			SetupTypeCache (497ms)
			ReleaseScriptCaches (4ms)
			RebuildScriptCaches (108ms)
			SetupLoadedEditorAssemblies (869ms)
				LogAssemblyErrors (0ms)
				InitializePlatformSupportModulesInManaged (29ms)
				SetLoadedEditorAssemblies (0ms)
				RefreshPlugins (2ms)
				BeforeProcessingInitializeOnLoad (272ms)
				ProcessInitializeOnLoadAttributes (478ms)
				ProcessInitializeOnLoadMethodAttributes (45ms)
				AfterProcessingInitializeOnLoad (44ms)
				EditorAssembliesLoaded (0ms)
			ExecutionOrderSort2 (0ms)
			AwakeInstancesAfterBackupRestoration (25ms)
Platform modules already initialized, skipping
Refreshing native plugins compatible for Editor in 19.68 ms, found 3 plugins.
Preloading 0 native plugins for Editor in 0.00 ms.
Unloading 3042 Unused Serialized files (Serialized files now loaded: 0)
Unloading 15 unused Assets / (24.6 KB). Loaded Objects now: 3627.
Memory consumption went from 116.8 MB to 116.8 MB.
Total: 4.206300 ms (FindLiveObjects: 0.243900 ms CreateObjectMapping: 0.129800 ms MarkObjects: 3.801400 ms  DeleteObjects: 0.029900 ms)

AssetImportParameters requested are different than current active one (requested -> active):
  custom:video-decoder-ogg-theora: a1e56fd34408186e4bbccfd4996cb3dc -> 
  custom:container-muxer-webm: aa71ff27fc2769a1b78a27578f13a17b -> 
  custom:container-demuxer-webm: 4f35f7cbe854078d1ac9338744f61a02 -> 
  custom:video-encoder-webm-vp8: eb34c28f22e8b96e1ab97ce403110664 -> 
  custom:video-codec-MediaFoundation-h265: 746d11721c4dcdbdad8f713fa42b33f4 -> 
  custom:audio-encoder-webm-vorbis: bf7c407c2cedff20999df2af8eb42d56 -> 
  custom:framework-win-MediaFoundation: 216162199b28c13a410421893ffa2e32 -> 
  custom:container-demuxer-ogg: 62fdf1f143b41e24485cea50d1cbac27 -> 
  custom:video-decoder-webm-vp8: 9c59270c3fd7afecdb556c50c9e8de78 -> 
  custom:audio-decoder-ogg-vorbis: bf7c407c2cedff20999df2af8eb42d56 -> 
========================================================================
Received Prepare
Registering precompiled user dll's ...
Registered in 0.010555 seconds.
Required property 'name' not set (Packages/com.unity.services.core/Runtime/Telemetry/Unity.Services.Core.Telemetry.asmdef)
Required property 'name' not set (Packages/com.unity.services.core/Runtime/Networking/Unity.Services.Core.Networking.asmdef)
Required property 'name' not set (Packages/com.unity.services.core/Runtime/Core.Internal/Unity.Services.Core.Internal.asmdef)
Required property 'name' not set (Packages/com.unity.services.core/Runtime/Configuration/Unity.Services.Core.Configuration.asmdef)
Required property 'name' not set (Packages/com.unity.services.core/Runtime/Core/Unity.Services.Core.asmdef)
Required property 'name' not set (Packages/com.unity.services.core/Editor/Core/Unity.Services.Core.Editor.asmdef)
Required property 'name' not set (Packages/com.unity.services.core/Editor/Core/Configuration/Unity.Services.Core.Configuration.Editor.asmdef)
Required property 'name' not set (Packages/com.unity.services.core/Runtime/Analytics/Unity.Services.Core.Analytics.asmdef)
Required property 'name' not set (Packages/com.unity.services.core/Runtime/Registration/Unity.Services.Core.Registration.asmdef)
Required property 'name' not set (Packages/com.unity.services.core/Runtime/Environments/Unity.Services.Core.Environments.asmdef)
Required property 'name' not set (Packages/com.unity.services.core/Runtime/Scheduler/Unity.Services.Core.Scheduler.asmdef)
Required property 'name' not set (Packages/com.unity.services.core/Runtime/Environments/Internal/Unity.Services.Core.Environments.Internal.asmdef)
Required property 'name' not set (Packages/com.unity.collab-proxy/Editor/Collaborate/Unity.CollabProxy.Editor.asmdef)
Required property 'name' not set (Packages/com.unity.collab-proxy/Tests/Editor/Collaborate/Unity.CollabProxy.EditorTests.asmdef)
Required property 'name' not set (Packages/com.unity.services.core/Runtime/Threading/Unity.Services.Core.Threading.asmdef)
Required property 'name' not set (Packages/com.unity.collab-proxy/Tests/Editor/PlasticSCM/Unity.PlasticSCM.EditorTests.asmdef)
Required property 'name' not set (Packages/com.unity.services.core/Runtime/Device/Unity.Services.Core.Device.asmdef)
Required property 'name' not set (Packages/com.unity.services.core/Runtime/Telemetry/Unity.Services.Core.Telemetry.asmdef)
Required property 'name' not set (Packages/com.unity.services.core/Runtime/Networking/Unity.Services.Core.Networking.asmdef)
Required property 'name' not set (Packages/com.unity.services.core/Runtime/Core.Internal/Unity.Services.Core.Internal.asmdef)
Required property 'name' not set (Packages/com.unity.services.core/Runtime/Configuration/Unity.Services.Core.Configuration.asmdef)
Required property 'name' not set (Packages/com.unity.services.core/Runtime/Core/Unity.Services.Core.asmdef)
Required property 'name' not set (Packages/com.unity.services.core/Editor/Core/Unity.Services.Core.Editor.asmdef)
Required property 'name' not set (Packages/com.unity.services.core/Editor/Core/Configuration/Unity.Services.Core.Configuration.Editor.asmdef)
Required property 'name' not set (Packages/com.unity.services.core/Runtime/Analytics/Unity.Services.Core.Analytics.asmdef)
Required property 'name' not set (Packages/com.unity.services.core/Runtime/Registration/Unity.Services.Core.Registration.asmdef)
Required property 'name' not set (Packages/com.unity.services.core/Runtime/Environments/Unity.Services.Core.Environments.asmdef)
Required property 'name' not set (Packages/com.unity.services.core/Runtime/Scheduler/Unity.Services.Core.Scheduler.asmdef)
Required property 'name' not set (Packages/com.unity.services.core/Runtime/Environments/Internal/Unity.Services.Core.Environments.Internal.asmdef)
Required property 'name' not set (Packages/com.unity.collab-proxy/Editor/Collaborate/Unity.CollabProxy.Editor.asmdef)
Required property 'name' not set (Packages/com.unity.collab-proxy/Tests/Editor/Collaborate/Unity.CollabProxy.EditorTests.asmdef)
Required property 'name' not set (Packages/com.unity.services.core/Runtime/Threading/Unity.Services.Core.Threading.asmdef)
Required property 'name' not set (Packages/com.unity.collab-proxy/Tests/Editor/PlasticSCM/Unity.PlasticSCM.EditorTests.asmdef)
Required property 'name' not set (Packages/com.unity.services.core/Runtime/Device/Unity.Services.Core.Device.asmdef)
Begin MonoManager ReloadAssembly
Symbol file LoadedFromMemory doesn't match image C:\Users\a0108\OneDrive\바탕 화면\sokovan\Library\PackageCache\com.unity.visualscripting@1.8.0\Editor\VisualScripting.Core\Dependencies\YamlDotNet\Unity.VisualScripting.YamlDotNet.dll
Symbol file LoadedFromMemory doesn't match image C:\Users\a0108\OneDrive\바탕 화면\sokovan\Library\PackageCache\com.unity.visualscripting@1.8.0\Editor\VisualScripting.Core\Dependencies\DotNetZip\Unity.VisualScripting.IonicZip.dll
Native extension for WindowsStandalone target not found
Native extension for WebGL target not found
Refreshing native plugins compatible for Editor in 0.39 ms, found 3 plugins.
Preloading 0 native plugins for Editor in 0.00 ms.
Required property 'name' not set (Packages/com.unity.services.core/Runtime/Telemetry/Unity.Services.Core.Telemetry.asmdef)
Required property 'name' not set (Packages/com.unity.services.core/Runtime/Networking/Unity.Services.Core.Networking.asmdef)
Required property 'name' not set (Packages/com.unity.services.core/Runtime/Core.Internal/Unity.Services.Core.Internal.asmdef)
Required property 'name' not set (Packages/com.unity.services.core/Runtime/Configuration/Unity.Services.Core.Configuration.asmdef)
Required property 'name' not set (Packages/com.unity.services.core/Runtime/Core/Unity.Services.Core.asmdef)
Required property 'name' not set (Packages/com.unity.services.core/Editor/Core/Unity.Services.Core.Editor.asmdef)
Required property 'name' not set (Packages/com.unity.services.core/Editor/Core/Configuration/Unity.Services.Core.Configuration.Editor.asmdef)
Required property 'name' not set (Packages/com.unity.services.core/Runtime/Analytics/Unity.Services.Core.Analytics.asmdef)
Required property 'name' not set (Packages/com.unity.services.core/Runtime/Registration/Unity.Services.Core.Registration.asmdef)
Required property 'name' not set (Packages/com.unity.services.core/Runtime/Environments/Unity.Services.Core.Environments.asmdef)
Required property 'name' not set (Packages/com.unity.services.core/Runtime/Scheduler/Unity.Services.Core.Scheduler.asmdef)
Required property 'name' not set (Packages/com.unity.services.core/Runtime/Environments/Internal/Unity.Services.Core.Environments.Internal.asmdef)
Required property 'name' not set (Packages/com.unity.collab-proxy/Editor/Collaborate/Unity.CollabProxy.Editor.asmdef)
Required property 'name' not set (Packages/com.unity.collab-proxy/Tests/Editor/Collaborate/Unity.CollabProxy.EditorTests.asmdef)
Required property 'name' not set (Packages/com.unity.services.core/Runtime/Threading/Unity.Services.Core.Threading.asmdef)
Required property 'name' not set (Packages/com.unity.collab-proxy/Tests/Editor/PlasticSCM/Unity.PlasticSCM.EditorTests.asmdef)
Required property 'name' not set (Packages/com.unity.services.core/Runtime/Device/Unity.Services.Core.Device.asmdef)
Mono: successfully reloaded assembly
- Completed reload, in  1.100 seconds
Domain Reload Profiling:
	ReloadAssembly (1100ms)
		BeginReloadAssembly (291ms)
			ExecutionOrderSort (0ms)
			DisableScriptedObjects (4ms)
			BackupInstance (0ms)
			ReleaseScriptingObjects (0ms)
			CreateAndSetChildDomain (41ms)
		EndReloadAssembly (598ms)
			LoadAssemblies (239ms)
			RebuildTransferFunctionScriptingTraits (0ms)
			SetupTypeCache (190ms)
			ReleaseScriptCaches (1ms)
			RebuildScriptCaches (29ms)
			SetupLoadedEditorAssemblies (266ms)
				LogAssemblyErrors (0ms)
				InitializePlatformSupportModulesInManaged (7ms)
				SetLoadedEditorAssemblies (0ms)
				RefreshPlugins (0ms)
				BeforeProcessingInitializeOnLoad (76ms)
				ProcessInitializeOnLoadAttributes (152ms)
				ProcessInitializeOnLoadMethodAttributes (18ms)
				AfterProcessingInitializeOnLoad (12ms)
				EditorAssembliesLoaded (0ms)
			ExecutionOrderSort2 (0ms)
			AwakeInstancesAfterBackupRestoration (7ms)
Platform modules already initialized, skipping
Refreshing native plugins compatible for Editor in 2.03 ms, found 3 plugins.
Preloading 0 native plugins for Editor in 0.00 ms.
Unloading 3043 Unused Serialized files (Serialized files now loaded: 0)
Unloading 15 unused Assets / (24.6 KB). Loaded Objects now: 3631.
Memory consumption went from 116.9 MB to 116.8 MB.
Total: 2.322100 ms (FindLiveObjects: 0.179000 ms CreateObjectMapping: 0.082100 ms MarkObjects: 2.041700 ms  DeleteObjects: 0.018300 ms)

AssetImportParameters requested are different than current active one (requested -> active):
  custom:video-decoder-ogg-theora: a1e56fd34408186e4bbccfd4996cb3dc -> 
  custom:container-muxer-webm: aa71ff27fc2769a1b78a27578f13a17b -> 
  custom:container-demuxer-webm: 4f35f7cbe854078d1ac9338744f61a02 -> 
  custom:video-encoder-webm-vp8: eb34c28f22e8b96e1ab97ce403110664 -> 
  custom:video-codec-MediaFoundation-h265: 746d11721c4dcdbdad8f713fa42b33f4 -> 
  custom:audio-encoder-webm-vorbis: bf7c407c2cedff20999df2af8eb42d56 -> 
  custom:framework-win-MediaFoundation: 216162199b28c13a410421893ffa2e32 -> 
  custom:container-demuxer-ogg: 62fdf1f143b41e24485cea50d1cbac27 -> 
  custom:video-decoder-webm-vp8: 9c59270c3fd7afecdb556c50c9e8de78 -> 
  custom:audio-decoder-ogg-vorbis: bf7c407c2cedff20999df2af8eb42d56 -> 
========================================================================
Received Import Request.
  Time since last request: 1602.534331 seconds.
  path: Assets/ItemBox.cs
  artifactKey: Guid(7558a160843c25c43a46b5031d0eee23) Importer(815301076,1909f56bfc062723c751e8b465ee728b)
Start importing Assets/ItemBox.cs using Guid(7558a160843c25c43a46b5031d0eee23) Importer(815301076,1909f56bfc062723c751e8b465ee728b)  -> (artifact id: '8afb9db75069d79e3ab015a3063120fb') in 0.015210 seconds 
========================================================================
Received Prepare
Registering precompiled user dll's ...
Registered in 0.008481 seconds.
Required property 'name' not set (Packages/com.unity.services.core/Runtime/Telemetry/Unity.Services.Core.Telemetry.asmdef)
Required property 'name' not set (Packages/com.unity.services.core/Runtime/Networking/Unity.Services.Core.Networking.asmdef)
Required property 'name' not set (Packages/com.unity.services.core/Runtime/Core.Internal/Unity.Services.Core.Internal.asmdef)
Required property 'name' not set (Packages/com.unity.services.core/Runtime/Configuration/Unity.Services.Core.Configuration.asmdef)
Required property 'name' not set (Packages/com.unity.services.core/Runtime/Core/Unity.Services.Core.asmdef)
Required property 'name' not set (Packages/com.unity.services.core/Editor/Core/Unity.Services.Core.Editor.asmdef)
Required property 'name' not set (Packages/com.unity.services.core/Editor/Core/Configuration/Unity.Services.Core.Configuration.Editor.asmdef)
Required property 'name' not set (Packages/com.unity.services.core/Runtime/Analytics/Unity.Services.Core.Analytics.asmdef)
Required property 'name' not set (Packages/com.unity.services.core/Runtime/Registration/Unity.Services.Core.Registration.asmdef)
Required property 'name' not set (Packages/com.unity.services.core/Runtime/Environments/Unity.Services.Core.Environments.asmdef)
Required property 'name' not set (Packages/com.unity.services.core/Runtime/Scheduler/Unity.Services.Core.Scheduler.asmdef)
Required property 'name' not set (Packages/com.unity.services.core/Runtime/Environments/Internal/Unity.Services.Core.Environments.Internal.asmdef)
Required property 'name' not set (Packages/com.unity.collab-proxy/Editor/Collaborate/Unity.CollabProxy.Editor.asmdef)
Required property 'name' not set (Packages/com.unity.collab-proxy/Tests/Editor/Collaborate/Unity.CollabProxy.EditorTests.asmdef)
Required property 'name' not set (Packages/com.unity.services.core/Runtime/Threading/Unity.Services.Core.Threading.asmdef)
Required property 'name' not set (Packages/com.unity.collab-proxy/Tests/Editor/PlasticSCM/Unity.PlasticSCM.EditorTests.asmdef)
Required property 'name' not set (Packages/com.unity.services.core/Runtime/Device/Unity.Services.Core.Device.asmdef)
Required property 'name' not set (Packages/com.unity.services.core/Runtime/Telemetry/Unity.Services.Core.Telemetry.asmdef)
Required property 'name' not set (Packages/com.unity.services.core/Runtime/Networking/Unity.Services.Core.Networking.asmdef)
Required property 'name' not set (Packages/com.unity.services.core/Runtime/Core.Internal/Unity.Services.Core.Internal.asmdef)
Required property 'name' not set (Packages/com.unity.services.core/Runtime/Configuration/Unity.Services.Core.Configuration.asmdef)
Required property 'name' not set (Packages/com.unity.services.core/Runtime/Core/Unity.Services.Core.asmdef)
Required property 'name' not set (Packages/com.unity.services.core/Editor/Core/Unity.Services.Core.Editor.asmdef)
Required property 'name' not set (Packages/com.unity.services.core/Editor/Core/Configuration/Unity.Services.Core.Configuration.Editor.asmdef)
Required property 'name' not set (Packages/com.unity.services.core/Runtime/Analytics/Unity.Services.Core.Analytics.asmdef)
Required property 'name' not set (Packages/com.unity.services.core/Runtime/Registration/Unity.Services.Core.Registration.asmdef)
Required property 'name' not set (Packages/com.unity.services.core/Runtime/Environments/Unity.Services.Core.Environments.asmdef)
Required property 'name' not set (Packages/com.unity.services.core/Runtime/Scheduler/Unity.Services.Core.Scheduler.asmdef)
Required property 'name' not set (Packages/com.unity.services.core/Runtime/Environments/Internal/Unity.Services.Core.Environments.Internal.asmdef)
Required property 'name' not set (Packages/com.unity.collab-proxy/Editor/Collaborate/Unity.CollabProxy.Editor.asmdef)
Required property 'name' not set (Packages/com.unity.collab-proxy/Tests/Editor/Collaborate/Unity.CollabProxy.EditorTests.asmdef)
Required property 'name' not set (Packages/com.unity.services.core/Runtime/Threading/Unity.Services.Core.Threading.asmdef)
Required property 'name' not set (Packages/com.unity.collab-proxy/Tests/Editor/PlasticSCM/Unity.PlasticSCM.EditorTests.asmdef)
Required property 'name' not set (Packages/com.unity.services.core/Runtime/Device/Unity.Services.Core.Device.asmdef)
Begin MonoManager ReloadAssembly
Symbol file LoadedFromMemory doesn't match image C:\Users\a0108\OneDrive\바탕 화면\sokovan\Library\PackageCache\com.unity.visualscripting@1.8.0\Editor\VisualScripting.Core\Dependencies\YamlDotNet\Unity.VisualScripting.YamlDotNet.dll
Symbol file LoadedFromMemory doesn't match image C:\Users\a0108\OneDrive\바탕 화면\sokovan\Library\PackageCache\com.unity.visualscripting@1.8.0\Editor\VisualScripting.Core\Dependencies\DotNetZip\Unity.VisualScripting.IonicZip.dll
Native extension for WindowsStandalone target not found
Native extension for WebGL target not found
Refreshing native plugins compatible for Editor in 0.48 ms, found 3 plugins.
Preloading 0 native plugins for Editor in 0.00 ms.
Required property 'name' not set (Packages/com.unity.services.core/Runtime/Telemetry/Unity.Services.Core.Telemetry.asmdef)
Required property 'name' not set (Packages/com.unity.services.core/Runtime/Networking/Unity.Services.Core.Networking.asmdef)
Required property 'name' not set (Packages/com.unity.services.core/Runtime/Core.Internal/Unity.Services.Core.Internal.asmdef)
Required property 'name' not set (Packages/com.unity.services.core/Runtime/Configuration/Unity.Services.Core.Configuration.asmdef)
Required property 'name' not set (Packages/com.unity.services.core/Runtime/Core/Unity.Services.Core.asmdef)
Required property 'name' not set (Packages/com.unity.services.core/Editor/Core/Unity.Services.Core.Editor.asmdef)
Required property 'name' not set (Packages/com.unity.services.core/Editor/Core/Configuration/Unity.Services.Core.Configuration.Editor.asmdef)
Required property 'name' not set (Packages/com.unity.services.core/Runtime/Analytics/Unity.Services.Core.Analytics.asmdef)
Required property 'name' not set (Packages/com.unity.services.core/Runtime/Registration/Unity.Services.Core.Registration.asmdef)
Required property 'name' not set (Packages/com.unity.services.core/Runtime/Environments/Unity.Services.Core.Environments.asmdef)
Required property 'name' not set (Packages/com.unity.services.core/Runtime/Scheduler/Unity.Services.Core.Scheduler.asmdef)
Required property 'name' not set (Packages/com.unity.services.core/Runtime/Environments/Internal/Unity.Services.Core.Environments.Internal.asmdef)
Required property 'name' not set (Packages/com.unity.collab-proxy/Editor/Collaborate/Unity.CollabProxy.Editor.asmdef)
Required property 'name' not set (Packages/com.unity.collab-proxy/Tests/Editor/Collaborate/Unity.CollabProxy.EditorTests.asmdef)
Required property 'name' not set (Packages/com.unity.services.core/Runtime/Threading/Unity.Services.Core.Threading.asmdef)
Required property 'name' not set (Packages/com.unity.collab-proxy/Tests/Editor/PlasticSCM/Unity.PlasticSCM.EditorTests.asmdef)
Required property 'name' not set (Packages/com.unity.services.core/Runtime/Device/Unity.Services.Core.Device.asmdef)
Mono: successfully reloaded assembly
- Completed reload, in  1.133 seconds
Domain Reload Profiling:
	ReloadAssembly (1134ms)
		BeginReloadAssembly (377ms)
			ExecutionOrderSort (0ms)
			DisableScriptedObjects (5ms)
			BackupInstance (0ms)
			ReleaseScriptingObjects (0ms)
			CreateAndSetChildDomain (58ms)
		EndReloadAssembly (620ms)
			LoadAssemblies (280ms)
			RebuildTransferFunctionScriptingTraits (0ms)
			SetupTypeCache (188ms)
			ReleaseScriptCaches (1ms)
			RebuildScriptCaches (29ms)
			SetupLoadedEditorAssemblies (286ms)
				LogAssemblyErrors (0ms)
				InitializePlatformSupportModulesInManaged (13ms)
				SetLoadedEditorAssemblies (0ms)
				RefreshPlugins (1ms)
				BeforeProcessingInitializeOnLoad (77ms)
				ProcessInitializeOnLoadAttributes (168ms)
				ProcessInitializeOnLoadMethodAttributes (14ms)
				AfterProcessingInitializeOnLoad (13ms)
				EditorAssembliesLoaded (0ms)
			ExecutionOrderSort2 (0ms)
			AwakeInstancesAfterBackupRestoration (6ms)
Platform modules already initialized, skipping
Refreshing native plugins compatible for Editor in 1.80 ms, found 3 plugins.
Preloading 0 native plugins for Editor in 0.00 ms.
Unloading 3042 Unused Serialized files (Serialized files now loaded: 0)
Unloading 16 unused Assets / (24.6 KB). Loaded Objects now: 3633.
Memory consumption went from 116.9 MB to 116.8 MB.
Total: 2.428000 ms (FindLiveObjects: 0.208400 ms CreateObjectMapping: 0.095800 ms MarkObjects: 2.086100 ms  DeleteObjects: 0.036400 ms)

AssetImportParameters requested are different than current active one (requested -> active):
  custom:video-decoder-ogg-theora: a1e56fd34408186e4bbccfd4996cb3dc -> 
  custom:container-muxer-webm: aa71ff27fc2769a1b78a27578f13a17b -> 
  custom:container-demuxer-webm: 4f35f7cbe854078d1ac9338744f61a02 -> 
  custom:video-encoder-webm-vp8: eb34c28f22e8b96e1ab97ce403110664 -> 
  custom:video-codec-MediaFoundation-h265: 746d11721c4dcdbdad8f713fa42b33f4 -> 
  custom:audio-encoder-webm-vorbis: bf7c407c2cedff20999df2af8eb42d56 -> 
  custom:framework-win-MediaFoundation: 216162199b28c13a410421893ffa2e32 -> 
  custom:container-demuxer-ogg: 62fdf1f143b41e24485cea50d1cbac27 -> 
  custom:video-decoder-webm-vp8: 9c59270c3fd7afecdb556c50c9e8de78 -> 
  custom:audio-decoder-ogg-vorbis: bf7c407c2cedff20999df2af8eb42d56 -> 
========================================================================
Received Import Request.
  Time since last request: 10.827122 seconds.
  path: Assets/Scenes/Endpoint.prefab
  artifactKey: Guid(5e314d58aa736e440a0ea538bef4e553) Importer(815301076,1909f56bfc062723c751e8b465ee728b)
Start importing Assets/Scenes/Endpoint.prefab using Guid(5e314d58aa736e440a0ea538bef4e553) Importer(815301076,1909f56bfc062723c751e8b465ee728b)  -> (artifact id: 'ca81a2afa8a30ac7d4a2befcda279aba') in 0.076698 seconds 
========================================================================
Received Prepare
Registering precompiled user dll's ...
Registered in 0.007787 seconds.
Required property 'name' not set (Packages/com.unity.services.core/Runtime/Telemetry/Unity.Services.Core.Telemetry.asmdef)
Required property 'name' not set (Packages/com.unity.services.core/Runtime/Networking/Unity.Services.Core.Networking.asmdef)
Required property 'name' not set (Packages/com.unity.services.core/Runtime/Core.Internal/Unity.Services.Core.Internal.asmdef)
Required property 'name' not set (Packages/com.unity.services.core/Runtime/Configuration/Unity.Services.Core.Configuration.asmdef)
Required property 'name' not set (Packages/com.unity.services.core/Runtime/Core/Unity.Services.Core.asmdef)
Required property 'name' not set (Packages/com.unity.services.core/Editor/Core/Unity.Services.Core.Editor.asmdef)
Required property 'name' not set (Packages/com.unity.services.core/Editor/Core/Configuration/Unity.Services.Core.Configuration.Editor.asmdef)
Required property 'name' not set (Packages/com.unity.services.core/Runtime/Analytics/Unity.Services.Core.Analytics.asmdef)
Required property 'name' not set (Packages/com.unity.services.core/Runtime/Registration/Unity.Services.Core.Registration.asmdef)
Required property 'name' not set (Packages/com.unity.services.core/Runtime/Environments/Unity.Services.Core.Environments.asmdef)
Required property 'name' not set (Packages/com.unity.services.core/Runtime/Scheduler/Unity.Services.Core.Scheduler.asmdef)
Required property 'name' not set (Packages/com.unity.services.core/Runtime/Environments/Internal/Unity.Services.Core.Environments.Internal.asmdef)
Required property 'name' not set (Packages/com.unity.collab-proxy/Editor/Collaborate/Unity.CollabProxy.Editor.asmdef)
Required property 'name' not set (Packages/com.unity.collab-proxy/Tests/Editor/Collaborate/Unity.CollabProxy.EditorTests.asmdef)
Required property 'name' not set (Packages/com.unity.services.core/Runtime/Threading/Unity.Services.Core.Threading.asmdef)
Required property 'name' not set (Packages/com.unity.collab-proxy/Tests/Editor/PlasticSCM/Unity.PlasticSCM.EditorTests.asmdef)
Required property 'name' not set (Packages/com.unity.services.core/Runtime/Device/Unity.Services.Core.Device.asmdef)
Required property 'name' not set (Packages/com.unity.services.core/Runtime/Telemetry/Unity.Services.Core.Telemetry.asmdef)
Required property 'name' not set (Packages/com.unity.services.core/Runtime/Networking/Unity.Services.Core.Networking.asmdef)
Required property 'name' not set (Packages/com.unity.services.core/Runtime/Core.Internal/Unity.Services.Core.Internal.asmdef)
Required property 'name' not set (Packages/com.unity.services.core/Runtime/Configuration/Unity.Services.Core.Configuration.asmdef)
Required property 'name' not set (Packages/com.unity.services.core/Runtime/Core/Unity.Services.Core.asmdef)
Required property 'name' not set (Packages/com.unity.services.core/Editor/Core/Unity.Services.Core.Editor.asmdef)
Required property 'name' not set (Packages/com.unity.services.core/Editor/Core/Configuration/Unity.Services.Core.Configuration.Editor.asmdef)
Required property 'name' not set (Packages/com.unity.services.core/Runtime/Analytics/Unity.Services.Core.Analytics.asmdef)
Required property 'name' not set (Packages/com.unity.services.core/Runtime/Registration/Unity.Services.Core.Registration.asmdef)
Required property 'name' not set (Packages/com.unity.services.core/Runtime/Environments/Unity.Services.Core.Environments.asmdef)
Required property 'name' not set (Packages/com.unity.services.core/Runtime/Scheduler/Unity.Services.Core.Scheduler.asmdef)
Required property 'name' not set (Packages/com.unity.services.core/Runtime/Environments/Internal/Unity.Services.Core.Environments.Internal.asmdef)
Required property 'name' not set (Packages/com.unity.collab-proxy/Editor/Collaborate/Unity.CollabProxy.Editor.asmdef)
Required property 'name' not set (Packages/com.unity.collab-proxy/Tests/Editor/Collaborate/Unity.CollabProxy.EditorTests.asmdef)
Required property 'name' not set (Packages/com.unity.services.core/Runtime/Threading/Unity.Services.Core.Threading.asmdef)
Required property 'name' not set (Packages/com.unity.collab-proxy/Tests/Editor/PlasticSCM/Unity.PlasticSCM.EditorTests.asmdef)
Required property 'name' not set (Packages/com.unity.services.core/Runtime/Device/Unity.Services.Core.Device.asmdef)
Begin MonoManager ReloadAssembly
Symbol file LoadedFromMemory doesn't match image C:\Users\a0108\OneDrive\바탕 화면\sokovan\Library\PackageCache\com.unity.visualscripting@1.8.0\Editor\VisualScripting.Core\Dependencies\YamlDotNet\Unity.VisualScripting.YamlDotNet.dll
Symbol file LoadedFromMemory doesn't match image C:\Users\a0108\OneDrive\바탕 화면\sokovan\Library\PackageCache\com.unity.visualscripting@1.8.0\Editor\VisualScripting.Core\Dependencies\DotNetZip\Unity.VisualScripting.IonicZip.dll
Native extension for WindowsStandalone target not found
Native extension for WebGL target not found
Refreshing native plugins compatible for Editor in 0.40 ms, found 3 plugins.
Preloading 0 native plugins for Editor in 0.00 ms.
Required property 'name' not set (Packages/com.unity.services.core/Runtime/Telemetry/Unity.Services.Core.Telemetry.asmdef)
Required property 'name' not set (Packages/com.unity.services.core/Runtime/Networking/Unity.Services.Core.Networking.asmdef)
Required property 'name' not set (Packages/com.unity.services.core/Runtime/Core.Internal/Unity.Services.Core.Internal.asmdef)
Required property 'name' not set (Packages/com.unity.services.core/Runtime/Configuration/Unity.Services.Core.Configuration.asmdef)
Required property 'name' not set (Packages/com.unity.services.core/Runtime/Core/Unity.Services.Core.asmdef)
Required property 'name' not set (Packages/com.unity.services.core/Editor/Core/Unity.Services.Core.Editor.asmdef)
Required property 'name' not set (Packages/com.unity.services.core/Editor/Core/Configuration/Unity.Services.Core.Configuration.Editor.asmdef)
Required property 'name' not set (Packages/com.unity.services.core/Runtime/Analytics/Unity.Services.Core.Analytics.asmdef)
Required property 'name' not set (Packages/com.unity.services.core/Runtime/Registration/Unity.Services.Core.Registration.asmdef)
Required property 'name' not set (Packages/com.unity.services.core/Runtime/Environments/Unity.Services.Core.Environments.asmdef)
Required property 'name' not set (Packages/com.unity.services.core/Runtime/Scheduler/Unity.Services.Core.Scheduler.asmdef)
Required property 'name' not set (Packages/com.unity.services.core/Runtime/Environments/Internal/Unity.Services.Core.Environments.Internal.asmdef)
Required property 'name' not set (Packages/com.unity.collab-proxy/Editor/Collaborate/Unity.CollabProxy.Editor.asmdef)
Required property 'name' not set (Packages/com.unity.collab-proxy/Tests/Editor/Collaborate/Unity.CollabProxy.EditorTests.asmdef)
Required property 'name' not set (Packages/com.unity.services.core/Runtime/Threading/Unity.Services.Core.Threading.asmdef)
Required property 'name' not set (Packages/com.unity.collab-proxy/Tests/Editor/PlasticSCM/Unity.PlasticSCM.EditorTests.asmdef)
Required property 'name' not set (Packages/com.unity.services.core/Runtime/Device/Unity.Services.Core.Device.asmdef)
Mono: successfully reloaded assembly
- Completed reload, in  1.134 seconds
Domain Reload Profiling:
	ReloadAssembly (1135ms)
		BeginReloadAssembly (190ms)
			ExecutionOrderSort (0ms)
			DisableScriptedObjects (3ms)
			BackupInstance (0ms)
			ReleaseScriptingObjects (0ms)
			CreateAndSetChildDomain (29ms)
		EndReloadAssembly (639ms)
			LoadAssemblies (182ms)
			RebuildTransferFunctionScriptingTraits (0ms)
			SetupTypeCache (186ms)
			ReleaseScriptCaches (1ms)
			RebuildScriptCaches (32ms)
			SetupLoadedEditorAssemblies (262ms)
				LogAssemblyErrors (0ms)
				InitializePlatformSupportModulesInManaged (7ms)
				SetLoadedEditorAssemblies (0ms)
				RefreshPlugins (0ms)
				BeforeProcessingInitializeOnLoad (77ms)
				ProcessInitializeOnLoadAttributes (152ms)
				ProcessInitializeOnLoadMethodAttributes (12ms)
				AfterProcessingInitializeOnLoad (13ms)
				EditorAssembliesLoaded (0ms)
			ExecutionOrderSort2 (0ms)
			AwakeInstancesAfterBackupRestoration (7ms)
Platform modules already initialized, skipping
Refreshing native plugins compatible for Editor in 1.72 ms, found 3 plugins.
Preloading 0 native plugins for Editor in 0.00 ms.
Unloading 3043 Unused Serialized files (Serialized files now loaded: 0)
Unloading 15 unused Assets / (24.6 KB). Loaded Objects now: 3638.
Memory consumption went from 116.9 MB to 116.9 MB.
Total: 2.167900 ms (FindLiveObjects: 0.182400 ms CreateObjectMapping: 0.079600 ms MarkObjects: 1.882800 ms  DeleteObjects: 0.022000 ms)

AssetImportParameters requested are different than current active one (requested -> active):
  custom:video-decoder-ogg-theora: a1e56fd34408186e4bbccfd4996cb3dc -> 
  custom:container-muxer-webm: aa71ff27fc2769a1b78a27578f13a17b -> 
  custom:container-demuxer-webm: 4f35f7cbe854078d1ac9338744f61a02 -> 
  custom:video-encoder-webm-vp8: eb34c28f22e8b96e1ab97ce403110664 -> 
  custom:video-codec-MediaFoundation-h265: 746d11721c4dcdbdad8f713fa42b33f4 -> 
  custom:audio-encoder-webm-vorbis: bf7c407c2cedff20999df2af8eb42d56 -> 
  custom:framework-win-MediaFoundation: 216162199b28c13a410421893ffa2e32 -> 
  custom:container-demuxer-ogg: 62fdf1f143b41e24485cea50d1cbac27 -> 
  custom:video-decoder-webm-vp8: 9c59270c3fd7afecdb556c50c9e8de78 -> 
  custom:audio-decoder-ogg-vorbis: bf7c407c2cedff20999df2af8eb42d56 -> 
========================================================================
Received Prepare
Registering precompiled user dll's ...
Registered in 0.009526 seconds.
Required property 'name' not set (Packages/com.unity.services.core/Runtime/Telemetry/Unity.Services.Core.Telemetry.asmdef)
Required property 'name' not set (Packages/com.unity.services.core/Runtime/Networking/Unity.Services.Core.Networking.asmdef)
Required property 'name' not set (Packages/com.unity.services.core/Runtime/Core.Internal/Unity.Services.Core.Internal.asmdef)
Required property 'name' not set (Packages/com.unity.services.core/Runtime/Configuration/Unity.Services.Core.Configuration.asmdef)
Required property 'name' not set (Packages/com.unity.services.core/Runtime/Core/Unity.Services.Core.asmdef)
Required property 'name' not set (Packages/com.unity.services.core/Editor/Core/Unity.Services.Core.Editor.asmdef)
Required property 'name' not set (Packages/com.unity.services.core/Editor/Core/Configuration/Unity.Services.Core.Configuration.Editor.asmdef)
Required property 'name' not set (Packages/com.unity.services.core/Runtime/Analytics/Unity.Services.Core.Analytics.asmdef)
Required property 'name' not set (Packages/com.unity.services.core/Runtime/Registration/Unity.Services.Core.Registration.asmdef)
Required property 'name' not set (Packages/com.unity.services.core/Runtime/Environments/Unity.Services.Core.Environments.asmdef)
Required property 'name' not set (Packages/com.unity.services.core/Runtime/Scheduler/Unity.Services.Core.Scheduler.asmdef)
Required property 'name' not set (Packages/com.unity.services.core/Runtime/Environments/Internal/Unity.Services.Core.Environments.Internal.asmdef)
Required property 'name' not set (Packages/com.unity.collab-proxy/Editor/Collaborate/Unity.CollabProxy.Editor.asmdef)
Required property 'name' not set (Packages/com.unity.collab-proxy/Tests/Editor/Collaborate/Unity.CollabProxy.EditorTests.asmdef)
Required property 'name' not set (Packages/com.unity.services.core/Runtime/Threading/Unity.Services.Core.Threading.asmdef)
Required property 'name' not set (Packages/com.unity.collab-proxy/Tests/Editor/PlasticSCM/Unity.PlasticSCM.EditorTests.asmdef)
Required property 'name' not set (Packages/com.unity.services.core/Runtime/Device/Unity.Services.Core.Device.asmdef)
Required property 'name' not set (Packages/com.unity.services.core/Runtime/Telemetry/Unity.Services.Core.Telemetry.asmdef)
Required property 'name' not set (Packages/com.unity.services.core/Runtime/Networking/Unity.Services.Core.Networking.asmdef)
Required property 'name' not set (Packages/com.unity.services.core/Runtime/Core.Internal/Unity.Services.Core.Internal.asmdef)
Required property 'name' not set (Packages/com.unity.services.core/Runtime/Configuration/Unity.Services.Core.Configuration.asmdef)
Required property 'name' not set (Packages/com.unity.services.core/Runtime/Core/Unity.Services.Core.asmdef)
Required property 'name' not set (Packages/com.unity.services.core/Editor/Core/Unity.Services.Core.Editor.asmdef)
Required property 'name' not set (Packages/com.unity.services.core/Editor/Core/Configuration/Unity.Services.Core.Configuration.Editor.asmdef)
Required property 'name' not set (Packages/com.unity.services.core/Runtime/Analytics/Unity.Services.Core.Analytics.asmdef)
Required property 'name' not set (Packages/com.unity.services.core/Runtime/Registration/Unity.Services.Core.Registration.asmdef)
Required property 'name' not set (Packages/com.unity.services.core/Runtime/Environments/Unity.Services.Core.Environments.asmdef)
Required property 'name' not set (Packages/com.unity.services.core/Runtime/Scheduler/Unity.Services.Core.Scheduler.asmdef)
Required property 'name' not set (Packages/com.unity.services.core/Runtime/Environments/Internal/Unity.Services.Core.Environments.Internal.asmdef)
Required property 'name' not set (Packages/com.unity.collab-proxy/Editor/Collaborate/Unity.CollabProxy.Editor.asmdef)
Required property 'name' not set (Packages/com.unity.collab-proxy/Tests/Editor/Collaborate/Unity.CollabProxy.EditorTests.asmdef)
Required property 'name' not set (Packages/com.unity.services.core/Runtime/Threading/Unity.Services.Core.Threading.asmdef)
Required property 'name' not set (Packages/com.unity.collab-proxy/Tests/Editor/PlasticSCM/Unity.PlasticSCM.EditorTests.asmdef)
Required property 'name' not set (Packages/com.unity.services.core/Runtime/Device/Unity.Services.Core.Device.asmdef)
Begin MonoManager ReloadAssembly
Symbol file LoadedFromMemory doesn't match image C:\Users\a0108\OneDrive\바탕 화면\sokovan\Library\PackageCache\com.unity.visualscripting@1.8.0\Editor\VisualScripting.Core\Dependencies\YamlDotNet\Unity.VisualScripting.YamlDotNet.dll
Symbol file LoadedFromMemory doesn't match image C:\Users\a0108\OneDrive\바탕 화면\sokovan\Library\PackageCache\com.unity.visualscripting@1.8.0\Editor\VisualScripting.Core\Dependencies\DotNetZip\Unity.VisualScripting.IonicZip.dll
Native extension for WindowsStandalone target not found
Native extension for WebGL target not found
Refreshing native plugins compatible for Editor in 0.41 ms, found 3 plugins.
Preloading 0 native plugins for Editor in 0.00 ms.
Required property 'name' not set (Packages/com.unity.services.core/Runtime/Telemetry/Unity.Services.Core.Telemetry.asmdef)
Required property 'name' not set (Packages/com.unity.services.core/Runtime/Networking/Unity.Services.Core.Networking.asmdef)
Required property 'name' not set (Packages/com.unity.services.core/Runtime/Core.Internal/Unity.Services.Core.Internal.asmdef)
Required property 'name' not set (Packages/com.unity.services.core/Runtime/Configuration/Unity.Services.Core.Configuration.asmdef)
Required property 'name' not set (Packages/com.unity.services.core/Runtime/Core/Unity.Services.Core.asmdef)
Required property 'name' not set (Packages/com.unity.services.core/Editor/Core/Unity.Services.Core.Editor.asmdef)
Required property 'name' not set (Packages/com.unity.services.core/Editor/Core/Configuration/Unity.Services.Core.Configuration.Editor.asmdef)
Required property 'name' not set (Packages/com.unity.services.core/Runtime/Analytics/Unity.Services.Core.Analytics.asmdef)
Required property 'name' not set (Packages/com.unity.services.core/Runtime/Registration/Unity.Services.Core.Registration.asmdef)
Required property 'name' not set (Packages/com.unity.services.core/Runtime/Environments/Unity.Services.Core.Environments.asmdef)
Required property 'name' not set (Packages/com.unity.services.core/Runtime/Scheduler/Unity.Services.Core.Scheduler.asmdef)
Required property 'name' not set (Packages/com.unity.services.core/Runtime/Environments/Internal/Unity.Services.Core.Environments.Internal.asmdef)
Required property 'name' not set (Packages/com.unity.collab-proxy/Editor/Collaborate/Unity.CollabProxy.Editor.asmdef)
Required property 'name' not set (Packages/com.unity.collab-proxy/Tests/Editor/Collaborate/Unity.CollabProxy.EditorTests.asmdef)
Required property 'name' not set (Packages/com.unity.services.core/Runtime/Threading/Unity.Services.Core.Threading.asmdef)
Required property 'name' not set (Packages/com.unity.collab-proxy/Tests/Editor/PlasticSCM/Unity.PlasticSCM.EditorTests.asmdef)
Required property 'name' not set (Packages/com.unity.services.core/Runtime/Device/Unity.Services.Core.Device.asmdef)
Mono: successfully reloaded assembly
- Completed reload, in  1.222 seconds
Domain Reload Profiling:
	ReloadAssembly (1223ms)
		BeginReloadAssembly (201ms)
			ExecutionOrderSort (0ms)
			DisableScriptedObjects (8ms)
			BackupInstance (0ms)
			ReleaseScriptingObjects (0ms)
			CreateAndSetChildDomain (48ms)
		EndReloadAssembly (836ms)
			LoadAssemblies (202ms)
			RebuildTransferFunctionScriptingTraits (0ms)
			SetupTypeCache (264ms)
			ReleaseScriptCaches (1ms)
			RebuildScriptCaches (37ms)
			SetupLoadedEditorAssemblies (274ms)
				LogAssemblyErrors (0ms)
				InitializePlatformSupportModulesInManaged (7ms)
				SetLoadedEditorAssemblies (0ms)
				RefreshPlugins (0ms)
				BeforeProcessingInitializeOnLoad (80ms)
				ProcessInitializeOnLoadAttributes (162ms)
				ProcessInitializeOnLoadMethodAttributes (14ms)
				AfterProcessingInitializeOnLoad (11ms)
				EditorAssembliesLoaded (0ms)
			ExecutionOrderSort2 (0ms)
			AwakeInstancesAfterBackupRestoration (7ms)
Platform modules already initialized, skipping
Refreshing native plugins compatible for Editor in 1.80 ms, found 3 plugins.
Preloading 0 native plugins for Editor in 0.00 ms.
Unloading 3043 Unused Serialized files (Serialized files now loaded: 0)
Unloading 15 unused Assets / (24.6 KB). Loaded Objects now: 3641.
Memory consumption went from 116.9 MB to 116.9 MB.
Total: 2.353000 ms (FindLiveObjects: 0.184400 ms CreateObjectMapping: 0.082200 ms MarkObjects: 2.063600 ms  DeleteObjects: 0.021800 ms)

AssetImportParameters requested are different than current active one (requested -> active):
  custom:video-decoder-ogg-theora: a1e56fd34408186e4bbccfd4996cb3dc -> 
  custom:container-muxer-webm: aa71ff27fc2769a1b78a27578f13a17b -> 
  custom:container-demuxer-webm: 4f35f7cbe854078d1ac9338744f61a02 -> 
  custom:video-encoder-webm-vp8: eb34c28f22e8b96e1ab97ce403110664 -> 
  custom:video-codec-MediaFoundation-h265: 746d11721c4dcdbdad8f713fa42b33f4 -> 
  custom:audio-encoder-webm-vorbis: bf7c407c2cedff20999df2af8eb42d56 -> 
  custom:framework-win-MediaFoundation: 216162199b28c13a410421893ffa2e32 -> 
  custom:container-demuxer-ogg: 62fdf1f143b41e24485cea50d1cbac27 -> 
  custom:video-decoder-webm-vp8: 9c59270c3fd7afecdb556c50c9e8de78 -> 
  custom:audio-decoder-ogg-vorbis: bf7c407c2cedff20999df2af8eb42d56 -> 
========================================================================
Received Prepare
Registering precompiled user dll's ...
Registered in 0.012511 seconds.
Required property 'name' not set (Packages/com.unity.services.core/Runtime/Telemetry/Unity.Services.Core.Telemetry.asmdef)
Required property 'name' not set (Packages/com.unity.services.core/Runtime/Networking/Unity.Services.Core.Networking.asmdef)
Required property 'name' not set (Packages/com.unity.services.core/Runtime/Core.Internal/Unity.Services.Core.Internal.asmdef)
Required property 'name' not set (Packages/com.unity.services.core/Runtime/Configuration/Unity.Services.Core.Configuration.asmdef)
Required property 'name' not set (Packages/com.unity.services.core/Runtime/Core/Unity.Services.Core.asmdef)
Required property 'name' not set (Packages/com.unity.services.core/Editor/Core/Unity.Services.Core.Editor.asmdef)
Required property 'name' not set (Packages/com.unity.services.core/Editor/Core/Configuration/Unity.Services.Core.Configuration.Editor.asmdef)
Required property 'name' not set (Packages/com.unity.services.core/Runtime/Analytics/Unity.Services.Core.Analytics.asmdef)
Required property 'name' not set (Packages/com.unity.services.core/Runtime/Registration/Unity.Services.Core.Registration.asmdef)
Required property 'name' not set (Packages/com.unity.services.core/Runtime/Environments/Unity.Services.Core.Environments.asmdef)
Required property 'name' not set (Packages/com.unity.services.core/Runtime/Scheduler/Unity.Services.Core.Scheduler.asmdef)
Required property 'name' not set (Packages/com.unity.services.core/Runtime/Environments/Internal/Unity.Services.Core.Environments.Internal.asmdef)
Required property 'name' not set (Packages/com.unity.collab-proxy/Editor/Collaborate/Unity.CollabProxy.Editor.asmdef)
Required property 'name' not set (Packages/com.unity.collab-proxy/Tests/Editor/Collaborate/Unity.CollabProxy.EditorTests.asmdef)
Required property 'name' not set (Packages/com.unity.services.core/Runtime/Threading/Unity.Services.Core.Threading.asmdef)
Required property 'name' not set (Packages/com.unity.collab-proxy/Tests/Editor/PlasticSCM/Unity.PlasticSCM.EditorTests.asmdef)
Required property 'name' not set (Packages/com.unity.services.core/Runtime/Device/Unity.Services.Core.Device.asmdef)
Required property 'name' not set (Packages/com.unity.services.core/Runtime/Telemetry/Unity.Services.Core.Telemetry.asmdef)
Required property 'name' not set (Packages/com.unity.services.core/Runtime/Networking/Unity.Services.Core.Networking.asmdef)
Required property 'name' not set (Packages/com.unity.services.core/Runtime/Core.Internal/Unity.Services.Core.Internal.asmdef)
Required property 'name' not set (Packages/com.unity.services.core/Runtime/Configuration/Unity.Services.Core.Configuration.asmdef)
Required property 'name' not set (Packages/com.unity.services.core/Runtime/Core/Unity.Services.Core.asmdef)
Required property 'name' not set (Packages/com.unity.services.core/Editor/Core/Unity.Services.Core.Editor.asmdef)
Required property 'name' not set (Packages/com.unity.services.core/Editor/Core/Configuration/Unity.Services.Core.Configuration.Editor.asmdef)
Required property 'name' not set (Packages/com.unity.services.core/Runtime/Analytics/Unity.Services.Core.Analytics.asmdef)
Required property 'name' not set (Packages/com.unity.services.core/Runtime/Registration/Unity.Services.Core.Registration.asmdef)
Required property 'name' not set (Packages/com.unity.services.core/Runtime/Environments/Unity.Services.Core.Environments.asmdef)
Required property 'name' not set (Packages/com.unity.services.core/Runtime/Scheduler/Unity.Services.Core.Scheduler.asmdef)
Required property 'name' not set (Packages/com.unity.services.core/Runtime/Environments/Internal/Unity.Services.Core.Environments.Internal.asmdef)
Required property 'name' not set (Packages/com.unity.collab-proxy/Editor/Collaborate/Unity.CollabProxy.Editor.asmdef)
Required property 'name' not set (Packages/com.unity.collab-proxy/Tests/Editor/Collaborate/Unity.CollabProxy.EditorTests.asmdef)
Required property 'name' not set (Packages/com.unity.services.core/Runtime/Threading/Unity.Services.Core.Threading.asmdef)
Required property 'name' not set (Packages/com.unity.collab-proxy/Tests/Editor/PlasticSCM/Unity.PlasticSCM.EditorTests.asmdef)
Required property 'name' not set (Packages/com.unity.services.core/Runtime/Device/Unity.Services.Core.Device.asmdef)
Begin MonoManager ReloadAssembly
Symbol file LoadedFromMemory doesn't match image C:\Users\a0108\OneDrive\바탕 화면\sokovan\Library\PackageCache\com.unity.visualscripting@1.8.0\Editor\VisualScripting.Core\Dependencies\YamlDotNet\Unity.VisualScripting.YamlDotNet.dll
Symbol file LoadedFromMemory doesn't match image C:\Users\a0108\OneDrive\바탕 화면\sokovan\Library\PackageCache\com.unity.visualscripting@1.8.0\Editor\VisualScripting.Core\Dependencies\DotNetZip\Unity.VisualScripting.IonicZip.dll
Native extension for WindowsStandalone target not found
Native extension for WebGL target not found
Refreshing native plugins compatible for Editor in 0.85 ms, found 3 plugins.
Preloading 0 native plugins for Editor in 0.00 ms.
Required property 'name' not set (Packages/com.unity.services.core/Runtime/Telemetry/Unity.Services.Core.Telemetry.asmdef)
Required property 'name' not set (Packages/com.unity.services.core/Runtime/Networking/Unity.Services.Core.Networking.asmdef)
Required property 'name' not set (Packages/com.unity.services.core/Runtime/Core.Internal/Unity.Services.Core.Internal.asmdef)
Required property 'name' not set (Packages/com.unity.services.core/Runtime/Configuration/Unity.Services.Core.Configuration.asmdef)
Required property 'name' not set (Packages/com.unity.services.core/Runtime/Core/Unity.Services.Core.asmdef)
Required property 'name' not set (Packages/com.unity.services.core/Editor/Core/Unity.Services.Core.Editor.asmdef)
Required property 'name' not set (Packages/com.unity.services.core/Editor/Core/Configuration/Unity.Services.Core.Configuration.Editor.asmdef)
Required property 'name' not set (Packages/com.unity.services.core/Runtime/Analytics/Unity.Services.Core.Analytics.asmdef)
Required property 'name' not set (Packages/com.unity.services.core/Runtime/Registration/Unity.Services.Core.Registration.asmdef)
Required property 'name' not set (Packages/com.unity.services.core/Runtime/Environments/Unity.Services.Core.Environments.asmdef)
Required property 'name' not set (Packages/com.unity.services.core/Runtime/Scheduler/Unity.Services.Core.Scheduler.asmdef)
Required property 'name' not set (Packages/com.unity.services.core/Runtime/Environments/Internal/Unity.Services.Core.Environments.Internal.asmdef)
Required property 'name' not set (Packages/com.unity.collab-proxy/Editor/Collaborate/Unity.CollabProxy.Editor.asmdef)
Required property 'name' not set (Packages/com.unity.collab-proxy/Tests/Editor/Collaborate/Unity.CollabProxy.EditorTests.asmdef)
Required property 'name' not set (Packages/com.unity.services.core/Runtime/Threading/Unity.Services.Core.Threading.asmdef)
Required property 'name' not set (Packages/com.unity.collab-proxy/Tests/Editor/PlasticSCM/Unity.PlasticSCM.EditorTests.asmdef)
Required property 'name' not set (Packages/com.unity.services.core/Runtime/Device/Unity.Services.Core.Device.asmdef)
Mono: successfully reloaded assembly
- Completed reload, in  2.130 seconds
Domain Reload Profiling:
	ReloadAssembly (2131ms)
		BeginReloadAssembly (156ms)
			ExecutionOrderSort (0ms)
			DisableScriptedObjects (4ms)
			BackupInstance (0ms)
			ReleaseScriptingObjects (0ms)
			CreateAndSetChildDomain (27ms)
		EndReloadAssembly (1868ms)
			LoadAssemblies (128ms)
			RebuildTransferFunctionScriptingTraits (0ms)
			SetupTypeCache (452ms)
			ReleaseScriptCaches (2ms)
			RebuildScriptCaches (99ms)
			SetupLoadedEditorAssemblies (972ms)
				LogAssemblyErrors (0ms)
				InitializePlatformSupportModulesInManaged (29ms)
				SetLoadedEditorAssemblies (0ms)
				RefreshPlugins (1ms)
				BeforeProcessingInitializeOnLoad (295ms)
				ProcessInitializeOnLoadAttributes (553ms)
				ProcessInitializeOnLoadMethodAttributes (61ms)
				AfterProcessingInitializeOnLoad (32ms)
				EditorAssembliesLoaded (0ms)
			ExecutionOrderSort2 (0ms)
			AwakeInstancesAfterBackupRestoration (27ms)
Platform modules already initialized, skipping
Refreshing native plugins compatible for Editor in 10.14 ms, found 3 plugins.
Preloading 0 native plugins for Editor in 0.00 ms.
Unloading 3043 Unused Serialized files (Serialized files now loaded: 0)
Unloading 15 unused Assets / (24.7 KB). Loaded Objects now: 3644.
Memory consumption went from 116.9 MB to 116.9 MB.
Total: 7.980200 ms (FindLiveObjects: 0.267000 ms CreateObjectMapping: 2.813200 ms MarkObjects: 4.866900 ms  DeleteObjects: 0.031100 ms)

AssetImportParameters requested are different than current active one (requested -> active):
  custom:video-decoder-ogg-theora: a1e56fd34408186e4bbccfd4996cb3dc -> 
  custom:container-muxer-webm: aa71ff27fc2769a1b78a27578f13a17b -> 
  custom:container-demuxer-webm: 4f35f7cbe854078d1ac9338744f61a02 -> 
  custom:video-encoder-webm-vp8: eb34c28f22e8b96e1ab97ce403110664 -> 
  custom:video-codec-MediaFoundation-h265: 746d11721c4dcdbdad8f713fa42b33f4 -> 
  custom:audio-encoder-webm-vorbis: bf7c407c2cedff20999df2af8eb42d56 -> 
  custom:framework-win-MediaFoundation: 216162199b28c13a410421893ffa2e32 -> 
  custom:container-demuxer-ogg: 62fdf1f143b41e24485cea50d1cbac27 -> 
  custom:video-decoder-webm-vp8: 9c59270c3fd7afecdb556c50c9e8de78 -> 
  custom:audio-decoder-ogg-vorbis: bf7c407c2cedff20999df2af8eb42d56 -> 
========================================================================
Received Prepare
Registering precompiled user dll's ...
Registered in 0.008799 seconds.
Required property 'name' not set (Packages/com.unity.services.core/Runtime/Telemetry/Unity.Services.Core.Telemetry.asmdef)
Required property 'name' not set (Packages/com.unity.services.core/Runtime/Networking/Unity.Services.Core.Networking.asmdef)
Required property 'name' not set (Packages/com.unity.services.core/Runtime/Core.Internal/Unity.Services.Core.Internal.asmdef)
Required property 'name' not set (Packages/com.unity.services.core/Runtime/Configuration/Unity.Services.Core.Configuration.asmdef)
Required property 'name' not set (Packages/com.unity.services.core/Runtime/Core/Unity.Services.Core.asmdef)
Required property 'name' not set (Packages/com.unity.services.core/Editor/Core/Unity.Services.Core.Editor.asmdef)
Required property 'name' not set (Packages/com.unity.services.core/Editor/Core/Configuration/Unity.Services.Core.Configuration.Editor.asmdef)
Required property 'name' not set (Packages/com.unity.services.core/Runtime/Analytics/Unity.Services.Core.Analytics.asmdef)
Required property 'name' not set (Packages/com.unity.services.core/Runtime/Registration/Unity.Services.Core.Registration.asmdef)
Required property 'name' not set (Packages/com.unity.services.core/Runtime/Environments/Unity.Services.Core.Environments.asmdef)
Required property 'name' not set (Packages/com.unity.services.core/Runtime/Scheduler/Unity.Services.Core.Scheduler.asmdef)
Required property 'name' not set (Packages/com.unity.services.core/Runtime/Environments/Internal/Unity.Services.Core.Environments.Internal.asmdef)
Required property 'name' not set (Packages/com.unity.collab-proxy/Editor/Collaborate/Unity.CollabProxy.Editor.asmdef)
Required property 'name' not set (Packages/com.unity.collab-proxy/Tests/Editor/Collaborate/Unity.CollabProxy.EditorTests.asmdef)
Required property 'name' not set (Packages/com.unity.services.core/Runtime/Threading/Unity.Services.Core.Threading.asmdef)
Required property 'name' not set (Packages/com.unity.collab-proxy/Tests/Editor/PlasticSCM/Unity.PlasticSCM.EditorTests.asmdef)
Required property 'name' not set (Packages/com.unity.services.core/Runtime/Device/Unity.Services.Core.Device.asmdef)
Required property 'name' not set (Packages/com.unity.services.core/Runtime/Telemetry/Unity.Services.Core.Telemetry.asmdef)
Required property 'name' not set (Packages/com.unity.services.core/Runtime/Networking/Unity.Services.Core.Networking.asmdef)
Required property 'name' not set (Packages/com.unity.services.core/Runtime/Core.Internal/Unity.Services.Core.Internal.asmdef)
Required property 'name' not set (Packages/com.unity.services.core/Runtime/Configuration/Unity.Services.Core.Configuration.asmdef)
Required property 'name' not set (Packages/com.unity.services.core/Runtime/Core/Unity.Services.Core.asmdef)
Required property 'name' not set (Packages/com.unity.services.core/Editor/Core/Unity.Services.Core.Editor.asmdef)
Required property 'name' not set (Packages/com.unity.services.core/Editor/Core/Configuration/Unity.Services.Core.Configuration.Editor.asmdef)
Required property 'name' not set (Packages/com.unity.services.core/Runtime/Analytics/Unity.Services.Core.Analytics.asmdef)
Required property 'name' not set (Packages/com.unity.services.core/Runtime/Registration/Unity.Services.Core.Registration.asmdef)
Required property 'name' not set (Packages/com.unity.services.core/Runtime/Environments/Unity.Services.Core.Environments.asmdef)
Required property 'name' not set (Packages/com.unity.services.core/Runtime/Scheduler/Unity.Services.Core.Scheduler.asmdef)
Required property 'name' not set (Packages/com.unity.services.core/Runtime/Environments/Internal/Unity.Services.Core.Environments.Internal.asmdef)
Required property 'name' not set (Packages/com.unity.collab-proxy/Editor/Collaborate/Unity.CollabProxy.Editor.asmdef)
Required property 'name' not set (Packages/com.unity.collab-proxy/Tests/Editor/Collaborate/Unity.CollabProxy.EditorTests.asmdef)
Required property 'name' not set (Packages/com.unity.services.core/Runtime/Threading/Unity.Services.Core.Threading.asmdef)
Required property 'name' not set (Packages/com.unity.collab-proxy/Tests/Editor/PlasticSCM/Unity.PlasticSCM.EditorTests.asmdef)
Required property 'name' not set (Packages/com.unity.services.core/Runtime/Device/Unity.Services.Core.Device.asmdef)
Begin MonoManager ReloadAssembly
Symbol file LoadedFromMemory doesn't match image C:\Users\a0108\OneDrive\바탕 화면\sokovan\Library\PackageCache\com.unity.visualscripting@1.8.0\Editor\VisualScripting.Core\Dependencies\YamlDotNet\Unity.VisualScripting.YamlDotNet.dll
Symbol file LoadedFromMemory doesn't match image C:\Users\a0108\OneDrive\바탕 화면\sokovan\Library\PackageCache\com.unity.visualscripting@1.8.0\Editor\VisualScripting.Core\Dependencies\DotNetZip\Unity.VisualScripting.IonicZip.dll
Native extension for WindowsStandalone target not found
Native extension for WebGL target not found
Refreshing native plugins compatible for Editor in 0.80 ms, found 3 plugins.
Preloading 0 native plugins for Editor in 0.00 ms.
Required property 'name' not set (Packages/com.unity.services.core/Runtime/Telemetry/Unity.Services.Core.Telemetry.asmdef)
Required property 'name' not set (Packages/com.unity.services.core/Runtime/Networking/Unity.Services.Core.Networking.asmdef)
Required property 'name' not set (Packages/com.unity.services.core/Runtime/Core.Internal/Unity.Services.Core.Internal.asmdef)
Required property 'name' not set (Packages/com.unity.services.core/Runtime/Configuration/Unity.Services.Core.Configuration.asmdef)
Required property 'name' not set (Packages/com.unity.services.core/Runtime/Core/Unity.Services.Core.asmdef)
Required property 'name' not set (Packages/com.unity.services.core/Editor/Core/Unity.Services.Core.Editor.asmdef)
Required property 'name' not set (Packages/com.unity.services.core/Editor/Core/Configuration/Unity.Services.Core.Configuration.Editor.asmdef)
Required property 'name' not set (Packages/com.unity.services.core/Runtime/Analytics/Unity.Services.Core.Analytics.asmdef)
Required property 'name' not set (Packages/com.unity.services.core/Runtime/Registration/Unity.Services.Core.Registration.asmdef)
Required property 'name' not set (Packages/com.unity.services.core/Runtime/Environments/Unity.Services.Core.Environments.asmdef)
Required property 'name' not set (Packages/com.unity.services.core/Runtime/Scheduler/Unity.Services.Core.Scheduler.asmdef)
Required property 'name' not set (Packages/com.unity.services.core/Runtime/Environments/Internal/Unity.Services.Core.Environments.Internal.asmdef)
Required property 'name' not set (Packages/com.unity.collab-proxy/Editor/Collaborate/Unity.CollabProxy.Editor.asmdef)
Required property 'name' not set (Packages/com.unity.collab-proxy/Tests/Editor/Collaborate/Unity.CollabProxy.EditorTests.asmdef)
Required property 'name' not set (Packages/com.unity.services.core/Runtime/Threading/Unity.Services.Core.Threading.asmdef)
Required property 'name' not set (Packages/com.unity.collab-proxy/Tests/Editor/PlasticSCM/Unity.PlasticSCM.EditorTests.asmdef)
Required property 'name' not set (Packages/com.unity.services.core/Runtime/Device/Unity.Services.Core.Device.asmdef)
Mono: successfully reloaded assembly
- Completed reload, in  2.983 seconds
Domain Reload Profiling:
	ReloadAssembly (2985ms)
		BeginReloadAssembly (171ms)
			ExecutionOrderSort (0ms)
			DisableScriptedObjects (4ms)
			BackupInstance (0ms)
			ReleaseScriptingObjects (0ms)
			CreateAndSetChildDomain (27ms)
		EndReloadAssembly (2530ms)
			LoadAssemblies (209ms)
			RebuildTransferFunctionScriptingTraits (0ms)
			SetupTypeCache (636ms)
			ReleaseScriptCaches (2ms)
			RebuildScriptCaches (118ms)
			SetupLoadedEditorAssemblies (1257ms)
				LogAssemblyErrors (0ms)
				InitializePlatformSupportModulesInManaged (34ms)
				SetLoadedEditorAssemblies (1ms)
				RefreshPlugins (1ms)
				BeforeProcessingInitializeOnLoad (349ms)
				ProcessInitializeOnLoadAttributes (745ms)
				ProcessInitializeOnLoadMethodAttributes (67ms)
				AfterProcessingInitializeOnLoad (58ms)
				EditorAssembliesLoaded (4ms)
			ExecutionOrderSort2 (0ms)
			AwakeInstancesAfterBackupRestoration (49ms)
Platform modules already initialized, skipping
Refreshing native plugins compatible for Editor in 33.20 ms, found 3 plugins.
Preloading 0 native plugins for Editor in 0.00 ms.
Unloading 3043 Unused Serialized files (Serialized files now loaded: 0)
Unloading 15 unused Assets / (24.7 KB). Loaded Objects now: 3647.
Memory consumption went from 116.9 MB to 116.9 MB.
Total: 13.301000 ms (FindLiveObjects: 0.267400 ms CreateObjectMapping: 0.111100 ms MarkObjects: 12.865800 ms  DeleteObjects: 0.054600 ms)

AssetImportParameters requested are different than current active one (requested -> active):
  custom:video-decoder-ogg-theora: a1e56fd34408186e4bbccfd4996cb3dc -> 
  custom:container-muxer-webm: aa71ff27fc2769a1b78a27578f13a17b -> 
  custom:container-demuxer-webm: 4f35f7cbe854078d1ac9338744f61a02 -> 
  custom:video-encoder-webm-vp8: eb34c28f22e8b96e1ab97ce403110664 -> 
  custom:video-codec-MediaFoundation-h265: 746d11721c4dcdbdad8f713fa42b33f4 -> 
  custom:audio-encoder-webm-vorbis: bf7c407c2cedff20999df2af8eb42d56 -> 
  custom:framework-win-MediaFoundation: 216162199b28c13a410421893ffa2e32 -> 
  custom:container-demuxer-ogg: 62fdf1f143b41e24485cea50d1cbac27 -> 
  custom:video-decoder-webm-vp8: 9c59270c3fd7afecdb556c50c9e8de78 -> 
  custom:audio-decoder-ogg-vorbis: bf7c407c2cedff20999df2af8eb42d56 -> 
========================================================================
Received Prepare
Registering precompiled user dll's ...
Registered in 0.020095 seconds.
Required property 'name' not set (Packages/com.unity.services.core/Runtime/Telemetry/Unity.Services.Core.Telemetry.asmdef)
Required property 'name' not set (Packages/com.unity.services.core/Runtime/Networking/Unity.Services.Core.Networking.asmdef)
Required property 'name' not set (Packages/com.unity.services.core/Runtime/Core.Internal/Unity.Services.Core.Internal.asmdef)
Required property 'name' not set (Packages/com.unity.services.core/Runtime/Configuration/Unity.Services.Core.Configuration.asmdef)
Required property 'name' not set (Packages/com.unity.services.core/Runtime/Core/Unity.Services.Core.asmdef)
Required property 'name' not set (Packages/com.unity.services.core/Editor/Core/Unity.Services.Core.Editor.asmdef)
Required property 'name' not set (Packages/com.unity.services.core/Editor/Core/Configuration/Unity.Services.Core.Configuration.Editor.asmdef)
Required property 'name' not set (Packages/com.unity.services.core/Runtime/Analytics/Unity.Services.Core.Analytics.asmdef)
Required property 'name' not set (Packages/com.unity.services.core/Runtime/Registration/Unity.Services.Core.Registration.asmdef)
Required property 'name' not set (Packages/com.unity.services.core/Runtime/Environments/Unity.Services.Core.Environments.asmdef)
Required property 'name' not set (Packages/com.unity.services.core/Runtime/Scheduler/Unity.Services.Core.Scheduler.asmdef)
Required property 'name' not set (Packages/com.unity.services.core/Runtime/Environments/Internal/Unity.Services.Core.Environments.Internal.asmdef)
Required property 'name' not set (Packages/com.unity.collab-proxy/Editor/Collaborate/Unity.CollabProxy.Editor.asmdef)
Required property 'name' not set (Packages/com.unity.collab-proxy/Tests/Editor/Collaborate/Unity.CollabProxy.EditorTests.asmdef)
Required property 'name' not set (Packages/com.unity.services.core/Runtime/Threading/Unity.Services.Core.Threading.asmdef)
Required property 'name' not set (Packages/com.unity.collab-proxy/Tests/Editor/PlasticSCM/Unity.PlasticSCM.EditorTests.asmdef)
Required property 'name' not set (Packages/com.unity.services.core/Runtime/Device/Unity.Services.Core.Device.asmdef)
Required property 'name' not set (Packages/com.unity.services.core/Runtime/Telemetry/Unity.Services.Core.Telemetry.asmdef)
Required property 'name' not set (Packages/com.unity.services.core/Runtime/Networking/Unity.Services.Core.Networking.asmdef)
Required property 'name' not set (Packages/com.unity.services.core/Runtime/Core.Internal/Unity.Services.Core.Internal.asmdef)
Required property 'name' not set (Packages/com.unity.services.core/Runtime/Configuration/Unity.Services.Core.Configuration.asmdef)
Required property 'name' not set (Packages/com.unity.services.core/Runtime/Core/Unity.Services.Core.asmdef)
Required property 'name' not set (Packages/com.unity.services.core/Editor/Core/Unity.Services.Core.Editor.asmdef)
Required property 'name' not set (Packages/com.unity.services.core/Editor/Core/Configuration/Unity.Services.Core.Configuration.Editor.asmdef)
Required property 'name' not set (Packages/com.unity.services.core/Runtime/Analytics/Unity.Services.Core.Analytics.asmdef)
Required property 'name' not set (Packages/com.unity.services.core/Runtime/Registration/Unity.Services.Core.Registration.asmdef)
Required property 'name' not set (Packages/com.unity.services.core/Runtime/Environments/Unity.Services.Core.Environments.asmdef)
Required property 'name' not set (Packages/com.unity.services.core/Runtime/Scheduler/Unity.Services.Core.Scheduler.asmdef)
Required property 'name' not set (Packages/com.unity.services.core/Runtime/Environments/Internal/Unity.Services.Core.Environments.Internal.asmdef)
Required property 'name' not set (Packages/com.unity.collab-proxy/Editor/Collaborate/Unity.CollabProxy.Editor.asmdef)
Required property 'name' not set (Packages/com.unity.collab-proxy/Tests/Editor/Collaborate/Unity.CollabProxy.EditorTests.asmdef)
Required property 'name' not set (Packages/com.unity.services.core/Runtime/Threading/Unity.Services.Core.Threading.asmdef)
Required property 'name' not set (Packages/com.unity.collab-proxy/Tests/Editor/PlasticSCM/Unity.PlasticSCM.EditorTests.asmdef)
Required property 'name' not set (Packages/com.unity.services.core/Runtime/Device/Unity.Services.Core.Device.asmdef)
Begin MonoManager ReloadAssembly
Symbol file LoadedFromMemory doesn't match image C:\Users\a0108\OneDrive\바탕 화면\sokovan\Library\PackageCache\com.unity.visualscripting@1.8.0\Editor\VisualScripting.Core\Dependencies\YamlDotNet\Unity.VisualScripting.YamlDotNet.dll
Symbol file LoadedFromMemory doesn't match image C:\Users\a0108\OneDrive\바탕 화면\sokovan\Library\PackageCache\com.unity.visualscripting@1.8.0\Editor\VisualScripting.Core\Dependencies\DotNetZip\Unity.VisualScripting.IonicZip.dll
Native extension for WindowsStandalone target not found
Native extension for WebGL target not found
Refreshing native plugins compatible for Editor in 0.35 ms, found 3 plugins.
Preloading 0 native plugins for Editor in 0.00 ms.
Required property 'name' not set (Packages/com.unity.services.core/Runtime/Telemetry/Unity.Services.Core.Telemetry.asmdef)
Required property 'name' not set (Packages/com.unity.services.core/Runtime/Networking/Unity.Services.Core.Networking.asmdef)
Required property 'name' not set (Packages/com.unity.services.core/Runtime/Core.Internal/Unity.Services.Core.Internal.asmdef)
Required property 'name' not set (Packages/com.unity.services.core/Runtime/Configuration/Unity.Services.Core.Configuration.asmdef)
Required property 'name' not set (Packages/com.unity.services.core/Runtime/Core/Unity.Services.Core.asmdef)
Required property 'name' not set (Packages/com.unity.services.core/Editor/Core/Unity.Services.Core.Editor.asmdef)
Required property 'name' not set (Packages/com.unity.services.core/Editor/Core/Configuration/Unity.Services.Core.Configuration.Editor.asmdef)
Required property 'name' not set (Packages/com.unity.services.core/Runtime/Analytics/Unity.Services.Core.Analytics.asmdef)
Required property 'name' not set (Packages/com.unity.services.core/Runtime/Registration/Unity.Services.Core.Registration.asmdef)
Required property 'name' not set (Packages/com.unity.services.core/Runtime/Environments/Unity.Services.Core.Environments.asmdef)
Required property 'name' not set (Packages/com.unity.services.core/Runtime/Scheduler/Unity.Services.Core.Scheduler.asmdef)
Required property 'name' not set (Packages/com.unity.services.core/Runtime/Environments/Internal/Unity.Services.Core.Environments.Internal.asmdef)
Required property 'name' not set (Packages/com.unity.collab-proxy/Editor/Collaborate/Unity.CollabProxy.Editor.asmdef)
Required property 'name' not set (Packages/com.unity.collab-proxy/Tests/Editor/Collaborate/Unity.CollabProxy.EditorTests.asmdef)
Required property 'name' not set (Packages/com.unity.services.core/Runtime/Threading/Unity.Services.Core.Threading.asmdef)
Required property 'name' not set (Packages/com.unity.collab-proxy/Tests/Editor/PlasticSCM/Unity.PlasticSCM.EditorTests.asmdef)
Required property 'name' not set (Packages/com.unity.services.core/Runtime/Device/Unity.Services.Core.Device.asmdef)
Mono: successfully reloaded assembly
- Completed reload, in  0.805 seconds
Domain Reload Profiling:
	ReloadAssembly (806ms)
		BeginReloadAssembly (141ms)
			ExecutionOrderSort (0ms)
			DisableScriptedObjects (4ms)
			BackupInstance (0ms)
			ReleaseScriptingObjects (0ms)
			CreateAndSetChildDomain (27ms)
		EndReloadAssembly (581ms)
			LoadAssemblies (104ms)
			RebuildTransferFunctionScriptingTraits (0ms)
			SetupTypeCache (185ms)
			ReleaseScriptCaches (1ms)
			RebuildScriptCaches (30ms)
			SetupLoadedEditorAssemblies (255ms)
				LogAssemblyErrors (0ms)
				InitializePlatformSupportModulesInManaged (7ms)
				SetLoadedEditorAssemblies (0ms)
				RefreshPlugins (0ms)
				BeforeProcessingInitializeOnLoad (76ms)
				ProcessInitializeOnLoadAttributes (145ms)
				ProcessInitializeOnLoadMethodAttributes (13ms)
				AfterProcessingInitializeOnLoad (13ms)
				EditorAssembliesLoaded (0ms)
			ExecutionOrderSort2 (0ms)
			AwakeInstancesAfterBackupRestoration (6ms)
Platform modules already initialized, skipping
Refreshing native plugins compatible for Editor in 1.82 ms, found 3 plugins.
Preloading 0 native plugins for Editor in 0.00 ms.
Unloading 3043 Unused Serialized files (Serialized files now loaded: 0)
Unloading 15 unused Assets / (24.7 KB). Loaded Objects now: 3650.
Memory consumption went from 116.9 MB to 116.9 MB.
Total: 2.129600 ms (FindLiveObjects: 0.184800 ms CreateObjectMapping: 0.082400 ms MarkObjects: 1.840600 ms  DeleteObjects: 0.021000 ms)

AssetImportParameters requested are different than current active one (requested -> active):
  custom:video-decoder-ogg-theora: a1e56fd34408186e4bbccfd4996cb3dc -> 
  custom:container-muxer-webm: aa71ff27fc2769a1b78a27578f13a17b -> 
  custom:container-demuxer-webm: 4f35f7cbe854078d1ac9338744f61a02 -> 
  custom:video-encoder-webm-vp8: eb34c28f22e8b96e1ab97ce403110664 -> 
  custom:video-codec-MediaFoundation-h265: 746d11721c4dcdbdad8f713fa42b33f4 -> 
  custom:audio-encoder-webm-vorbis: bf7c407c2cedff20999df2af8eb42d56 -> 
  custom:framework-win-MediaFoundation: 216162199b28c13a410421893ffa2e32 -> 
  custom:container-demuxer-ogg: 62fdf1f143b41e24485cea50d1cbac27 -> 
  custom:video-decoder-webm-vp8: 9c59270c3fd7afecdb556c50c9e8de78 -> 
  custom:audio-decoder-ogg-vorbis: bf7c407c2cedff20999df2af8eb42d56 -> 
========================================================================
Received Prepare
Registering precompiled user dll's ...
Registered in 0.025523 seconds.
Required property 'name' not set (Packages/com.unity.services.core/Runtime/Telemetry/Unity.Services.Core.Telemetry.asmdef)
Required property 'name' not set (Packages/com.unity.services.core/Runtime/Networking/Unity.Services.Core.Networking.asmdef)
Required property 'name' not set (Packages/com.unity.services.core/Runtime/Core.Internal/Unity.Services.Core.Internal.asmdef)
Required property 'name' not set (Packages/com.unity.services.core/Runtime/Configuration/Unity.Services.Core.Configuration.asmdef)
Required property 'name' not set (Packages/com.unity.services.core/Runtime/Core/Unity.Services.Core.asmdef)
Required property 'name' not set (Packages/com.unity.services.core/Editor/Core/Unity.Services.Core.Editor.asmdef)
Required property 'name' not set (Packages/com.unity.services.core/Editor/Core/Configuration/Unity.Services.Core.Configuration.Editor.asmdef)
Required property 'name' not set (Packages/com.unity.services.core/Runtime/Analytics/Unity.Services.Core.Analytics.asmdef)
Required property 'name' not set (Packages/com.unity.services.core/Runtime/Registration/Unity.Services.Core.Registration.asmdef)
Required property 'name' not set (Packages/com.unity.services.core/Runtime/Environments/Unity.Services.Core.Environments.asmdef)
Required property 'name' not set (Packages/com.unity.services.core/Runtime/Scheduler/Unity.Services.Core.Scheduler.asmdef)
Required property 'name' not set (Packages/com.unity.services.core/Runtime/Environments/Internal/Unity.Services.Core.Environments.Internal.asmdef)
Required property 'name' not set (Packages/com.unity.collab-proxy/Editor/Collaborate/Unity.CollabProxy.Editor.asmdef)
Required property 'name' not set (Packages/com.unity.collab-proxy/Tests/Editor/Collaborate/Unity.CollabProxy.EditorTests.asmdef)
Required property 'name' not set (Packages/com.unity.services.core/Runtime/Threading/Unity.Services.Core.Threading.asmdef)
Required property 'name' not set (Packages/com.unity.collab-proxy/Tests/Editor/PlasticSCM/Unity.PlasticSCM.EditorTests.asmdef)
Required property 'name' not set (Packages/com.unity.services.core/Runtime/Device/Unity.Services.Core.Device.asmdef)
Required property 'name' not set (Packages/com.unity.services.core/Runtime/Telemetry/Unity.Services.Core.Telemetry.asmdef)
Required property 'name' not set (Packages/com.unity.services.core/Runtime/Networking/Unity.Services.Core.Networking.asmdef)
Required property 'name' not set (Packages/com.unity.services.core/Runtime/Core.Internal/Unity.Services.Core.Internal.asmdef)
Required property 'name' not set (Packages/com.unity.services.core/Runtime/Configuration/Unity.Services.Core.Configuration.asmdef)
Required property 'name' not set (Packages/com.unity.services.core/Runtime/Core/Unity.Services.Core.asmdef)
Required property 'name' not set (Packages/com.unity.services.core/Editor/Core/Unity.Services.Core.Editor.asmdef)
Required property 'name' not set (Packages/com.unity.services.core/Editor/Core/Configuration/Unity.Services.Core.Configuration.Editor.asmdef)
Required property 'name' not set (Packages/com.unity.services.core/Runtime/Analytics/Unity.Services.Core.Analytics.asmdef)
Required property 'name' not set (Packages/com.unity.services.core/Runtime/Registration/Unity.Services.Core.Registration.asmdef)
Required property 'name' not set (Packages/com.unity.services.core/Runtime/Environments/Unity.Services.Core.Environments.asmdef)
Required property 'name' not set (Packages/com.unity.services.core/Runtime/Scheduler/Unity.Services.Core.Scheduler.asmdef)
Required property 'name' not set (Packages/com.unity.services.core/Runtime/Environments/Internal/Unity.Services.Core.Environments.Internal.asmdef)
Required property 'name' not set (Packages/com.unity.collab-proxy/Editor/Collaborate/Unity.CollabProxy.Editor.asmdef)
Required property 'name' not set (Packages/com.unity.collab-proxy/Tests/Editor/Collaborate/Unity.CollabProxy.EditorTests.asmdef)
Required property 'name' not set (Packages/com.unity.services.core/Runtime/Threading/Unity.Services.Core.Threading.asmdef)
Required property 'name' not set (Packages/com.unity.collab-proxy/Tests/Editor/PlasticSCM/Unity.PlasticSCM.EditorTests.asmdef)
Required property 'name' not set (Packages/com.unity.services.core/Runtime/Device/Unity.Services.Core.Device.asmdef)
Begin MonoManager ReloadAssembly
Symbol file LoadedFromMemory doesn't match image C:\Users\a0108\OneDrive\바탕 화면\sokovan\Library\PackageCache\com.unity.visualscripting@1.8.0\Editor\VisualScripting.Core\Dependencies\YamlDotNet\Unity.VisualScripting.YamlDotNet.dll
Symbol file LoadedFromMemory doesn't match image C:\Users\a0108\OneDrive\바탕 화면\sokovan\Library\PackageCache\com.unity.visualscripting@1.8.0\Editor\VisualScripting.Core\Dependencies\DotNetZip\Unity.VisualScripting.IonicZip.dll
Native extension for WindowsStandalone target not found
Native extension for WebGL target not found
Refreshing native plugins compatible for Editor in 0.48 ms, found 3 plugins.
Preloading 0 native plugins for Editor in 0.00 ms.
Required property 'name' not set (Packages/com.unity.services.core/Runtime/Telemetry/Unity.Services.Core.Telemetry.asmdef)
Required property 'name' not set (Packages/com.unity.services.core/Runtime/Networking/Unity.Services.Core.Networking.asmdef)
Required property 'name' not set (Packages/com.unity.services.core/Runtime/Core.Internal/Unity.Services.Core.Internal.asmdef)
Required property 'name' not set (Packages/com.unity.services.core/Runtime/Configuration/Unity.Services.Core.Configuration.asmdef)
Required property 'name' not set (Packages/com.unity.services.core/Runtime/Core/Unity.Services.Core.asmdef)
Required property 'name' not set (Packages/com.unity.services.core/Editor/Core/Unity.Services.Core.Editor.asmdef)
Required property 'name' not set (Packages/com.unity.services.core/Editor/Core/Configuration/Unity.Services.Core.Configuration.Editor.asmdef)
Required property 'name' not set (Packages/com.unity.services.core/Runtime/Analytics/Unity.Services.Core.Analytics.asmdef)
Required property 'name' not set (Packages/com.unity.services.core/Runtime/Registration/Unity.Services.Core.Registration.asmdef)
Required property 'name' not set (Packages/com.unity.services.core/Runtime/Environments/Unity.Services.Core.Environments.asmdef)
Required property 'name' not set (Packages/com.unity.services.core/Runtime/Scheduler/Unity.Services.Core.Scheduler.asmdef)
Required property 'name' not set (Packages/com.unity.services.core/Runtime/Environments/Internal/Unity.Services.Core.Environments.Internal.asmdef)
Required property 'name' not set (Packages/com.unity.collab-proxy/Editor/Collaborate/Unity.CollabProxy.Editor.asmdef)
Required property 'name' not set (Packages/com.unity.collab-proxy/Tests/Editor/Collaborate/Unity.CollabProxy.EditorTests.asmdef)
Required property 'name' not set (Packages/com.unity.services.core/Runtime/Threading/Unity.Services.Core.Threading.asmdef)
Required property 'name' not set (Packages/com.unity.collab-proxy/Tests/Editor/PlasticSCM/Unity.PlasticSCM.EditorTests.asmdef)
Required property 'name' not set (Packages/com.unity.services.core/Runtime/Device/Unity.Services.Core.Device.asmdef)
Mono: successfully reloaded assembly
- Completed reload, in  0.930 seconds
Domain Reload Profiling:
	ReloadAssembly (931ms)
		BeginReloadAssembly (246ms)
			ExecutionOrderSort (0ms)
			DisableScriptedObjects (12ms)
			BackupInstance (0ms)
			ReleaseScriptingObjects (0ms)
			CreateAndSetChildDomain (50ms)
		EndReloadAssembly (597ms)
			LoadAssemblies (147ms)
			RebuildTransferFunctionScriptingTraits (0ms)
			SetupTypeCache (182ms)
			ReleaseScriptCaches (2ms)
			RebuildScriptCaches (29ms)
			SetupLoadedEditorAssemblies (263ms)
				LogAssemblyErrors (0ms)
				InitializePlatformSupportModulesInManaged (7ms)
				SetLoadedEditorAssemblies (0ms)
				RefreshPlugins (1ms)
				BeforeProcessingInitializeOnLoad (77ms)
				ProcessInitializeOnLoadAttributes (153ms)
				ProcessInitializeOnLoadMethodAttributes (13ms)
				AfterProcessingInitializeOnLoad (13ms)
				EditorAssembliesLoaded (0ms)
			ExecutionOrderSort2 (0ms)
			AwakeInstancesAfterBackupRestoration (7ms)
Platform modules already initialized, skipping
Refreshing native plugins compatible for Editor in 2.36 ms, found 3 plugins.
Preloading 0 native plugins for Editor in 0.00 ms.
Unloading 3043 Unused Serialized files (Serialized files now loaded: 0)
Unloading 15 unused Assets / (24.6 KB). Loaded Objects now: 3653.
Memory consumption went from 116.9 MB to 116.9 MB.
Total: 2.694800 ms (FindLiveObjects: 0.161900 ms CreateObjectMapping: 0.074000 ms MarkObjects: 2.427700 ms  DeleteObjects: 0.030000 ms)

AssetImportParameters requested are different than current active one (requested -> active):
  custom:video-decoder-ogg-theora: a1e56fd34408186e4bbccfd4996cb3dc -> 
  custom:container-muxer-webm: aa71ff27fc2769a1b78a27578f13a17b -> 
  custom:container-demuxer-webm: 4f35f7cbe854078d1ac9338744f61a02 -> 
  custom:video-encoder-webm-vp8: eb34c28f22e8b96e1ab97ce403110664 -> 
  custom:video-codec-MediaFoundation-h265: 746d11721c4dcdbdad8f713fa42b33f4 -> 
  custom:audio-encoder-webm-vorbis: bf7c407c2cedff20999df2af8eb42d56 -> 
  custom:framework-win-MediaFoundation: 216162199b28c13a410421893ffa2e32 -> 
  custom:container-demuxer-ogg: 62fdf1f143b41e24485cea50d1cbac27 -> 
  custom:video-decoder-webm-vp8: 9c59270c3fd7afecdb556c50c9e8de78 -> 
  custom:audio-decoder-ogg-vorbis: bf7c407c2cedff20999df2af8eb42d56 -> 
========================================================================
Received Prepare
Registering precompiled user dll's ...
Registered in 0.010564 seconds.
Required property 'name' not set (Packages/com.unity.services.core/Runtime/Telemetry/Unity.Services.Core.Telemetry.asmdef)
Required property 'name' not set (Packages/com.unity.services.core/Runtime/Networking/Unity.Services.Core.Networking.asmdef)
Required property 'name' not set (Packages/com.unity.services.core/Runtime/Core.Internal/Unity.Services.Core.Internal.asmdef)
Required property 'name' not set (Packages/com.unity.services.core/Runtime/Configuration/Unity.Services.Core.Configuration.asmdef)
Required property 'name' not set (Packages/com.unity.services.core/Runtime/Core/Unity.Services.Core.asmdef)
Required property 'name' not set (Packages/com.unity.services.core/Editor/Core/Unity.Services.Core.Editor.asmdef)
Required property 'name' not set (Packages/com.unity.services.core/Editor/Core/Configuration/Unity.Services.Core.Configuration.Editor.asmdef)
Required property 'name' not set (Packages/com.unity.services.core/Runtime/Analytics/Unity.Services.Core.Analytics.asmdef)
Required property 'name' not set (Packages/com.unity.services.core/Runtime/Registration/Unity.Services.Core.Registration.asmdef)
Required property 'name' not set (Packages/com.unity.services.core/Runtime/Environments/Unity.Services.Core.Environments.asmdef)
Required property 'name' not set (Packages/com.unity.services.core/Runtime/Scheduler/Unity.Services.Core.Scheduler.asmdef)
Required property 'name' not set (Packages/com.unity.services.core/Runtime/Environments/Internal/Unity.Services.Core.Environments.Internal.asmdef)
Required property 'name' not set (Packages/com.unity.collab-proxy/Editor/Collaborate/Unity.CollabProxy.Editor.asmdef)
Required property 'name' not set (Packages/com.unity.collab-proxy/Tests/Editor/Collaborate/Unity.CollabProxy.EditorTests.asmdef)
Required property 'name' not set (Packages/com.unity.services.core/Runtime/Threading/Unity.Services.Core.Threading.asmdef)
Required property 'name' not set (Packages/com.unity.collab-proxy/Tests/Editor/PlasticSCM/Unity.PlasticSCM.EditorTests.asmdef)
Required property 'name' not set (Packages/com.unity.services.core/Runtime/Device/Unity.Services.Core.Device.asmdef)
Required property 'name' not set (Packages/com.unity.services.core/Runtime/Telemetry/Unity.Services.Core.Telemetry.asmdef)
Required property 'name' not set (Packages/com.unity.services.core/Runtime/Networking/Unity.Services.Core.Networking.asmdef)
Required property 'name' not set (Packages/com.unity.services.core/Runtime/Core.Internal/Unity.Services.Core.Internal.asmdef)
Required property 'name' not set (Packages/com.unity.services.core/Runtime/Configuration/Unity.Services.Core.Configuration.asmdef)
Required property 'name' not set (Packages/com.unity.services.core/Runtime/Core/Unity.Services.Core.asmdef)
Required property 'name' not set (Packages/com.unity.services.core/Editor/Core/Unity.Services.Core.Editor.asmdef)
Required property 'name' not set (Packages/com.unity.services.core/Editor/Core/Configuration/Unity.Services.Core.Configuration.Editor.asmdef)
Required property 'name' not set (Packages/com.unity.services.core/Runtime/Analytics/Unity.Services.Core.Analytics.asmdef)
Required property 'name' not set (Packages/com.unity.services.core/Runtime/Registration/Unity.Services.Core.Registration.asmdef)
Required property 'name' not set (Packages/com.unity.services.core/Runtime/Environments/Unity.Services.Core.Environments.asmdef)
Required property 'name' not set (Packages/com.unity.services.core/Runtime/Scheduler/Unity.Services.Core.Scheduler.asmdef)
Required property 'name' not set (Packages/com.unity.services.core/Runtime/Environments/Internal/Unity.Services.Core.Environments.Internal.asmdef)
Required property 'name' not set (Packages/com.unity.collab-proxy/Editor/Collaborate/Unity.CollabProxy.Editor.asmdef)
Required property 'name' not set (Packages/com.unity.collab-proxy/Tests/Editor/Collaborate/Unity.CollabProxy.EditorTests.asmdef)
Required property 'name' not set (Packages/com.unity.services.core/Runtime/Threading/Unity.Services.Core.Threading.asmdef)
Required property 'name' not set (Packages/com.unity.collab-proxy/Tests/Editor/PlasticSCM/Unity.PlasticSCM.EditorTests.asmdef)
Required property 'name' not set (Packages/com.unity.services.core/Runtime/Device/Unity.Services.Core.Device.asmdef)
Begin MonoManager ReloadAssembly
Symbol file LoadedFromMemory doesn't match image C:\Users\a0108\OneDrive\바탕 화면\sokovan\Library\PackageCache\com.unity.visualscripting@1.8.0\Editor\VisualScripting.Core\Dependencies\YamlDotNet\Unity.VisualScripting.YamlDotNet.dll
Symbol file LoadedFromMemory doesn't match image C:\Users\a0108\OneDrive\바탕 화면\sokovan\Library\PackageCache\com.unity.visualscripting@1.8.0\Editor\VisualScripting.Core\Dependencies\DotNetZip\Unity.VisualScripting.IonicZip.dll
Native extension for WindowsStandalone target not found
Native extension for WebGL target not found
Refreshing native plugins compatible for Editor in 0.64 ms, found 3 plugins.
Preloading 0 native plugins for Editor in 0.00 ms.
Required property 'name' not set (Packages/com.unity.services.core/Runtime/Telemetry/Unity.Services.Core.Telemetry.asmdef)
Required property 'name' not set (Packages/com.unity.services.core/Runtime/Networking/Unity.Services.Core.Networking.asmdef)
Required property 'name' not set (Packages/com.unity.services.core/Runtime/Core.Internal/Unity.Services.Core.Internal.asmdef)
Required property 'name' not set (Packages/com.unity.services.core/Runtime/Configuration/Unity.Services.Core.Configuration.asmdef)
Required property 'name' not set (Packages/com.unity.services.core/Runtime/Core/Unity.Services.Core.asmdef)
Required property 'name' not set (Packages/com.unity.services.core/Editor/Core/Unity.Services.Core.Editor.asmdef)
Required property 'name' not set (Packages/com.unity.services.core/Editor/Core/Configuration/Unity.Services.Core.Configuration.Editor.asmdef)
Required property 'name' not set (Packages/com.unity.services.core/Runtime/Analytics/Unity.Services.Core.Analytics.asmdef)
Required property 'name' not set (Packages/com.unity.services.core/Runtime/Registration/Unity.Services.Core.Registration.asmdef)
Required property 'name' not set (Packages/com.unity.services.core/Runtime/Environments/Unity.Services.Core.Environments.asmdef)
Required property 'name' not set (Packages/com.unity.services.core/Runtime/Scheduler/Unity.Services.Core.Scheduler.asmdef)
Required property 'name' not set (Packages/com.unity.services.core/Runtime/Environments/Internal/Unity.Services.Core.Environments.Internal.asmdef)
Required property 'name' not set (Packages/com.unity.collab-proxy/Editor/Collaborate/Unity.CollabProxy.Editor.asmdef)
Required property 'name' not set (Packages/com.unity.collab-proxy/Tests/Editor/Collaborate/Unity.CollabProxy.EditorTests.asmdef)
Required property 'name' not set (Packages/com.unity.services.core/Runtime/Threading/Unity.Services.Core.Threading.asmdef)
Required property 'name' not set (Packages/com.unity.collab-proxy/Tests/Editor/PlasticSCM/Unity.PlasticSCM.EditorTests.asmdef)
Required property 'name' not set (Packages/com.unity.services.core/Runtime/Device/Unity.Services.Core.Device.asmdef)
Mono: successfully reloaded assembly
- Completed reload, in  1.796 seconds
Domain Reload Profiling:
	ReloadAssembly (1797ms)
		BeginReloadAssembly (162ms)
			ExecutionOrderSort (0ms)
			DisableScriptedObjects (5ms)
			BackupInstance (0ms)
			ReleaseScriptingObjects (0ms)
			CreateAndSetChildDomain (27ms)
		EndReloadAssembly (1533ms)
			LoadAssemblies (129ms)
			RebuildTransferFunctionScriptingTraits (0ms)
			SetupTypeCache (410ms)
			ReleaseScriptCaches (2ms)
			RebuildScriptCaches (107ms)
			SetupLoadedEditorAssemblies (727ms)
				LogAssemblyErrors (0ms)
				InitializePlatformSupportModulesInManaged (25ms)
				SetLoadedEditorAssemblies (1ms)
				RefreshPlugins (1ms)
				BeforeProcessingInitializeOnLoad (222ms)
				ProcessInitializeOnLoadAttributes (409ms)
				ProcessInitializeOnLoadMethodAttributes (43ms)
				AfterProcessingInitializeOnLoad (24ms)
				EditorAssembliesLoaded (2ms)
			ExecutionOrderSort2 (0ms)
			AwakeInstancesAfterBackupRestoration (14ms)
Platform modules already initialized, skipping
Refreshing native plugins compatible for Editor in 9.81 ms, found 3 plugins.
Preloading 0 native plugins for Editor in 0.00 ms.
Unloading 3043 Unused Serialized files (Serialized files now loaded: 0)
Unloading 15 unused Assets / (24.7 KB). Loaded Objects now: 3656.
Memory consumption went from 117.0 MB to 116.9 MB.
Total: 11.124800 ms (FindLiveObjects: 0.203800 ms CreateObjectMapping: 1.246300 ms MarkObjects: 9.635100 ms  DeleteObjects: 0.038000 ms)

AssetImportParameters requested are different than current active one (requested -> active):
  custom:video-decoder-ogg-theora: a1e56fd34408186e4bbccfd4996cb3dc -> 
  custom:container-muxer-webm: aa71ff27fc2769a1b78a27578f13a17b -> 
  custom:container-demuxer-webm: 4f35f7cbe854078d1ac9338744f61a02 -> 
  custom:video-encoder-webm-vp8: eb34c28f22e8b96e1ab97ce403110664 -> 
  custom:video-codec-MediaFoundation-h265: 746d11721c4dcdbdad8f713fa42b33f4 -> 
  custom:audio-encoder-webm-vorbis: bf7c407c2cedff20999df2af8eb42d56 -> 
  custom:framework-win-MediaFoundation: 216162199b28c13a410421893ffa2e32 -> 
  custom:container-demuxer-ogg: 62fdf1f143b41e24485cea50d1cbac27 -> 
  custom:video-decoder-webm-vp8: 9c59270c3fd7afecdb556c50c9e8de78 -> 
  custom:audio-decoder-ogg-vorbis: bf7c407c2cedff20999df2af8eb42d56 -> 
========================================================================
Received Prepare
Registering precompiled user dll's ...
Registered in 0.023646 seconds.
Required property 'name' not set (Packages/com.unity.services.core/Runtime/Telemetry/Unity.Services.Core.Telemetry.asmdef)
Required property 'name' not set (Packages/com.unity.services.core/Runtime/Networking/Unity.Services.Core.Networking.asmdef)
Required property 'name' not set (Packages/com.unity.services.core/Runtime/Core.Internal/Unity.Services.Core.Internal.asmdef)
Required property 'name' not set (Packages/com.unity.services.core/Runtime/Configuration/Unity.Services.Core.Configuration.asmdef)
Required property 'name' not set (Packages/com.unity.services.core/Runtime/Core/Unity.Services.Core.asmdef)
Required property 'name' not set (Packages/com.unity.services.core/Editor/Core/Unity.Services.Core.Editor.asmdef)
Required property 'name' not set (Packages/com.unity.services.core/Editor/Core/Configuration/Unity.Services.Core.Configuration.Editor.asmdef)
Required property 'name' not set (Packages/com.unity.services.core/Runtime/Analytics/Unity.Services.Core.Analytics.asmdef)
Required property 'name' not set (Packages/com.unity.services.core/Runtime/Registration/Unity.Services.Core.Registration.asmdef)
Required property 'name' not set (Packages/com.unity.services.core/Runtime/Environments/Unity.Services.Core.Environments.asmdef)
Required property 'name' not set (Packages/com.unity.services.core/Runtime/Scheduler/Unity.Services.Core.Scheduler.asmdef)
Required property 'name' not set (Packages/com.unity.services.core/Runtime/Environments/Internal/Unity.Services.Core.Environments.Internal.asmdef)
Required property 'name' not set (Packages/com.unity.collab-proxy/Editor/Collaborate/Unity.CollabProxy.Editor.asmdef)
Required property 'name' not set (Packages/com.unity.collab-proxy/Tests/Editor/Collaborate/Unity.CollabProxy.EditorTests.asmdef)
Required property 'name' not set (Packages/com.unity.services.core/Runtime/Threading/Unity.Services.Core.Threading.asmdef)
Required property 'name' not set (Packages/com.unity.collab-proxy/Tests/Editor/PlasticSCM/Unity.PlasticSCM.EditorTests.asmdef)
Required property 'name' not set (Packages/com.unity.services.core/Runtime/Device/Unity.Services.Core.Device.asmdef)
Required property 'name' not set (Packages/com.unity.services.core/Runtime/Telemetry/Unity.Services.Core.Telemetry.asmdef)
Required property 'name' not set (Packages/com.unity.services.core/Runtime/Networking/Unity.Services.Core.Networking.asmdef)
Required property 'name' not set (Packages/com.unity.services.core/Runtime/Core.Internal/Unity.Services.Core.Internal.asmdef)
Required property 'name' not set (Packages/com.unity.services.core/Runtime/Configuration/Unity.Services.Core.Configuration.asmdef)
Required property 'name' not set (Packages/com.unity.services.core/Runtime/Core/Unity.Services.Core.asmdef)
Required property 'name' not set (Packages/com.unity.services.core/Editor/Core/Unity.Services.Core.Editor.asmdef)
Required property 'name' not set (Packages/com.unity.services.core/Editor/Core/Configuration/Unity.Services.Core.Configuration.Editor.asmdef)
Required property 'name' not set (Packages/com.unity.services.core/Runtime/Analytics/Unity.Services.Core.Analytics.asmdef)
Required property 'name' not set (Packages/com.unity.services.core/Runtime/Registration/Unity.Services.Core.Registration.asmdef)
Required property 'name' not set (Packages/com.unity.services.core/Runtime/Environments/Unity.Services.Core.Environments.asmdef)
Required property 'name' not set (Packages/com.unity.services.core/Runtime/Scheduler/Unity.Services.Core.Scheduler.asmdef)
Required property 'name' not set (Packages/com.unity.services.core/Runtime/Environments/Internal/Unity.Services.Core.Environments.Internal.asmdef)
Required property 'name' not set (Packages/com.unity.collab-proxy/Editor/Collaborate/Unity.CollabProxy.Editor.asmdef)
Required property 'name' not set (Packages/com.unity.collab-proxy/Tests/Editor/Collaborate/Unity.CollabProxy.EditorTests.asmdef)
Required property 'name' not set (Packages/com.unity.services.core/Runtime/Threading/Unity.Services.Core.Threading.asmdef)
Required property 'name' not set (Packages/com.unity.collab-proxy/Tests/Editor/PlasticSCM/Unity.PlasticSCM.EditorTests.asmdef)
Required property 'name' not set (Packages/com.unity.services.core/Runtime/Device/Unity.Services.Core.Device.asmdef)
Begin MonoManager ReloadAssembly
Symbol file LoadedFromMemory doesn't match image C:\Users\a0108\OneDrive\바탕 화면\sokovan\Library\PackageCache\com.unity.visualscripting@1.8.0\Editor\VisualScripting.Core\Dependencies\YamlDotNet\Unity.VisualScripting.YamlDotNet.dll
Symbol file LoadedFromMemory doesn't match image C:\Users\a0108\OneDrive\바탕 화면\sokovan\Library\PackageCache\com.unity.visualscripting@1.8.0\Editor\VisualScripting.Core\Dependencies\DotNetZip\Unity.VisualScripting.IonicZip.dll
Native extension for WindowsStandalone target not found
Native extension for WebGL target not found
Refreshing native plugins compatible for Editor in 0.42 ms, found 3 plugins.
Preloading 0 native plugins for Editor in 0.00 ms.
Required property 'name' not set (Packages/com.unity.services.core/Runtime/Telemetry/Unity.Services.Core.Telemetry.asmdef)
Required property 'name' not set (Packages/com.unity.services.core/Runtime/Networking/Unity.Services.Core.Networking.asmdef)
Required property 'name' not set (Packages/com.unity.services.core/Runtime/Core.Internal/Unity.Services.Core.Internal.asmdef)
Required property 'name' not set (Packages/com.unity.services.core/Runtime/Configuration/Unity.Services.Core.Configuration.asmdef)
Required property 'name' not set (Packages/com.unity.services.core/Runtime/Core/Unity.Services.Core.asmdef)
Required property 'name' not set (Packages/com.unity.services.core/Editor/Core/Unity.Services.Core.Editor.asmdef)
Required property 'name' not set (Packages/com.unity.services.core/Editor/Core/Configuration/Unity.Services.Core.Configuration.Editor.asmdef)
Required property 'name' not set (Packages/com.unity.services.core/Runtime/Analytics/Unity.Services.Core.Analytics.asmdef)
Required property 'name' not set (Packages/com.unity.services.core/Runtime/Registration/Unity.Services.Core.Registration.asmdef)
Required property 'name' not set (Packages/com.unity.services.core/Runtime/Environments/Unity.Services.Core.Environments.asmdef)
Required property 'name' not set (Packages/com.unity.services.core/Runtime/Scheduler/Unity.Services.Core.Scheduler.asmdef)
Required property 'name' not set (Packages/com.unity.services.core/Runtime/Environments/Internal/Unity.Services.Core.Environments.Internal.asmdef)
Required property 'name' not set (Packages/com.unity.collab-proxy/Editor/Collaborate/Unity.CollabProxy.Editor.asmdef)
Required property 'name' not set (Packages/com.unity.collab-proxy/Tests/Editor/Collaborate/Unity.CollabProxy.EditorTests.asmdef)
Required property 'name' not set (Packages/com.unity.services.core/Runtime/Threading/Unity.Services.Core.Threading.asmdef)
Required property 'name' not set (Packages/com.unity.collab-proxy/Tests/Editor/PlasticSCM/Unity.PlasticSCM.EditorTests.asmdef)
Required property 'name' not set (Packages/com.unity.services.core/Runtime/Device/Unity.Services.Core.Device.asmdef)
Mono: successfully reloaded assembly
- Completed reload, in  0.852 seconds
Domain Reload Profiling:
	ReloadAssembly (853ms)
		BeginReloadAssembly (175ms)
			ExecutionOrderSort (0ms)
			DisableScriptedObjects (4ms)
			BackupInstance (0ms)
			ReleaseScriptingObjects (0ms)
			CreateAndSetChildDomain (40ms)
		EndReloadAssembly (591ms)
			LoadAssemblies (123ms)
			RebuildTransferFunctionScriptingTraits (0ms)
			SetupTypeCache (198ms)
			ReleaseScriptCaches (1ms)
			RebuildScriptCaches (28ms)
			SetupLoadedEditorAssemblies (245ms)
				LogAssemblyErrors (0ms)
				InitializePlatformSupportModulesInManaged (7ms)
				SetLoadedEditorAssemblies (0ms)
				RefreshPlugins (0ms)
				BeforeProcessingInitializeOnLoad (70ms)
				ProcessInitializeOnLoadAttributes (142ms)
				ProcessInitializeOnLoadMethodAttributes (13ms)
				AfterProcessingInitializeOnLoad (12ms)
				EditorAssembliesLoaded (0ms)
			ExecutionOrderSort2 (0ms)
			AwakeInstancesAfterBackupRestoration (7ms)
Platform modules already initialized, skipping
Refreshing native plugins compatible for Editor in 1.68 ms, found 3 plugins.
Preloading 0 native plugins for Editor in 0.00 ms.
Unloading 3043 Unused Serialized files (Serialized files now loaded: 0)
Unloading 15 unused Assets / (24.7 KB). Loaded Objects now: 3659.
Memory consumption went from 117.0 MB to 116.9 MB.
Total: 2.165500 ms (FindLiveObjects: 0.178500 ms CreateObjectMapping: 0.077800 ms MarkObjects: 1.883900 ms  DeleteObjects: 0.024200 ms)

AssetImportParameters requested are different than current active one (requested -> active):
  custom:video-decoder-ogg-theora: a1e56fd34408186e4bbccfd4996cb3dc -> 
  custom:container-muxer-webm: aa71ff27fc2769a1b78a27578f13a17b -> 
  custom:container-demuxer-webm: 4f35f7cbe854078d1ac9338744f61a02 -> 
  custom:video-encoder-webm-vp8: eb34c28f22e8b96e1ab97ce403110664 -> 
  custom:video-codec-MediaFoundation-h265: 746d11721c4dcdbdad8f713fa42b33f4 -> 
  custom:audio-encoder-webm-vorbis: bf7c407c2cedff20999df2af8eb42d56 -> 
  custom:framework-win-MediaFoundation: 216162199b28c13a410421893ffa2e32 -> 
  custom:container-demuxer-ogg: 62fdf1f143b41e24485cea50d1cbac27 -> 
  custom:video-decoder-webm-vp8: 9c59270c3fd7afecdb556c50c9e8de78 -> 
  custom:audio-decoder-ogg-vorbis: bf7c407c2cedff20999df2af8eb42d56 -> 
========================================================================
Received Prepare
Registering precompiled user dll's ...
Registered in 0.012812 seconds.
Required property 'name' not set (Packages/com.unity.services.core/Runtime/Telemetry/Unity.Services.Core.Telemetry.asmdef)
Required property 'name' not set (Packages/com.unity.services.core/Runtime/Networking/Unity.Services.Core.Networking.asmdef)
Required property 'name' not set (Packages/com.unity.services.core/Runtime/Core.Internal/Unity.Services.Core.Internal.asmdef)
Required property 'name' not set (Packages/com.unity.services.core/Runtime/Configuration/Unity.Services.Core.Configuration.asmdef)
Required property 'name' not set (Packages/com.unity.services.core/Runtime/Core/Unity.Services.Core.asmdef)
Required property 'name' not set (Packages/com.unity.services.core/Editor/Core/Unity.Services.Core.Editor.asmdef)
Required property 'name' not set (Packages/com.unity.services.core/Editor/Core/Configuration/Unity.Services.Core.Configuration.Editor.asmdef)
Required property 'name' not set (Packages/com.unity.services.core/Runtime/Analytics/Unity.Services.Core.Analytics.asmdef)
Required property 'name' not set (Packages/com.unity.services.core/Runtime/Registration/Unity.Services.Core.Registration.asmdef)
Required property 'name' not set (Packages/com.unity.services.core/Runtime/Environments/Unity.Services.Core.Environments.asmdef)
Required property 'name' not set (Packages/com.unity.services.core/Runtime/Scheduler/Unity.Services.Core.Scheduler.asmdef)
Required property 'name' not set (Packages/com.unity.services.core/Runtime/Environments/Internal/Unity.Services.Core.Environments.Internal.asmdef)
Required property 'name' not set (Packages/com.unity.collab-proxy/Editor/Collaborate/Unity.CollabProxy.Editor.asmdef)
Required property 'name' not set (Packages/com.unity.collab-proxy/Tests/Editor/Collaborate/Unity.CollabProxy.EditorTests.asmdef)
Required property 'name' not set (Packages/com.unity.services.core/Runtime/Threading/Unity.Services.Core.Threading.asmdef)
Required property 'name' not set (Packages/com.unity.collab-proxy/Tests/Editor/PlasticSCM/Unity.PlasticSCM.EditorTests.asmdef)
Required property 'name' not set (Packages/com.unity.services.core/Runtime/Device/Unity.Services.Core.Device.asmdef)
Required property 'name' not set (Packages/com.unity.services.core/Runtime/Telemetry/Unity.Services.Core.Telemetry.asmdef)
Required property 'name' not set (Packages/com.unity.services.core/Runtime/Networking/Unity.Services.Core.Networking.asmdef)
Required property 'name' not set (Packages/com.unity.services.core/Runtime/Core.Internal/Unity.Services.Core.Internal.asmdef)
Required property 'name' not set (Packages/com.unity.services.core/Runtime/Configuration/Unity.Services.Core.Configuration.asmdef)
Required property 'name' not set (Packages/com.unity.services.core/Runtime/Core/Unity.Services.Core.asmdef)
Required property 'name' not set (Packages/com.unity.services.core/Editor/Core/Unity.Services.Core.Editor.asmdef)
Required property 'name' not set (Packages/com.unity.services.core/Editor/Core/Configuration/Unity.Services.Core.Configuration.Editor.asmdef)
Required property 'name' not set (Packages/com.unity.services.core/Runtime/Analytics/Unity.Services.Core.Analytics.asmdef)
Required property 'name' not set (Packages/com.unity.services.core/Runtime/Registration/Unity.Services.Core.Registration.asmdef)
Required property 'name' not set (Packages/com.unity.services.core/Runtime/Environments/Unity.Services.Core.Environments.asmdef)
Required property 'name' not set (Packages/com.unity.services.core/Runtime/Scheduler/Unity.Services.Core.Scheduler.asmdef)
Required property 'name' not set (Packages/com.unity.services.core/Runtime/Environments/Internal/Unity.Services.Core.Environments.Internal.asmdef)
Required property 'name' not set (Packages/com.unity.collab-proxy/Editor/Collaborate/Unity.CollabProxy.Editor.asmdef)
Required property 'name' not set (Packages/com.unity.collab-proxy/Tests/Editor/Collaborate/Unity.CollabProxy.EditorTests.asmdef)
Required property 'name' not set (Packages/com.unity.services.core/Runtime/Threading/Unity.Services.Core.Threading.asmdef)
Required property 'name' not set (Packages/com.unity.collab-proxy/Tests/Editor/PlasticSCM/Unity.PlasticSCM.EditorTests.asmdef)
Required property 'name' not set (Packages/com.unity.services.core/Runtime/Device/Unity.Services.Core.Device.asmdef)
Begin MonoManager ReloadAssembly
Symbol file LoadedFromMemory doesn't match image C:\Users\a0108\OneDrive\바탕 화면\sokovan\Library\PackageCache\com.unity.visualscripting@1.8.0\Editor\VisualScripting.Core\Dependencies\YamlDotNet\Unity.VisualScripting.YamlDotNet.dll
Symbol file LoadedFromMemory doesn't match image C:\Users\a0108\OneDrive\바탕 화면\sokovan\Library\PackageCache\com.unity.visualscripting@1.8.0\Editor\VisualScripting.Core\Dependencies\DotNetZip\Unity.VisualScripting.IonicZip.dll
Native extension for WindowsStandalone target not found
Native extension for WebGL target not found
Refreshing native plugins compatible for Editor in 0.51 ms, found 3 plugins.
Preloading 0 native plugins for Editor in 0.00 ms.
Required property 'name' not set (Packages/com.unity.services.core/Runtime/Telemetry/Unity.Services.Core.Telemetry.asmdef)
Required property 'name' not set (Packages/com.unity.services.core/Runtime/Networking/Unity.Services.Core.Networking.asmdef)
Required property 'name' not set (Packages/com.unity.services.core/Runtime/Core.Internal/Unity.Services.Core.Internal.asmdef)
Required property 'name' not set (Packages/com.unity.services.core/Runtime/Configuration/Unity.Services.Core.Configuration.asmdef)
Required property 'name' not set (Packages/com.unity.services.core/Runtime/Core/Unity.Services.Core.asmdef)
Required property 'name' not set (Packages/com.unity.services.core/Editor/Core/Unity.Services.Core.Editor.asmdef)
Required property 'name' not set (Packages/com.unity.services.core/Editor/Core/Configuration/Unity.Services.Core.Configuration.Editor.asmdef)
Required property 'name' not set (Packages/com.unity.services.core/Runtime/Analytics/Unity.Services.Core.Analytics.asmdef)
Required property 'name' not set (Packages/com.unity.services.core/Runtime/Registration/Unity.Services.Core.Registration.asmdef)
Required property 'name' not set (Packages/com.unity.services.core/Runtime/Environments/Unity.Services.Core.Environments.asmdef)
Required property 'name' not set (Packages/com.unity.services.core/Runtime/Scheduler/Unity.Services.Core.Scheduler.asmdef)
Required property 'name' not set (Packages/com.unity.services.core/Runtime/Environments/Internal/Unity.Services.Core.Environments.Internal.asmdef)
Required property 'name' not set (Packages/com.unity.collab-proxy/Editor/Collaborate/Unity.CollabProxy.Editor.asmdef)
Required property 'name' not set (Packages/com.unity.collab-proxy/Tests/Editor/Collaborate/Unity.CollabProxy.EditorTests.asmdef)
Required property 'name' not set (Packages/com.unity.services.core/Runtime/Threading/Unity.Services.Core.Threading.asmdef)
Required property 'name' not set (Packages/com.unity.collab-proxy/Tests/Editor/PlasticSCM/Unity.PlasticSCM.EditorTests.asmdef)
Required property 'name' not set (Packages/com.unity.services.core/Runtime/Device/Unity.Services.Core.Device.asmdef)
Mono: successfully reloaded assembly
- Completed reload, in  2.253 seconds
Domain Reload Profiling:
	ReloadAssembly (2254ms)
		BeginReloadAssembly (168ms)
			ExecutionOrderSort (0ms)
			DisableScriptedObjects (4ms)
			BackupInstance (0ms)
			ReleaseScriptingObjects (0ms)
			CreateAndSetChildDomain (33ms)
		EndReloadAssembly (1993ms)
			LoadAssemblies (150ms)
			RebuildTransferFunctionScriptingTraits (0ms)
			SetupTypeCache (455ms)
			ReleaseScriptCaches (3ms)
			RebuildScriptCaches (113ms)
			SetupLoadedEditorAssemblies (1037ms)
				LogAssemblyErrors (0ms)
				InitializePlatformSupportModulesInManaged (28ms)
				SetLoadedEditorAssemblies (2ms)
				RefreshPlugins (1ms)
				BeforeProcessingInitializeOnLoad (272ms)
				ProcessInitializeOnLoadAttributes (638ms)
				ProcessInitializeOnLoadMethodAttributes (54ms)
				AfterProcessingInitializeOnLoad (43ms)
				EditorAssembliesLoaded (0ms)
			ExecutionOrderSort2 (0ms)
			AwakeInstancesAfterBackupRestoration (19ms)
Platform modules already initialized, skipping
Refreshing native plugins compatible for Editor in 2.39 ms, found 3 plugins.
Preloading 0 native plugins for Editor in 0.00 ms.
Unloading 3043 Unused Serialized files (Serialized files now loaded: 0)
Unloading 15 unused Assets / (24.7 KB). Loaded Objects now: 3662.
Memory consumption went from 117.0 MB to 116.9 MB.
Total: 2.440700 ms (FindLiveObjects: 0.184400 ms CreateObjectMapping: 0.077000 ms MarkObjects: 2.157200 ms  DeleteObjects: 0.020900 ms)

AssetImportParameters requested are different than current active one (requested -> active):
  custom:video-decoder-ogg-theora: a1e56fd34408186e4bbccfd4996cb3dc -> 
  custom:container-muxer-webm: aa71ff27fc2769a1b78a27578f13a17b -> 
  custom:container-demuxer-webm: 4f35f7cbe854078d1ac9338744f61a02 -> 
  custom:video-encoder-webm-vp8: eb34c28f22e8b96e1ab97ce403110664 -> 
  custom:video-codec-MediaFoundation-h265: 746d11721c4dcdbdad8f713fa42b33f4 -> 
  custom:audio-encoder-webm-vorbis: bf7c407c2cedff20999df2af8eb42d56 -> 
  custom:framework-win-MediaFoundation: 216162199b28c13a410421893ffa2e32 -> 
  custom:container-demuxer-ogg: 62fdf1f143b41e24485cea50d1cbac27 -> 
  custom:video-decoder-webm-vp8: 9c59270c3fd7afecdb556c50c9e8de78 -> 
  custom:audio-decoder-ogg-vorbis: bf7c407c2cedff20999df2af8eb42d56 -> 
========================================================================
Received Prepare
Registering precompiled user dll's ...
Registered in 0.009304 seconds.
Required property 'name' not set (Packages/com.unity.services.core/Runtime/Telemetry/Unity.Services.Core.Telemetry.asmdef)
Required property 'name' not set (Packages/com.unity.services.core/Runtime/Networking/Unity.Services.Core.Networking.asmdef)
Required property 'name' not set (Packages/com.unity.services.core/Runtime/Core.Internal/Unity.Services.Core.Internal.asmdef)
Required property 'name' not set (Packages/com.unity.services.core/Runtime/Configuration/Unity.Services.Core.Configuration.asmdef)
Required property 'name' not set (Packages/com.unity.services.core/Runtime/Core/Unity.Services.Core.asmdef)
Required property 'name' not set (Packages/com.unity.services.core/Editor/Core/Unity.Services.Core.Editor.asmdef)
Required property 'name' not set (Packages/com.unity.services.core/Editor/Core/Configuration/Unity.Services.Core.Configuration.Editor.asmdef)
Required property 'name' not set (Packages/com.unity.services.core/Runtime/Analytics/Unity.Services.Core.Analytics.asmdef)
Required property 'name' not set (Packages/com.unity.services.core/Runtime/Registration/Unity.Services.Core.Registration.asmdef)
Required property 'name' not set (Packages/com.unity.services.core/Runtime/Environments/Unity.Services.Core.Environments.asmdef)
Required property 'name' not set (Packages/com.unity.services.core/Runtime/Scheduler/Unity.Services.Core.Scheduler.asmdef)
Required property 'name' not set (Packages/com.unity.services.core/Runtime/Environments/Internal/Unity.Services.Core.Environments.Internal.asmdef)
Required property 'name' not set (Packages/com.unity.collab-proxy/Editor/Collaborate/Unity.CollabProxy.Editor.asmdef)
Required property 'name' not set (Packages/com.unity.collab-proxy/Tests/Editor/Collaborate/Unity.CollabProxy.EditorTests.asmdef)
Required property 'name' not set (Packages/com.unity.services.core/Runtime/Threading/Unity.Services.Core.Threading.asmdef)
Required property 'name' not set (Packages/com.unity.collab-proxy/Tests/Editor/PlasticSCM/Unity.PlasticSCM.EditorTests.asmdef)
Required property 'name' not set (Packages/com.unity.services.core/Runtime/Device/Unity.Services.Core.Device.asmdef)
Required property 'name' not set (Packages/com.unity.services.core/Runtime/Telemetry/Unity.Services.Core.Telemetry.asmdef)
Required property 'name' not set (Packages/com.unity.services.core/Runtime/Networking/Unity.Services.Core.Networking.asmdef)
Required property 'name' not set (Packages/com.unity.services.core/Runtime/Core.Internal/Unity.Services.Core.Internal.asmdef)
Required property 'name' not set (Packages/com.unity.services.core/Runtime/Configuration/Unity.Services.Core.Configuration.asmdef)
Required property 'name' not set (Packages/com.unity.services.core/Runtime/Core/Unity.Services.Core.asmdef)
Required property 'name' not set (Packages/com.unity.services.core/Editor/Core/Unity.Services.Core.Editor.asmdef)
Required property 'name' not set (Packages/com.unity.services.core/Editor/Core/Configuration/Unity.Services.Core.Configuration.Editor.asmdef)
Required property 'name' not set (Packages/com.unity.services.core/Runtime/Analytics/Unity.Services.Core.Analytics.asmdef)
Required property 'name' not set (Packages/com.unity.services.core/Runtime/Registration/Unity.Services.Core.Registration.asmdef)
Required property 'name' not set (Packages/com.unity.services.core/Runtime/Environments/Unity.Services.Core.Environments.asmdef)
Required property 'name' not set (Packages/com.unity.services.core/Runtime/Scheduler/Unity.Services.Core.Scheduler.asmdef)
Required property 'name' not set (Packages/com.unity.services.core/Runtime/Environments/Internal/Unity.Services.Core.Environments.Internal.asmdef)
Required property 'name' not set (Packages/com.unity.collab-proxy/Editor/Collaborate/Unity.CollabProxy.Editor.asmdef)
Required property 'name' not set (Packages/com.unity.collab-proxy/Tests/Editor/Collaborate/Unity.CollabProxy.EditorTests.asmdef)
Required property 'name' not set (Packages/com.unity.services.core/Runtime/Threading/Unity.Services.Core.Threading.asmdef)
Required property 'name' not set (Packages/com.unity.collab-proxy/Tests/Editor/PlasticSCM/Unity.PlasticSCM.EditorTests.asmdef)
Required property 'name' not set (Packages/com.unity.services.core/Runtime/Device/Unity.Services.Core.Device.asmdef)
Begin MonoManager ReloadAssembly
Symbol file LoadedFromMemory doesn't match image C:\Users\a0108\OneDrive\바탕 화면\sokovan\Library\PackageCache\com.unity.visualscripting@1.8.0\Editor\VisualScripting.Core\Dependencies\YamlDotNet\Unity.VisualScripting.YamlDotNet.dll
Symbol file LoadedFromMemory doesn't match image C:\Users\a0108\OneDrive\바탕 화면\sokovan\Library\PackageCache\com.unity.visualscripting@1.8.0\Editor\VisualScripting.Core\Dependencies\DotNetZip\Unity.VisualScripting.IonicZip.dll
Native extension for WindowsStandalone target not found
Native extension for WebGL target not found
Refreshing native plugins compatible for Editor in 0.51 ms, found 3 plugins.
Preloading 0 native plugins for Editor in 0.00 ms.
Required property 'name' not set (Packages/com.unity.services.core/Runtime/Telemetry/Unity.Services.Core.Telemetry.asmdef)
Required property 'name' not set (Packages/com.unity.services.core/Runtime/Networking/Unity.Services.Core.Networking.asmdef)
Required property 'name' not set (Packages/com.unity.services.core/Runtime/Core.Internal/Unity.Services.Core.Internal.asmdef)
Required property 'name' not set (Packages/com.unity.services.core/Runtime/Configuration/Unity.Services.Core.Configuration.asmdef)
Required property 'name' not set (Packages/com.unity.services.core/Runtime/Core/Unity.Services.Core.asmdef)
Required property 'name' not set (Packages/com.unity.services.core/Editor/Core/Unity.Services.Core.Editor.asmdef)
Required property 'name' not set (Packages/com.unity.services.core/Editor/Core/Configuration/Unity.Services.Core.Configuration.Editor.asmdef)
Required property 'name' not set (Packages/com.unity.services.core/Runtime/Analytics/Unity.Services.Core.Analytics.asmdef)
Required property 'name' not set (Packages/com.unity.services.core/Runtime/Registration/Unity.Services.Core.Registration.asmdef)
Required property 'name' not set (Packages/com.unity.services.core/Runtime/Environments/Unity.Services.Core.Environments.asmdef)
Required property 'name' not set (Packages/com.unity.services.core/Runtime/Scheduler/Unity.Services.Core.Scheduler.asmdef)
Required property 'name' not set (Packages/com.unity.services.core/Runtime/Environments/Internal/Unity.Services.Core.Environments.Internal.asmdef)
Required property 'name' not set (Packages/com.unity.collab-proxy/Editor/Collaborate/Unity.CollabProxy.Editor.asmdef)
Required property 'name' not set (Packages/com.unity.collab-proxy/Tests/Editor/Collaborate/Unity.CollabProxy.EditorTests.asmdef)
Required property 'name' not set (Packages/com.unity.services.core/Runtime/Threading/Unity.Services.Core.Threading.asmdef)
Required property 'name' not set (Packages/com.unity.collab-proxy/Tests/Editor/PlasticSCM/Unity.PlasticSCM.EditorTests.asmdef)
Required property 'name' not set (Packages/com.unity.services.core/Runtime/Device/Unity.Services.Core.Device.asmdef)
Mono: successfully reloaded assembly
- Completed reload, in  2.264 seconds
Domain Reload Profiling:
	ReloadAssembly (2265ms)
		BeginReloadAssembly (172ms)
			ExecutionOrderSort (0ms)
			DisableScriptedObjects (4ms)
			BackupInstance (0ms)
			ReleaseScriptingObjects (0ms)
			CreateAndSetChildDomain (32ms)
		EndReloadAssembly (1940ms)
			LoadAssemblies (197ms)
			RebuildTransferFunctionScriptingTraits (0ms)
			SetupTypeCache (662ms)
			ReleaseScriptCaches (3ms)
			RebuildScriptCaches (90ms)
			SetupLoadedEditorAssemblies (799ms)
				LogAssemblyErrors (0ms)
				InitializePlatformSupportModulesInManaged (15ms)
				SetLoadedEditorAssemblies (1ms)
				RefreshPlugins (1ms)
				BeforeProcessingInitializeOnLoad (264ms)
				ProcessInitializeOnLoadAttributes (433ms)
				ProcessInitializeOnLoadMethodAttributes (46ms)
				AfterProcessingInitializeOnLoad (38ms)
				EditorAssembliesLoaded (0ms)
			ExecutionOrderSort2 (0ms)
			AwakeInstancesAfterBackupRestoration (23ms)
Platform modules already initialized, skipping
Refreshing native plugins compatible for Editor in 12.98 ms, found 3 plugins.
Preloading 0 native plugins for Editor in 0.00 ms.
Unloading 3043 Unused Serialized files (Serialized files now loaded: 0)
Unloading 15 unused Assets / (24.8 KB). Loaded Objects now: 3665.
Memory consumption went from 117.0 MB to 117.0 MB.
Total: 6.583300 ms (FindLiveObjects: 0.290500 ms CreateObjectMapping: 2.559900 ms MarkObjects: 3.697700 ms  DeleteObjects: 0.032600 ms)

AssetImportParameters requested are different than current active one (requested -> active):
  custom:video-decoder-ogg-theora: a1e56fd34408186e4bbccfd4996cb3dc -> 
  custom:container-muxer-webm: aa71ff27fc2769a1b78a27578f13a17b -> 
  custom:container-demuxer-webm: 4f35f7cbe854078d1ac9338744f61a02 -> 
  custom:video-encoder-webm-vp8: eb34c28f22e8b96e1ab97ce403110664 -> 
  custom:video-codec-MediaFoundation-h265: 746d11721c4dcdbdad8f713fa42b33f4 -> 
  custom:audio-encoder-webm-vorbis: bf7c407c2cedff20999df2af8eb42d56 -> 
  custom:framework-win-MediaFoundation: 216162199b28c13a410421893ffa2e32 -> 
  custom:container-demuxer-ogg: 62fdf1f143b41e24485cea50d1cbac27 -> 
  custom:video-decoder-webm-vp8: 9c59270c3fd7afecdb556c50c9e8de78 -> 
  custom:audio-decoder-ogg-vorbis: bf7c407c2cedff20999df2af8eb42d56 -> 
========================================================================
Received Prepare
Registering precompiled user dll's ...
Registered in 0.022444 seconds.
Required property 'name' not set (Packages/com.unity.services.core/Runtime/Telemetry/Unity.Services.Core.Telemetry.asmdef)
Required property 'name' not set (Packages/com.unity.services.core/Runtime/Networking/Unity.Services.Core.Networking.asmdef)
Required property 'name' not set (Packages/com.unity.services.core/Runtime/Core.Internal/Unity.Services.Core.Internal.asmdef)
Required property 'name' not set (Packages/com.unity.services.core/Runtime/Configuration/Unity.Services.Core.Configuration.asmdef)
Required property 'name' not set (Packages/com.unity.services.core/Runtime/Core/Unity.Services.Core.asmdef)
Required property 'name' not set (Packages/com.unity.services.core/Editor/Core/Unity.Services.Core.Editor.asmdef)
Required property 'name' not set (Packages/com.unity.services.core/Editor/Core/Configuration/Unity.Services.Core.Configuration.Editor.asmdef)
Required property 'name' not set (Packages/com.unity.services.core/Runtime/Analytics/Unity.Services.Core.Analytics.asmdef)
Required property 'name' not set (Packages/com.unity.services.core/Runtime/Registration/Unity.Services.Core.Registration.asmdef)
Required property 'name' not set (Packages/com.unity.services.core/Runtime/Environments/Unity.Services.Core.Environments.asmdef)
Required property 'name' not set (Packages/com.unity.services.core/Runtime/Scheduler/Unity.Services.Core.Scheduler.asmdef)
Required property 'name' not set (Packages/com.unity.services.core/Runtime/Environments/Internal/Unity.Services.Core.Environments.Internal.asmdef)
Required property 'name' not set (Packages/com.unity.collab-proxy/Editor/Collaborate/Unity.CollabProxy.Editor.asmdef)
Required property 'name' not set (Packages/com.unity.collab-proxy/Tests/Editor/Collaborate/Unity.CollabProxy.EditorTests.asmdef)
Required property 'name' not set (Packages/com.unity.services.core/Runtime/Threading/Unity.Services.Core.Threading.asmdef)
Required property 'name' not set (Packages/com.unity.collab-proxy/Tests/Editor/PlasticSCM/Unity.PlasticSCM.EditorTests.asmdef)
Required property 'name' not set (Packages/com.unity.services.core/Runtime/Device/Unity.Services.Core.Device.asmdef)
Required property 'name' not set (Packages/com.unity.services.core/Runtime/Telemetry/Unity.Services.Core.Telemetry.asmdef)
Required property 'name' not set (Packages/com.unity.services.core/Runtime/Networking/Unity.Services.Core.Networking.asmdef)
Required property 'name' not set (Packages/com.unity.services.core/Runtime/Core.Internal/Unity.Services.Core.Internal.asmdef)
Required property 'name' not set (Packages/com.unity.services.core/Runtime/Configuration/Unity.Services.Core.Configuration.asmdef)
Required property 'name' not set (Packages/com.unity.services.core/Runtime/Core/Unity.Services.Core.asmdef)
Required property 'name' not set (Packages/com.unity.services.core/Editor/Core/Unity.Services.Core.Editor.asmdef)
Required property 'name' not set (Packages/com.unity.services.core/Editor/Core/Configuration/Unity.Services.Core.Configuration.Editor.asmdef)
Required property 'name' not set (Packages/com.unity.services.core/Runtime/Analytics/Unity.Services.Core.Analytics.asmdef)
Required property 'name' not set (Packages/com.unity.services.core/Runtime/Registration/Unity.Services.Core.Registration.asmdef)
Required property 'name' not set (Packages/com.unity.services.core/Runtime/Environments/Unity.Services.Core.Environments.asmdef)
Required property 'name' not set (Packages/com.unity.services.core/Runtime/Scheduler/Unity.Services.Core.Scheduler.asmdef)
Required property 'name' not set (Packages/com.unity.services.core/Runtime/Environments/Internal/Unity.Services.Core.Environments.Internal.asmdef)
Required property 'name' not set (Packages/com.unity.collab-proxy/Editor/Collaborate/Unity.CollabProxy.Editor.asmdef)
Required property 'name' not set (Packages/com.unity.collab-proxy/Tests/Editor/Collaborate/Unity.CollabProxy.EditorTests.asmdef)
Required property 'name' not set (Packages/com.unity.services.core/Runtime/Threading/Unity.Services.Core.Threading.asmdef)
Required property 'name' not set (Packages/com.unity.collab-proxy/Tests/Editor/PlasticSCM/Unity.PlasticSCM.EditorTests.asmdef)
Required property 'name' not set (Packages/com.unity.services.core/Runtime/Device/Unity.Services.Core.Device.asmdef)
Begin MonoManager ReloadAssembly
Symbol file LoadedFromMemory doesn't match image C:\Users\a0108\OneDrive\바탕 화면\sokovan\Library\PackageCache\com.unity.visualscripting@1.8.0\Editor\VisualScripting.Core\Dependencies\YamlDotNet\Unity.VisualScripting.YamlDotNet.dll
Symbol file LoadedFromMemory doesn't match image C:\Users\a0108\OneDrive\바탕 화면\sokovan\Library\PackageCache\com.unity.visualscripting@1.8.0\Editor\VisualScripting.Core\Dependencies\DotNetZip\Unity.VisualScripting.IonicZip.dll
Native extension for WindowsStandalone target not found
Native extension for WebGL target not found
Refreshing native plugins compatible for Editor in 0.90 ms, found 3 plugins.
Preloading 0 native plugins for Editor in 0.00 ms.
Required property 'name' not set (Packages/com.unity.services.core/Runtime/Telemetry/Unity.Services.Core.Telemetry.asmdef)
Required property 'name' not set (Packages/com.unity.services.core/Runtime/Networking/Unity.Services.Core.Networking.asmdef)
Required property 'name' not set (Packages/com.unity.services.core/Runtime/Core.Internal/Unity.Services.Core.Internal.asmdef)
Required property 'name' not set (Packages/com.unity.services.core/Runtime/Configuration/Unity.Services.Core.Configuration.asmdef)
Required property 'name' not set (Packages/com.unity.services.core/Runtime/Core/Unity.Services.Core.asmdef)
Required property 'name' not set (Packages/com.unity.services.core/Editor/Core/Unity.Services.Core.Editor.asmdef)
Required property 'name' not set (Packages/com.unity.services.core/Editor/Core/Configuration/Unity.Services.Core.Configuration.Editor.asmdef)
Required property 'name' not set (Packages/com.unity.services.core/Runtime/Analytics/Unity.Services.Core.Analytics.asmdef)
Required property 'name' not set (Packages/com.unity.services.core/Runtime/Registration/Unity.Services.Core.Registration.asmdef)
Required property 'name' not set (Packages/com.unity.services.core/Runtime/Environments/Unity.Services.Core.Environments.asmdef)
Required property 'name' not set (Packages/com.unity.services.core/Runtime/Scheduler/Unity.Services.Core.Scheduler.asmdef)
Required property 'name' not set (Packages/com.unity.services.core/Runtime/Environments/Internal/Unity.Services.Core.Environments.Internal.asmdef)
Required property 'name' not set (Packages/com.unity.collab-proxy/Editor/Collaborate/Unity.CollabProxy.Editor.asmdef)
Required property 'name' not set (Packages/com.unity.collab-proxy/Tests/Editor/Collaborate/Unity.CollabProxy.EditorTests.asmdef)
Required property 'name' not set (Packages/com.unity.services.core/Runtime/Threading/Unity.Services.Core.Threading.asmdef)
Required property 'name' not set (Packages/com.unity.collab-proxy/Tests/Editor/PlasticSCM/Unity.PlasticSCM.EditorTests.asmdef)
Required property 'name' not set (Packages/com.unity.services.core/Runtime/Device/Unity.Services.Core.Device.asmdef)
Mono: successfully reloaded assembly
- Completed reload, in  2.520 seconds
Domain Reload Profiling:
	ReloadAssembly (2521ms)
		BeginReloadAssembly (389ms)
			ExecutionOrderSort (0ms)
			DisableScriptedObjects (9ms)
			BackupInstance (0ms)
			ReleaseScriptingObjects (0ms)
			CreateAndSetChildDomain (69ms)
		EndReloadAssembly (1867ms)
			LoadAssemblies (302ms)
			RebuildTransferFunctionScriptingTraits (0ms)
			SetupTypeCache (635ms)
			ReleaseScriptCaches (2ms)
			RebuildScriptCaches (97ms)
			SetupLoadedEditorAssemblies (768ms)
				LogAssemblyErrors (0ms)
				InitializePlatformSupportModulesInManaged (16ms)
				SetLoadedEditorAssemblies (1ms)
				RefreshPlugins (1ms)
				BeforeProcessingInitializeOnLoad (230ms)
				ProcessInitializeOnLoadAttributes (443ms)
				ProcessInitializeOnLoadMethodAttributes (44ms)
				AfterProcessingInitializeOnLoad (32ms)
				EditorAssembliesLoaded (0ms)
			ExecutionOrderSort2 (0ms)
			AwakeInstancesAfterBackupRestoration (25ms)
Platform modules already initialized, skipping
Refreshing native plugins compatible for Editor in 3.66 ms, found 3 plugins.
Preloading 0 native plugins for Editor in 0.00 ms.
Unloading 3043 Unused Serialized files (Serialized files now loaded: 0)
Unloading 15 unused Assets / (24.7 KB). Loaded Objects now: 3668.
Memory consumption went from 117.0 MB to 117.0 MB.
Total: 3.929600 ms (FindLiveObjects: 0.231200 ms CreateObjectMapping: 0.100600 ms MarkObjects: 3.565900 ms  DeleteObjects: 0.030600 ms)

AssetImportParameters requested are different than current active one (requested -> active):
  custom:video-decoder-ogg-theora: a1e56fd34408186e4bbccfd4996cb3dc -> 
  custom:container-muxer-webm: aa71ff27fc2769a1b78a27578f13a17b -> 
  custom:container-demuxer-webm: 4f35f7cbe854078d1ac9338744f61a02 -> 
  custom:video-encoder-webm-vp8: eb34c28f22e8b96e1ab97ce403110664 -> 
  custom:video-codec-MediaFoundation-h265: 746d11721c4dcdbdad8f713fa42b33f4 -> 
  custom:audio-encoder-webm-vorbis: bf7c407c2cedff20999df2af8eb42d56 -> 
  custom:framework-win-MediaFoundation: 216162199b28c13a410421893ffa2e32 -> 
  custom:container-demuxer-ogg: 62fdf1f143b41e24485cea50d1cbac27 -> 
  custom:video-decoder-webm-vp8: 9c59270c3fd7afecdb556c50c9e8de78 -> 
  custom:audio-decoder-ogg-vorbis: bf7c407c2cedff20999df2af8eb42d56 -> 
========================================================================
Received Prepare
Registering precompiled user dll's ...
Registered in 0.010780 seconds.
Required property 'name' not set (Packages/com.unity.services.core/Runtime/Telemetry/Unity.Services.Core.Telemetry.asmdef)
Required property 'name' not set (Packages/com.unity.services.core/Runtime/Networking/Unity.Services.Core.Networking.asmdef)
Required property 'name' not set (Packages/com.unity.services.core/Runtime/Core.Internal/Unity.Services.Core.Internal.asmdef)
Required property 'name' not set (Packages/com.unity.services.core/Runtime/Configuration/Unity.Services.Core.Configuration.asmdef)
Required property 'name' not set (Packages/com.unity.services.core/Runtime/Core/Unity.Services.Core.asmdef)
Required property 'name' not set (Packages/com.unity.services.core/Editor/Core/Unity.Services.Core.Editor.asmdef)
Required property 'name' not set (Packages/com.unity.services.core/Editor/Core/Configuration/Unity.Services.Core.Configuration.Editor.asmdef)
Required property 'name' not set (Packages/com.unity.services.core/Runtime/Analytics/Unity.Services.Core.Analytics.asmdef)
Required property 'name' not set (Packages/com.unity.services.core/Runtime/Registration/Unity.Services.Core.Registration.asmdef)
Required property 'name' not set (Packages/com.unity.services.core/Runtime/Environments/Unity.Services.Core.Environments.asmdef)
Required property 'name' not set (Packages/com.unity.services.core/Runtime/Scheduler/Unity.Services.Core.Scheduler.asmdef)
Required property 'name' not set (Packages/com.unity.services.core/Runtime/Environments/Internal/Unity.Services.Core.Environments.Internal.asmdef)
Required property 'name' not set (Packages/com.unity.collab-proxy/Editor/Collaborate/Unity.CollabProxy.Editor.asmdef)
Required property 'name' not set (Packages/com.unity.collab-proxy/Tests/Editor/Collaborate/Unity.CollabProxy.EditorTests.asmdef)
Required property 'name' not set (Packages/com.unity.services.core/Runtime/Threading/Unity.Services.Core.Threading.asmdef)
Required property 'name' not set (Packages/com.unity.collab-proxy/Tests/Editor/PlasticSCM/Unity.PlasticSCM.EditorTests.asmdef)
Required property 'name' not set (Packages/com.unity.services.core/Runtime/Device/Unity.Services.Core.Device.asmdef)
Required property 'name' not set (Packages/com.unity.services.core/Runtime/Telemetry/Unity.Services.Core.Telemetry.asmdef)
Required property 'name' not set (Packages/com.unity.services.core/Runtime/Networking/Unity.Services.Core.Networking.asmdef)
Required property 'name' not set (Packages/com.unity.services.core/Runtime/Core.Internal/Unity.Services.Core.Internal.asmdef)
Required property 'name' not set (Packages/com.unity.services.core/Runtime/Configuration/Unity.Services.Core.Configuration.asmdef)
Required property 'name' not set (Packages/com.unity.services.core/Runtime/Core/Unity.Services.Core.asmdef)
Required property 'name' not set (Packages/com.unity.services.core/Editor/Core/Unity.Services.Core.Editor.asmdef)
Required property 'name' not set (Packages/com.unity.services.core/Editor/Core/Configuration/Unity.Services.Core.Configuration.Editor.asmdef)
Required property 'name' not set (Packages/com.unity.services.core/Runtime/Analytics/Unity.Services.Core.Analytics.asmdef)
Required property 'name' not set (Packages/com.unity.services.core/Runtime/Registration/Unity.Services.Core.Registration.asmdef)
Required property 'name' not set (Packages/com.unity.services.core/Runtime/Environments/Unity.Services.Core.Environments.asmdef)
Required property 'name' not set (Packages/com.unity.services.core/Runtime/Scheduler/Unity.Services.Core.Scheduler.asmdef)
Required property 'name' not set (Packages/com.unity.services.core/Runtime/Environments/Internal/Unity.Services.Core.Environments.Internal.asmdef)
Required property 'name' not set (Packages/com.unity.collab-proxy/Editor/Collaborate/Unity.CollabProxy.Editor.asmdef)
Required property 'name' not set (Packages/com.unity.collab-proxy/Tests/Editor/Collaborate/Unity.CollabProxy.EditorTests.asmdef)
Required property 'name' not set (Packages/com.unity.services.core/Runtime/Threading/Unity.Services.Core.Threading.asmdef)
Required property 'name' not set (Packages/com.unity.collab-proxy/Tests/Editor/PlasticSCM/Unity.PlasticSCM.EditorTests.asmdef)
Required property 'name' not set (Packages/com.unity.services.core/Runtime/Device/Unity.Services.Core.Device.asmdef)
Begin MonoManager ReloadAssembly
Symbol file LoadedFromMemory doesn't match image C:\Users\a0108\OneDrive\바탕 화면\sokovan\Library\PackageCache\com.unity.visualscripting@1.8.0\Editor\VisualScripting.Core\Dependencies\YamlDotNet\Unity.VisualScripting.YamlDotNet.dll
Symbol file LoadedFromMemory doesn't match image C:\Users\a0108\OneDrive\바탕 화면\sokovan\Library\PackageCache\com.unity.visualscripting@1.8.0\Editor\VisualScripting.Core\Dependencies\DotNetZip\Unity.VisualScripting.IonicZip.dll
Native extension for WindowsStandalone target not found
Native extension for WebGL target not found
Refreshing native plugins compatible for Editor in 1.09 ms, found 3 plugins.
Preloading 0 native plugins for Editor in 0.00 ms.
Required property 'name' not set (Packages/com.unity.services.core/Runtime/Telemetry/Unity.Services.Core.Telemetry.asmdef)
Required property 'name' not set (Packages/com.unity.services.core/Runtime/Networking/Unity.Services.Core.Networking.asmdef)
Required property 'name' not set (Packages/com.unity.services.core/Runtime/Core.Internal/Unity.Services.Core.Internal.asmdef)
Required property 'name' not set (Packages/com.unity.services.core/Runtime/Configuration/Unity.Services.Core.Configuration.asmdef)
Required property 'name' not set (Packages/com.unity.services.core/Runtime/Core/Unity.Services.Core.asmdef)
Required property 'name' not set (Packages/com.unity.services.core/Editor/Core/Unity.Services.Core.Editor.asmdef)
Required property 'name' not set (Packages/com.unity.services.core/Editor/Core/Configuration/Unity.Services.Core.Configuration.Editor.asmdef)
Required property 'name' not set (Packages/com.unity.services.core/Runtime/Analytics/Unity.Services.Core.Analytics.asmdef)
Required property 'name' not set (Packages/com.unity.services.core/Runtime/Registration/Unity.Services.Core.Registration.asmdef)
Required property 'name' not set (Packages/com.unity.services.core/Runtime/Environments/Unity.Services.Core.Environments.asmdef)
Required property 'name' not set (Packages/com.unity.services.core/Runtime/Scheduler/Unity.Services.Core.Scheduler.asmdef)
Required property 'name' not set (Packages/com.unity.services.core/Runtime/Environments/Internal/Unity.Services.Core.Environments.Internal.asmdef)
Required property 'name' not set (Packages/com.unity.collab-proxy/Editor/Collaborate/Unity.CollabProxy.Editor.asmdef)
Required property 'name' not set (Packages/com.unity.collab-proxy/Tests/Editor/Collaborate/Unity.CollabProxy.EditorTests.asmdef)
Required property 'name' not set (Packages/com.unity.services.core/Runtime/Threading/Unity.Services.Core.Threading.asmdef)
Required property 'name' not set (Packages/com.unity.collab-proxy/Tests/Editor/PlasticSCM/Unity.PlasticSCM.EditorTests.asmdef)
Required property 'name' not set (Packages/com.unity.services.core/Runtime/Device/Unity.Services.Core.Device.asmdef)
Mono: successfully reloaded assembly
- Completed reload, in  2.070 seconds
Domain Reload Profiling:
	ReloadAssembly (2071ms)
		BeginReloadAssembly (171ms)
			ExecutionOrderSort (0ms)
			DisableScriptedObjects (5ms)
			BackupInstance (0ms)
			ReleaseScriptingObjects (0ms)
			CreateAndSetChildDomain (29ms)
		EndReloadAssembly (1726ms)
			LoadAssemblies (201ms)
			RebuildTransferFunctionScriptingTraits (2ms)
			SetupTypeCache (662ms)
			ReleaseScriptCaches (2ms)
			RebuildScriptCaches (76ms)
			SetupLoadedEditorAssemblies (672ms)
				LogAssemblyErrors (0ms)
				InitializePlatformSupportModulesInManaged (27ms)
				SetLoadedEditorAssemblies (1ms)
				RefreshPlugins (2ms)
				BeforeProcessingInitializeOnLoad (196ms)
				ProcessInitializeOnLoadAttributes (378ms)
				ProcessInitializeOnLoadMethodAttributes (34ms)
				AfterProcessingInitializeOnLoad (34ms)
				EditorAssembliesLoaded (0ms)
			ExecutionOrderSort2 (0ms)
			AwakeInstancesAfterBackupRestoration (34ms)
Platform modules already initialized, skipping
Refreshing native plugins compatible for Editor in 5.32 ms, found 3 plugins.
Preloading 0 native plugins for Editor in 0.00 ms.
Unloading 3043 Unused Serialized files (Serialized files now loaded: 0)
Unloading 15 unused Assets / (24.6 KB). Loaded Objects now: 3671.
Memory consumption went from 117.0 MB to 117.0 MB.
Total: 7.503100 ms (FindLiveObjects: 0.321200 ms CreateObjectMapping: 0.150900 ms MarkObjects: 6.979700 ms  DeleteObjects: 0.049100 ms)

AssetImportParameters requested are different than current active one (requested -> active):
  custom:video-decoder-ogg-theora: a1e56fd34408186e4bbccfd4996cb3dc -> 
  custom:container-muxer-webm: aa71ff27fc2769a1b78a27578f13a17b -> 
  custom:container-demuxer-webm: 4f35f7cbe854078d1ac9338744f61a02 -> 
  custom:video-encoder-webm-vp8: eb34c28f22e8b96e1ab97ce403110664 -> 
  custom:video-codec-MediaFoundation-h265: 746d11721c4dcdbdad8f713fa42b33f4 -> 
  custom:audio-encoder-webm-vorbis: bf7c407c2cedff20999df2af8eb42d56 -> 
  custom:framework-win-MediaFoundation: 216162199b28c13a410421893ffa2e32 -> 
  custom:container-demuxer-ogg: 62fdf1f143b41e24485cea50d1cbac27 -> 
  custom:video-decoder-webm-vp8: 9c59270c3fd7afecdb556c50c9e8de78 -> 
  custom:audio-decoder-ogg-vorbis: bf7c407c2cedff20999df2af8eb42d56 -> 
========================================================================
Received Prepare
Registering precompiled user dll's ...
Registered in 0.013544 seconds.
Required property 'name' not set (Packages/com.unity.services.core/Runtime/Telemetry/Unity.Services.Core.Telemetry.asmdef)
Required property 'name' not set (Packages/com.unity.services.core/Runtime/Networking/Unity.Services.Core.Networking.asmdef)
Required property 'name' not set (Packages/com.unity.services.core/Runtime/Core.Internal/Unity.Services.Core.Internal.asmdef)
Required property 'name' not set (Packages/com.unity.services.core/Runtime/Configuration/Unity.Services.Core.Configuration.asmdef)
Required property 'name' not set (Packages/com.unity.services.core/Runtime/Core/Unity.Services.Core.asmdef)
Required property 'name' not set (Packages/com.unity.services.core/Editor/Core/Unity.Services.Core.Editor.asmdef)
Required property 'name' not set (Packages/com.unity.services.core/Editor/Core/Configuration/Unity.Services.Core.Configuration.Editor.asmdef)
Required property 'name' not set (Packages/com.unity.services.core/Runtime/Analytics/Unity.Services.Core.Analytics.asmdef)
Required property 'name' not set (Packages/com.unity.services.core/Runtime/Registration/Unity.Services.Core.Registration.asmdef)
Required property 'name' not set (Packages/com.unity.services.core/Runtime/Environments/Unity.Services.Core.Environments.asmdef)
Required property 'name' not set (Packages/com.unity.services.core/Runtime/Scheduler/Unity.Services.Core.Scheduler.asmdef)
Required property 'name' not set (Packages/com.unity.services.core/Runtime/Environments/Internal/Unity.Services.Core.Environments.Internal.asmdef)
Required property 'name' not set (Packages/com.unity.collab-proxy/Editor/Collaborate/Unity.CollabProxy.Editor.asmdef)
Required property 'name' not set (Packages/com.unity.collab-proxy/Tests/Editor/Collaborate/Unity.CollabProxy.EditorTests.asmdef)
Required property 'name' not set (Packages/com.unity.services.core/Runtime/Threading/Unity.Services.Core.Threading.asmdef)
Required property 'name' not set (Packages/com.unity.collab-proxy/Tests/Editor/PlasticSCM/Unity.PlasticSCM.EditorTests.asmdef)
Required property 'name' not set (Packages/com.unity.services.core/Runtime/Device/Unity.Services.Core.Device.asmdef)
Required property 'name' not set (Packages/com.unity.services.core/Runtime/Telemetry/Unity.Services.Core.Telemetry.asmdef)
Required property 'name' not set (Packages/com.unity.services.core/Runtime/Networking/Unity.Services.Core.Networking.asmdef)
Required property 'name' not set (Packages/com.unity.services.core/Runtime/Core.Internal/Unity.Services.Core.Internal.asmdef)
Required property 'name' not set (Packages/com.unity.services.core/Runtime/Configuration/Unity.Services.Core.Configuration.asmdef)
Required property 'name' not set (Packages/com.unity.services.core/Runtime/Core/Unity.Services.Core.asmdef)
Required property 'name' not set (Packages/com.unity.services.core/Editor/Core/Unity.Services.Core.Editor.asmdef)
Required property 'name' not set (Packages/com.unity.services.core/Editor/Core/Configuration/Unity.Services.Core.Configuration.Editor.asmdef)
Required property 'name' not set (Packages/com.unity.services.core/Runtime/Analytics/Unity.Services.Core.Analytics.asmdef)
Required property 'name' not set (Packages/com.unity.services.core/Runtime/Registration/Unity.Services.Core.Registration.asmdef)
Required property 'name' not set (Packages/com.unity.services.core/Runtime/Environments/Unity.Services.Core.Environments.asmdef)
Required property 'name' not set (Packages/com.unity.services.core/Runtime/Scheduler/Unity.Services.Core.Scheduler.asmdef)
Required property 'name' not set (Packages/com.unity.services.core/Runtime/Environments/Internal/Unity.Services.Core.Environments.Internal.asmdef)
Required property 'name' not set (Packages/com.unity.collab-proxy/Editor/Collaborate/Unity.CollabProxy.Editor.asmdef)
Required property 'name' not set (Packages/com.unity.collab-proxy/Tests/Editor/Collaborate/Unity.CollabProxy.EditorTests.asmdef)
Required property 'name' not set (Packages/com.unity.services.core/Runtime/Threading/Unity.Services.Core.Threading.asmdef)
Required property 'name' not set (Packages/com.unity.collab-proxy/Tests/Editor/PlasticSCM/Unity.PlasticSCM.EditorTests.asmdef)
Required property 'name' not set (Packages/com.unity.services.core/Runtime/Device/Unity.Services.Core.Device.asmdef)
Begin MonoManager ReloadAssembly
Symbol file LoadedFromMemory doesn't match image C:\Users\a0108\OneDrive\바탕 화면\sokovan\Library\PackageCache\com.unity.visualscripting@1.8.0\Editor\VisualScripting.Core\Dependencies\YamlDotNet\Unity.VisualScripting.YamlDotNet.dll
Symbol file LoadedFromMemory doesn't match image C:\Users\a0108\OneDrive\바탕 화면\sokovan\Library\PackageCache\com.unity.visualscripting@1.8.0\Editor\VisualScripting.Core\Dependencies\DotNetZip\Unity.VisualScripting.IonicZip.dll
Native extension for WindowsStandalone target not found
Native extension for WebGL target not found
Refreshing native plugins compatible for Editor in 0.41 ms, found 3 plugins.
Preloading 0 native plugins for Editor in 0.00 ms.
Required property 'name' not set (Packages/com.unity.services.core/Runtime/Telemetry/Unity.Services.Core.Telemetry.asmdef)
Required property 'name' not set (Packages/com.unity.services.core/Runtime/Networking/Unity.Services.Core.Networking.asmdef)
Required property 'name' not set (Packages/com.unity.services.core/Runtime/Core.Internal/Unity.Services.Core.Internal.asmdef)
Required property 'name' not set (Packages/com.unity.services.core/Runtime/Configuration/Unity.Services.Core.Configuration.asmdef)
Required property 'name' not set (Packages/com.unity.services.core/Runtime/Core/Unity.Services.Core.asmdef)
Required property 'name' not set (Packages/com.unity.services.core/Editor/Core/Unity.Services.Core.Editor.asmdef)
Required property 'name' not set (Packages/com.unity.services.core/Editor/Core/Configuration/Unity.Services.Core.Configuration.Editor.asmdef)
Required property 'name' not set (Packages/com.unity.services.core/Runtime/Analytics/Unity.Services.Core.Analytics.asmdef)
Required property 'name' not set (Packages/com.unity.services.core/Runtime/Registration/Unity.Services.Core.Registration.asmdef)
Required property 'name' not set (Packages/com.unity.services.core/Runtime/Environments/Unity.Services.Core.Environments.asmdef)
Required property 'name' not set (Packages/com.unity.services.core/Runtime/Scheduler/Unity.Services.Core.Scheduler.asmdef)
Required property 'name' not set (Packages/com.unity.services.core/Runtime/Environments/Internal/Unity.Services.Core.Environments.Internal.asmdef)
Required property 'name' not set (Packages/com.unity.collab-proxy/Editor/Collaborate/Unity.CollabProxy.Editor.asmdef)
Required property 'name' not set (Packages/com.unity.collab-proxy/Tests/Editor/Collaborate/Unity.CollabProxy.EditorTests.asmdef)
Required property 'name' not set (Packages/com.unity.services.core/Runtime/Threading/Unity.Services.Core.Threading.asmdef)
Required property 'name' not set (Packages/com.unity.collab-proxy/Tests/Editor/PlasticSCM/Unity.PlasticSCM.EditorTests.asmdef)
Required property 'name' not set (Packages/com.unity.services.core/Runtime/Device/Unity.Services.Core.Device.asmdef)
Mono: successfully reloaded assembly
- Completed reload, in  1.084 seconds
Domain Reload Profiling:
	ReloadAssembly (1085ms)
		BeginReloadAssembly (344ms)
			ExecutionOrderSort (0ms)
			DisableScriptedObjects (15ms)
			BackupInstance (0ms)
			ReleaseScriptingObjects (0ms)
			CreateAndSetChildDomain (67ms)
		EndReloadAssembly (583ms)
			LoadAssemblies (234ms)
			RebuildTransferFunctionScriptingTraits (0ms)
			SetupTypeCache (191ms)
			ReleaseScriptCaches (1ms)
			RebuildScriptCaches (30ms)
			SetupLoadedEditorAssemblies (249ms)
				LogAssemblyErrors (0ms)
				InitializePlatformSupportModulesInManaged (6ms)
				SetLoadedEditorAssemblies (0ms)
				RefreshPlugins (0ms)
				BeforeProcessingInitializeOnLoad (71ms)
				ProcessInitializeOnLoadAttributes (148ms)
				ProcessInitializeOnLoadMethodAttributes (13ms)
				AfterProcessingInitializeOnLoad (10ms)
				EditorAssembliesLoaded (0ms)
			ExecutionOrderSort2 (0ms)
			AwakeInstancesAfterBackupRestoration (7ms)
Platform modules already initialized, skipping
Refreshing native plugins compatible for Editor in 1.89 ms, found 3 plugins.
Preloading 0 native plugins for Editor in 0.00 ms.
Unloading 3043 Unused Serialized files (Serialized files now loaded: 0)
Unloading 15 unused Assets / (24.6 KB). Loaded Objects now: 3674.
Memory consumption went from 117.0 MB to 117.0 MB.
Total: 2.655200 ms (FindLiveObjects: 0.224300 ms CreateObjectMapping: 0.080900 ms MarkObjects: 2.329100 ms  DeleteObjects: 0.020000 ms)

AssetImportParameters requested are different than current active one (requested -> active):
  custom:video-decoder-ogg-theora: a1e56fd34408186e4bbccfd4996cb3dc -> 
  custom:container-muxer-webm: aa71ff27fc2769a1b78a27578f13a17b -> 
  custom:container-demuxer-webm: 4f35f7cbe854078d1ac9338744f61a02 -> 
  custom:video-encoder-webm-vp8: eb34c28f22e8b96e1ab97ce403110664 -> 
  custom:video-codec-MediaFoundation-h265: 746d11721c4dcdbdad8f713fa42b33f4 -> 
  custom:audio-encoder-webm-vorbis: bf7c407c2cedff20999df2af8eb42d56 -> 
  custom:framework-win-MediaFoundation: 216162199b28c13a410421893ffa2e32 -> 
  custom:container-demuxer-ogg: 62fdf1f143b41e24485cea50d1cbac27 -> 
  custom:video-decoder-webm-vp8: 9c59270c3fd7afecdb556c50c9e8de78 -> 
  custom:audio-decoder-ogg-vorbis: bf7c407c2cedff20999df2af8eb42d56 -> 
========================================================================
Received Prepare
Registering precompiled user dll's ...
Registered in 0.008244 seconds.
Required property 'name' not set (Packages/com.unity.services.core/Runtime/Telemetry/Unity.Services.Core.Telemetry.asmdef)
Required property 'name' not set (Packages/com.unity.services.core/Runtime/Networking/Unity.Services.Core.Networking.asmdef)
Required property 'name' not set (Packages/com.unity.services.core/Runtime/Core.Internal/Unity.Services.Core.Internal.asmdef)
Required property 'name' not set (Packages/com.unity.services.core/Runtime/Configuration/Unity.Services.Core.Configuration.asmdef)
Required property 'name' not set (Packages/com.unity.services.core/Runtime/Core/Unity.Services.Core.asmdef)
Required property 'name' not set (Packages/com.unity.services.core/Editor/Core/Unity.Services.Core.Editor.asmdef)
Required property 'name' not set (Packages/com.unity.services.core/Editor/Core/Configuration/Unity.Services.Core.Configuration.Editor.asmdef)
Required property 'name' not set (Packages/com.unity.services.core/Runtime/Analytics/Unity.Services.Core.Analytics.asmdef)
Required property 'name' not set (Packages/com.unity.services.core/Runtime/Registration/Unity.Services.Core.Registration.asmdef)
Required property 'name' not set (Packages/com.unity.services.core/Runtime/Environments/Unity.Services.Core.Environments.asmdef)
Required property 'name' not set (Packages/com.unity.services.core/Runtime/Scheduler/Unity.Services.Core.Scheduler.asmdef)
Required property 'name' not set (Packages/com.unity.services.core/Runtime/Environments/Internal/Unity.Services.Core.Environments.Internal.asmdef)
Required property 'name' not set (Packages/com.unity.collab-proxy/Editor/Collaborate/Unity.CollabProxy.Editor.asmdef)
Required property 'name' not set (Packages/com.unity.collab-proxy/Tests/Editor/Collaborate/Unity.CollabProxy.EditorTests.asmdef)
Required property 'name' not set (Packages/com.unity.services.core/Runtime/Threading/Unity.Services.Core.Threading.asmdef)
Required property 'name' not set (Packages/com.unity.collab-proxy/Tests/Editor/PlasticSCM/Unity.PlasticSCM.EditorTests.asmdef)
Required property 'name' not set (Packages/com.unity.services.core/Runtime/Device/Unity.Services.Core.Device.asmdef)
Required property 'name' not set (Packages/com.unity.services.core/Runtime/Telemetry/Unity.Services.Core.Telemetry.asmdef)
Required property 'name' not set (Packages/com.unity.services.core/Runtime/Networking/Unity.Services.Core.Networking.asmdef)
Required property 'name' not set (Packages/com.unity.services.core/Runtime/Core.Internal/Unity.Services.Core.Internal.asmdef)
Required property 'name' not set (Packages/com.unity.services.core/Runtime/Configuration/Unity.Services.Core.Configuration.asmdef)
Required property 'name' not set (Packages/com.unity.services.core/Runtime/Core/Unity.Services.Core.asmdef)
Required property 'name' not set (Packages/com.unity.services.core/Editor/Core/Unity.Services.Core.Editor.asmdef)
Required property 'name' not set (Packages/com.unity.services.core/Editor/Core/Configuration/Unity.Services.Core.Configuration.Editor.asmdef)
Required property 'name' not set (Packages/com.unity.services.core/Runtime/Analytics/Unity.Services.Core.Analytics.asmdef)
Required property 'name' not set (Packages/com.unity.services.core/Runtime/Registration/Unity.Services.Core.Registration.asmdef)
Required property 'name' not set (Packages/com.unity.services.core/Runtime/Environments/Unity.Services.Core.Environments.asmdef)
Required property 'name' not set (Packages/com.unity.services.core/Runtime/Scheduler/Unity.Services.Core.Scheduler.asmdef)
Required property 'name' not set (Packages/com.unity.services.core/Runtime/Environments/Internal/Unity.Services.Core.Environments.Internal.asmdef)
Required property 'name' not set (Packages/com.unity.collab-proxy/Editor/Collaborate/Unity.CollabProxy.Editor.asmdef)
Required property 'name' not set (Packages/com.unity.collab-proxy/Tests/Editor/Collaborate/Unity.CollabProxy.EditorTests.asmdef)
Required property 'name' not set (Packages/com.unity.services.core/Runtime/Threading/Unity.Services.Core.Threading.asmdef)
Required property 'name' not set (Packages/com.unity.collab-proxy/Tests/Editor/PlasticSCM/Unity.PlasticSCM.EditorTests.asmdef)
Required property 'name' not set (Packages/com.unity.services.core/Runtime/Device/Unity.Services.Core.Device.asmdef)
Begin MonoManager ReloadAssembly
Symbol file LoadedFromMemory doesn't match image C:\Users\a0108\OneDrive\바탕 화면\sokovan\Library\PackageCache\com.unity.visualscripting@1.8.0\Editor\VisualScripting.Core\Dependencies\YamlDotNet\Unity.VisualScripting.YamlDotNet.dll
Symbol file LoadedFromMemory doesn't match image C:\Users\a0108\OneDrive\바탕 화면\sokovan\Library\PackageCache\com.unity.visualscripting@1.8.0\Editor\VisualScripting.Core\Dependencies\DotNetZip\Unity.VisualScripting.IonicZip.dll
Native extension for WindowsStandalone target not found
Native extension for WebGL target not found
Refreshing native plugins compatible for Editor in 0.40 ms, found 3 plugins.
Preloading 0 native plugins for Editor in 0.00 ms.
Required property 'name' not set (Packages/com.unity.services.core/Runtime/Telemetry/Unity.Services.Core.Telemetry.asmdef)
Required property 'name' not set (Packages/com.unity.services.core/Runtime/Networking/Unity.Services.Core.Networking.asmdef)
Required property 'name' not set (Packages/com.unity.services.core/Runtime/Core.Internal/Unity.Services.Core.Internal.asmdef)
Required property 'name' not set (Packages/com.unity.services.core/Runtime/Configuration/Unity.Services.Core.Configuration.asmdef)
Required property 'name' not set (Packages/com.unity.services.core/Runtime/Core/Unity.Services.Core.asmdef)
Required property 'name' not set (Packages/com.unity.services.core/Editor/Core/Unity.Services.Core.Editor.asmdef)
Required property 'name' not set (Packages/com.unity.services.core/Editor/Core/Configuration/Unity.Services.Core.Configuration.Editor.asmdef)
Required property 'name' not set (Packages/com.unity.services.core/Runtime/Analytics/Unity.Services.Core.Analytics.asmdef)
Required property 'name' not set (Packages/com.unity.services.core/Runtime/Registration/Unity.Services.Core.Registration.asmdef)
Required property 'name' not set (Packages/com.unity.services.core/Runtime/Environments/Unity.Services.Core.Environments.asmdef)
Required property 'name' not set (Packages/com.unity.services.core/Runtime/Scheduler/Unity.Services.Core.Scheduler.asmdef)
Required property 'name' not set (Packages/com.unity.services.core/Runtime/Environments/Internal/Unity.Services.Core.Environments.Internal.asmdef)
Required property 'name' not set (Packages/com.unity.collab-proxy/Editor/Collaborate/Unity.CollabProxy.Editor.asmdef)
Required property 'name' not set (Packages/com.unity.collab-proxy/Tests/Editor/Collaborate/Unity.CollabProxy.EditorTests.asmdef)
Required property 'name' not set (Packages/com.unity.services.core/Runtime/Threading/Unity.Services.Core.Threading.asmdef)
Required property 'name' not set (Packages/com.unity.collab-proxy/Tests/Editor/PlasticSCM/Unity.PlasticSCM.EditorTests.asmdef)
Required property 'name' not set (Packages/com.unity.services.core/Runtime/Device/Unity.Services.Core.Device.asmdef)
Mono: successfully reloaded assembly
- Completed reload, in  1.071 seconds
Domain Reload Profiling:
	ReloadAssembly (1072ms)
		BeginReloadAssembly (301ms)
			ExecutionOrderSort (0ms)
			DisableScriptedObjects (10ms)
			BackupInstance (0ms)
			ReleaseScriptingObjects (0ms)
			CreateAndSetChildDomain (56ms)
		EndReloadAssembly (581ms)
			LoadAssemblies (197ms)
			RebuildTransferFunctionScriptingTraits (0ms)
			SetupTypeCache (181ms)
			ReleaseScriptCaches (1ms)
			RebuildScriptCaches (28ms)
			SetupLoadedEditorAssemblies (255ms)
				LogAssemblyErrors (0ms)
				InitializePlatformSupportModulesInManaged (7ms)
				SetLoadedEditorAssemblies (0ms)
				RefreshPlugins (0ms)
				BeforeProcessingInitializeOnLoad (78ms)
				ProcessInitializeOnLoadAttributes (143ms)
				ProcessInitializeOnLoadMethodAttributes (13ms)
				AfterProcessingInitializeOnLoad (13ms)
				EditorAssembliesLoaded (0ms)
			ExecutionOrderSort2 (0ms)
			AwakeInstancesAfterBackupRestoration (8ms)
Platform modules already initialized, skipping
Refreshing native plugins compatible for Editor in 1.62 ms, found 3 plugins.
Preloading 0 native plugins for Editor in 0.00 ms.
Unloading 3044 Unused Serialized files (Serialized files now loaded: 0)
Unloading 15 unused Assets / (24.7 KB). Loaded Objects now: 3678.
Memory consumption went from 117.0 MB to 117.0 MB.
Total: 2.243500 ms (FindLiveObjects: 0.174500 ms CreateObjectMapping: 0.079000 ms MarkObjects: 1.967300 ms  DeleteObjects: 0.021400 ms)

AssetImportParameters requested are different than current active one (requested -> active):
  custom:video-decoder-ogg-theora: a1e56fd34408186e4bbccfd4996cb3dc -> 
  custom:container-muxer-webm: aa71ff27fc2769a1b78a27578f13a17b -> 
  custom:container-demuxer-webm: 4f35f7cbe854078d1ac9338744f61a02 -> 
  custom:video-encoder-webm-vp8: eb34c28f22e8b96e1ab97ce403110664 -> 
  custom:video-codec-MediaFoundation-h265: 746d11721c4dcdbdad8f713fa42b33f4 -> 
  custom:audio-encoder-webm-vorbis: bf7c407c2cedff20999df2af8eb42d56 -> 
  custom:framework-win-MediaFoundation: 216162199b28c13a410421893ffa2e32 -> 
  custom:container-demuxer-ogg: 62fdf1f143b41e24485cea50d1cbac27 -> 
  custom:video-decoder-webm-vp8: 9c59270c3fd7afecdb556c50c9e8de78 -> 
  custom:audio-decoder-ogg-vorbis: bf7c407c2cedff20999df2af8eb42d56 -> 
========================================================================
Received Prepare
Registering precompiled user dll's ...
Registered in 0.008368 seconds.
Required property 'name' not set (Packages/com.unity.services.core/Runtime/Telemetry/Unity.Services.Core.Telemetry.asmdef)
Required property 'name' not set (Packages/com.unity.services.core/Runtime/Networking/Unity.Services.Core.Networking.asmdef)
Required property 'name' not set (Packages/com.unity.services.core/Runtime/Core.Internal/Unity.Services.Core.Internal.asmdef)
Required property 'name' not set (Packages/com.unity.services.core/Runtime/Configuration/Unity.Services.Core.Configuration.asmdef)
Required property 'name' not set (Packages/com.unity.services.core/Runtime/Core/Unity.Services.Core.asmdef)
Required property 'name' not set (Packages/com.unity.services.core/Editor/Core/Unity.Services.Core.Editor.asmdef)
Required property 'name' not set (Packages/com.unity.services.core/Editor/Core/Configuration/Unity.Services.Core.Configuration.Editor.asmdef)
Required property 'name' not set (Packages/com.unity.services.core/Runtime/Analytics/Unity.Services.Core.Analytics.asmdef)
Required property 'name' not set (Packages/com.unity.services.core/Runtime/Registration/Unity.Services.Core.Registration.asmdef)
Required property 'name' not set (Packages/com.unity.services.core/Runtime/Environments/Unity.Services.Core.Environments.asmdef)
Required property 'name' not set (Packages/com.unity.services.core/Runtime/Scheduler/Unity.Services.Core.Scheduler.asmdef)
Required property 'name' not set (Packages/com.unity.services.core/Runtime/Environments/Internal/Unity.Services.Core.Environments.Internal.asmdef)
Required property 'name' not set (Packages/com.unity.collab-proxy/Editor/Collaborate/Unity.CollabProxy.Editor.asmdef)
Required property 'name' not set (Packages/com.unity.collab-proxy/Tests/Editor/Collaborate/Unity.CollabProxy.EditorTests.asmdef)
Required property 'name' not set (Packages/com.unity.services.core/Runtime/Threading/Unity.Services.Core.Threading.asmdef)
Required property 'name' not set (Packages/com.unity.collab-proxy/Tests/Editor/PlasticSCM/Unity.PlasticSCM.EditorTests.asmdef)
Required property 'name' not set (Packages/com.unity.services.core/Runtime/Device/Unity.Services.Core.Device.asmdef)
Required property 'name' not set (Packages/com.unity.services.core/Runtime/Telemetry/Unity.Services.Core.Telemetry.asmdef)
Required property 'name' not set (Packages/com.unity.services.core/Runtime/Networking/Unity.Services.Core.Networking.asmdef)
Required property 'name' not set (Packages/com.unity.services.core/Runtime/Core.Internal/Unity.Services.Core.Internal.asmdef)
Required property 'name' not set (Packages/com.unity.services.core/Runtime/Configuration/Unity.Services.Core.Configuration.asmdef)
Required property 'name' not set (Packages/com.unity.services.core/Runtime/Core/Unity.Services.Core.asmdef)
Required property 'name' not set (Packages/com.unity.services.core/Editor/Core/Unity.Services.Core.Editor.asmdef)
Required property 'name' not set (Packages/com.unity.services.core/Editor/Core/Configuration/Unity.Services.Core.Configuration.Editor.asmdef)
Required property 'name' not set (Packages/com.unity.services.core/Runtime/Analytics/Unity.Services.Core.Analytics.asmdef)
Required property 'name' not set (Packages/com.unity.services.core/Runtime/Registration/Unity.Services.Core.Registration.asmdef)
Required property 'name' not set (Packages/com.unity.services.core/Runtime/Environments/Unity.Services.Core.Environments.asmdef)
Required property 'name' not set (Packages/com.unity.services.core/Runtime/Scheduler/Unity.Services.Core.Scheduler.asmdef)
Required property 'name' not set (Packages/com.unity.services.core/Runtime/Environments/Internal/Unity.Services.Core.Environments.Internal.asmdef)
Required property 'name' not set (Packages/com.unity.collab-proxy/Editor/Collaborate/Unity.CollabProxy.Editor.asmdef)
Required property 'name' not set (Packages/com.unity.collab-proxy/Tests/Editor/Collaborate/Unity.CollabProxy.EditorTests.asmdef)
Required property 'name' not set (Packages/com.unity.services.core/Runtime/Threading/Unity.Services.Core.Threading.asmdef)
Required property 'name' not set (Packages/com.unity.collab-proxy/Tests/Editor/PlasticSCM/Unity.PlasticSCM.EditorTests.asmdef)
Required property 'name' not set (Packages/com.unity.services.core/Runtime/Device/Unity.Services.Core.Device.asmdef)
Begin MonoManager ReloadAssembly
Symbol file LoadedFromMemory doesn't match image C:\Users\a0108\OneDrive\바탕 화면\sokovan\Library\PackageCache\com.unity.visualscripting@1.8.0\Editor\VisualScripting.Core\Dependencies\YamlDotNet\Unity.VisualScripting.YamlDotNet.dll
Symbol file LoadedFromMemory doesn't match image C:\Users\a0108\OneDrive\바탕 화면\sokovan\Library\PackageCache\com.unity.visualscripting@1.8.0\Editor\VisualScripting.Core\Dependencies\DotNetZip\Unity.VisualScripting.IonicZip.dll
Native extension for WindowsStandalone target not found
Native extension for WebGL target not found
Refreshing native plugins compatible for Editor in 0.41 ms, found 3 plugins.
Preloading 0 native plugins for Editor in 0.00 ms.
Required property 'name' not set (Packages/com.unity.services.core/Runtime/Telemetry/Unity.Services.Core.Telemetry.asmdef)
Required property 'name' not set (Packages/com.unity.services.core/Runtime/Networking/Unity.Services.Core.Networking.asmdef)
Required property 'name' not set (Packages/com.unity.services.core/Runtime/Core.Internal/Unity.Services.Core.Internal.asmdef)
Required property 'name' not set (Packages/com.unity.services.core/Runtime/Configuration/Unity.Services.Core.Configuration.asmdef)
Required property 'name' not set (Packages/com.unity.services.core/Runtime/Core/Unity.Services.Core.asmdef)
Required property 'name' not set (Packages/com.unity.services.core/Editor/Core/Unity.Services.Core.Editor.asmdef)
Required property 'name' not set (Packages/com.unity.services.core/Editor/Core/Configuration/Unity.Services.Core.Configuration.Editor.asmdef)
Required property 'name' not set (Packages/com.unity.services.core/Runtime/Analytics/Unity.Services.Core.Analytics.asmdef)
Required property 'name' not set (Packages/com.unity.services.core/Runtime/Registration/Unity.Services.Core.Registration.asmdef)
Required property 'name' not set (Packages/com.unity.services.core/Runtime/Environments/Unity.Services.Core.Environments.asmdef)
Required property 'name' not set (Packages/com.unity.services.core/Runtime/Scheduler/Unity.Services.Core.Scheduler.asmdef)
Required property 'name' not set (Packages/com.unity.services.core/Runtime/Environments/Internal/Unity.Services.Core.Environments.Internal.asmdef)
Required property 'name' not set (Packages/com.unity.collab-proxy/Editor/Collaborate/Unity.CollabProxy.Editor.asmdef)
Required property 'name' not set (Packages/com.unity.collab-proxy/Tests/Editor/Collaborate/Unity.CollabProxy.EditorTests.asmdef)
Required property 'name' not set (Packages/com.unity.services.core/Runtime/Threading/Unity.Services.Core.Threading.asmdef)
Required property 'name' not set (Packages/com.unity.collab-proxy/Tests/Editor/PlasticSCM/Unity.PlasticSCM.EditorTests.asmdef)
Required property 'name' not set (Packages/com.unity.services.core/Runtime/Device/Unity.Services.Core.Device.asmdef)
Mono: successfully reloaded assembly
- Completed reload, in  1.063 seconds
Domain Reload Profiling:
	ReloadAssembly (1064ms)
		BeginReloadAssembly (345ms)
			ExecutionOrderSort (0ms)
			DisableScriptedObjects (14ms)
			BackupInstance (0ms)
			ReleaseScriptingObjects (1ms)
			CreateAndSetChildDomain (68ms)
		EndReloadAssembly (635ms)
			LoadAssemblies (220ms)
			RebuildTransferFunctionScriptingTraits (0ms)
			SetupTypeCache (187ms)
			ReleaseScriptCaches (1ms)
			RebuildScriptCaches (28ms)
			SetupLoadedEditorAssemblies (283ms)
				LogAssemblyErrors (0ms)
				InitializePlatformSupportModulesInManaged (6ms)
				SetLoadedEditorAssemblies (0ms)
				RefreshPlugins (1ms)
				BeforeProcessingInitializeOnLoad (81ms)
				ProcessInitializeOnLoadAttributes (154ms)
				ProcessInitializeOnLoadMethodAttributes (23ms)
				AfterProcessingInitializeOnLoad (17ms)
				EditorAssembliesLoaded (0ms)
			ExecutionOrderSort2 (0ms)
			AwakeInstancesAfterBackupRestoration (14ms)
Platform modules already initialized, skipping
Refreshing native plugins compatible for Editor in 2.27 ms, found 3 plugins.
Preloading 0 native plugins for Editor in 0.00 ms.
Unloading 3044 Unused Serialized files (Serialized files now loaded: 0)
Unloading 15 unused Assets / (24.7 KB). Loaded Objects now: 3681.
Memory consumption went from 117.0 MB to 117.0 MB.
Total: 2.801000 ms (FindLiveObjects: 0.266200 ms CreateObjectMapping: 0.097800 ms MarkObjects: 2.400900 ms  DeleteObjects: 0.034900 ms)

AssetImportParameters requested are different than current active one (requested -> active):
  custom:video-decoder-ogg-theora: a1e56fd34408186e4bbccfd4996cb3dc -> 
  custom:container-muxer-webm: aa71ff27fc2769a1b78a27578f13a17b -> 
  custom:container-demuxer-webm: 4f35f7cbe854078d1ac9338744f61a02 -> 
  custom:video-encoder-webm-vp8: eb34c28f22e8b96e1ab97ce403110664 -> 
  custom:video-codec-MediaFoundation-h265: 746d11721c4dcdbdad8f713fa42b33f4 -> 
  custom:audio-encoder-webm-vorbis: bf7c407c2cedff20999df2af8eb42d56 -> 
  custom:framework-win-MediaFoundation: 216162199b28c13a410421893ffa2e32 -> 
  custom:container-demuxer-ogg: 62fdf1f143b41e24485cea50d1cbac27 -> 
  custom:video-decoder-webm-vp8: 9c59270c3fd7afecdb556c50c9e8de78 -> 
  custom:audio-decoder-ogg-vorbis: bf7c407c2cedff20999df2af8eb42d56 -> 
========================================================================
Received Prepare
Registering precompiled user dll's ...
Registered in 0.011171 seconds.
Required property 'name' not set (Packages/com.unity.services.core/Runtime/Telemetry/Unity.Services.Core.Telemetry.asmdef)
Required property 'name' not set (Packages/com.unity.services.core/Runtime/Networking/Unity.Services.Core.Networking.asmdef)
Required property 'name' not set (Packages/com.unity.services.core/Runtime/Core.Internal/Unity.Services.Core.Internal.asmdef)
Required property 'name' not set (Packages/com.unity.services.core/Runtime/Configuration/Unity.Services.Core.Configuration.asmdef)
Required property 'name' not set (Packages/com.unity.services.core/Runtime/Core/Unity.Services.Core.asmdef)
Required property 'name' not set (Packages/com.unity.services.core/Editor/Core/Unity.Services.Core.Editor.asmdef)
Required property 'name' not set (Packages/com.unity.services.core/Editor/Core/Configuration/Unity.Services.Core.Configuration.Editor.asmdef)
Required property 'name' not set (Packages/com.unity.services.core/Runtime/Analytics/Unity.Services.Core.Analytics.asmdef)
Required property 'name' not set (Packages/com.unity.services.core/Runtime/Registration/Unity.Services.Core.Registration.asmdef)
Required property 'name' not set (Packages/com.unity.services.core/Runtime/Environments/Unity.Services.Core.Environments.asmdef)
Required property 'name' not set (Packages/com.unity.services.core/Runtime/Scheduler/Unity.Services.Core.Scheduler.asmdef)
Required property 'name' not set (Packages/com.unity.services.core/Runtime/Environments/Internal/Unity.Services.Core.Environments.Internal.asmdef)
Required property 'name' not set (Packages/com.unity.collab-proxy/Editor/Collaborate/Unity.CollabProxy.Editor.asmdef)
Required property 'name' not set (Packages/com.unity.collab-proxy/Tests/Editor/Collaborate/Unity.CollabProxy.EditorTests.asmdef)
Required property 'name' not set (Packages/com.unity.services.core/Runtime/Threading/Unity.Services.Core.Threading.asmdef)
Required property 'name' not set (Packages/com.unity.collab-proxy/Tests/Editor/PlasticSCM/Unity.PlasticSCM.EditorTests.asmdef)
Required property 'name' not set (Packages/com.unity.services.core/Runtime/Device/Unity.Services.Core.Device.asmdef)
Required property 'name' not set (Packages/com.unity.services.core/Runtime/Telemetry/Unity.Services.Core.Telemetry.asmdef)
Required property 'name' not set (Packages/com.unity.services.core/Runtime/Networking/Unity.Services.Core.Networking.asmdef)
Required property 'name' not set (Packages/com.unity.services.core/Runtime/Core.Internal/Unity.Services.Core.Internal.asmdef)
Required property 'name' not set (Packages/com.unity.services.core/Runtime/Configuration/Unity.Services.Core.Configuration.asmdef)
Required property 'name' not set (Packages/com.unity.services.core/Runtime/Core/Unity.Services.Core.asmdef)
Required property 'name' not set (Packages/com.unity.services.core/Editor/Core/Unity.Services.Core.Editor.asmdef)
Required property 'name' not set (Packages/com.unity.services.core/Editor/Core/Configuration/Unity.Services.Core.Configuration.Editor.asmdef)
Required property 'name' not set (Packages/com.unity.services.core/Runtime/Analytics/Unity.Services.Core.Analytics.asmdef)
Required property 'name' not set (Packages/com.unity.services.core/Runtime/Registration/Unity.Services.Core.Registration.asmdef)
Required property 'name' not set (Packages/com.unity.services.core/Runtime/Environments/Unity.Services.Core.Environments.asmdef)
Required property 'name' not set (Packages/com.unity.services.core/Runtime/Scheduler/Unity.Services.Core.Scheduler.asmdef)
Required property 'name' not set (Packages/com.unity.services.core/Runtime/Environments/Internal/Unity.Services.Core.Environments.Internal.asmdef)
Required property 'name' not set (Packages/com.unity.collab-proxy/Editor/Collaborate/Unity.CollabProxy.Editor.asmdef)
Required property 'name' not set (Packages/com.unity.collab-proxy/Tests/Editor/Collaborate/Unity.CollabProxy.EditorTests.asmdef)
Required property 'name' not set (Packages/com.unity.services.core/Runtime/Threading/Unity.Services.Core.Threading.asmdef)
Required property 'name' not set (Packages/com.unity.collab-proxy/Tests/Editor/PlasticSCM/Unity.PlasticSCM.EditorTests.asmdef)
Required property 'name' not set (Packages/com.unity.services.core/Runtime/Device/Unity.Services.Core.Device.asmdef)
Begin MonoManager ReloadAssembly
Symbol file LoadedFromMemory doesn't match image C:\Users\a0108\OneDrive\바탕 화면\sokovan\Library\PackageCache\com.unity.visualscripting@1.8.0\Editor\VisualScripting.Core\Dependencies\YamlDotNet\Unity.VisualScripting.YamlDotNet.dll
Symbol file LoadedFromMemory doesn't match image C:\Users\a0108\OneDrive\바탕 화면\sokovan\Library\PackageCache\com.unity.visualscripting@1.8.0\Editor\VisualScripting.Core\Dependencies\DotNetZip\Unity.VisualScripting.IonicZip.dll
Native extension for WindowsStandalone target not found
Native extension for WebGL target not found
Refreshing native plugins compatible for Editor in 0.38 ms, found 3 plugins.
Preloading 0 native plugins for Editor in 0.00 ms.
Required property 'name' not set (Packages/com.unity.services.core/Runtime/Telemetry/Unity.Services.Core.Telemetry.asmdef)
Required property 'name' not set (Packages/com.unity.services.core/Runtime/Networking/Unity.Services.Core.Networking.asmdef)
Required property 'name' not set (Packages/com.unity.services.core/Runtime/Core.Internal/Unity.Services.Core.Internal.asmdef)
Required property 'name' not set (Packages/com.unity.services.core/Runtime/Configuration/Unity.Services.Core.Configuration.asmdef)
Required property 'name' not set (Packages/com.unity.services.core/Runtime/Core/Unity.Services.Core.asmdef)
Required property 'name' not set (Packages/com.unity.services.core/Editor/Core/Unity.Services.Core.Editor.asmdef)
Required property 'name' not set (Packages/com.unity.services.core/Editor/Core/Configuration/Unity.Services.Core.Configuration.Editor.asmdef)
Required property 'name' not set (Packages/com.unity.services.core/Runtime/Analytics/Unity.Services.Core.Analytics.asmdef)
Required property 'name' not set (Packages/com.unity.services.core/Runtime/Registration/Unity.Services.Core.Registration.asmdef)
Required property 'name' not set (Packages/com.unity.services.core/Runtime/Environments/Unity.Services.Core.Environments.asmdef)
Required property 'name' not set (Packages/com.unity.services.core/Runtime/Scheduler/Unity.Services.Core.Scheduler.asmdef)
Required property 'name' not set (Packages/com.unity.services.core/Runtime/Environments/Internal/Unity.Services.Core.Environments.Internal.asmdef)
Required property 'name' not set (Packages/com.unity.collab-proxy/Editor/Collaborate/Unity.CollabProxy.Editor.asmdef)
Required property 'name' not set (Packages/com.unity.collab-proxy/Tests/Editor/Collaborate/Unity.CollabProxy.EditorTests.asmdef)
Required property 'name' not set (Packages/com.unity.services.core/Runtime/Threading/Unity.Services.Core.Threading.asmdef)
Required property 'name' not set (Packages/com.unity.collab-proxy/Tests/Editor/PlasticSCM/Unity.PlasticSCM.EditorTests.asmdef)
Required property 'name' not set (Packages/com.unity.services.core/Runtime/Device/Unity.Services.Core.Device.asmdef)
Mono: successfully reloaded assembly
- Completed reload, in  1.168 seconds
Domain Reload Profiling:
	ReloadAssembly (1169ms)
		BeginReloadAssembly (246ms)
			ExecutionOrderSort (0ms)
			DisableScriptedObjects (5ms)
			BackupInstance (0ms)
			ReleaseScriptingObjects (0ms)
			CreateAndSetChildDomain (35ms)
		EndReloadAssembly (625ms)
			LoadAssemblies (193ms)
			RebuildTransferFunctionScriptingTraits (0ms)
			SetupTypeCache (211ms)
			ReleaseScriptCaches (1ms)
			RebuildScriptCaches (29ms)
			SetupLoadedEditorAssemblies (251ms)
				LogAssemblyErrors (0ms)
				InitializePlatformSupportModulesInManaged (7ms)
				SetLoadedEditorAssemblies (0ms)
				RefreshPlugins (0ms)
				BeforeProcessingInitializeOnLoad (73ms)
				ProcessInitializeOnLoadAttributes (144ms)
				ProcessInitializeOnLoadMethodAttributes (13ms)
				AfterProcessingInitializeOnLoad (12ms)
				EditorAssembliesLoaded (0ms)
			ExecutionOrderSort2 (0ms)
			AwakeInstancesAfterBackupRestoration (7ms)
Platform modules already initialized, skipping
Refreshing native plugins compatible for Editor in 2.15 ms, found 3 plugins.
Preloading 0 native plugins for Editor in 0.00 ms.
Unloading 3044 Unused Serialized files (Serialized files now loaded: 0)
Unloading 15 unused Assets / (24.7 KB). Loaded Objects now: 3684.
Memory consumption went from 117.0 MB to 117.0 MB.
Total: 2.247300 ms (FindLiveObjects: 0.175600 ms CreateObjectMapping: 0.076100 ms MarkObjects: 1.975300 ms  DeleteObjects: 0.018900 ms)

AssetImportParameters requested are different than current active one (requested -> active):
  custom:video-decoder-ogg-theora: a1e56fd34408186e4bbccfd4996cb3dc -> 
  custom:container-muxer-webm: aa71ff27fc2769a1b78a27578f13a17b -> 
  custom:container-demuxer-webm: 4f35f7cbe854078d1ac9338744f61a02 -> 
  custom:video-encoder-webm-vp8: eb34c28f22e8b96e1ab97ce403110664 -> 
  custom:video-codec-MediaFoundation-h265: 746d11721c4dcdbdad8f713fa42b33f4 -> 
  custom:audio-encoder-webm-vorbis: bf7c407c2cedff20999df2af8eb42d56 -> 
  custom:framework-win-MediaFoundation: 216162199b28c13a410421893ffa2e32 -> 
  custom:container-demuxer-ogg: 62fdf1f143b41e24485cea50d1cbac27 -> 
  custom:video-decoder-webm-vp8: 9c59270c3fd7afecdb556c50c9e8de78 -> 
  custom:audio-decoder-ogg-vorbis: bf7c407c2cedff20999df2af8eb42d56 -> 
========================================================================
Received Import Request.
  Time since last request: 2086.150089 seconds.
  path: Assets/Scenes/ItemBox.cs
  artifactKey: Guid(7558a160843c25c43a46b5031d0eee23) Importer(815301076,1909f56bfc062723c751e8b465ee728b)
Start importing Assets/Scenes/ItemBox.cs using Guid(7558a160843c25c43a46b5031d0eee23) Importer(815301076,1909f56bfc062723c751e8b465ee728b)  -> (artifact id: '6a040e58dbe63384ab9f9cb6269c698a') in 0.007949 seconds 
========================================================================
Received Prepare
Registering precompiled user dll's ...
Registered in 0.011584 seconds.
Required property 'name' not set (Packages/com.unity.services.core/Runtime/Telemetry/Unity.Services.Core.Telemetry.asmdef)
Required property 'name' not set (Packages/com.unity.services.core/Runtime/Networking/Unity.Services.Core.Networking.asmdef)
Required property 'name' not set (Packages/com.unity.services.core/Runtime/Core.Internal/Unity.Services.Core.Internal.asmdef)
Required property 'name' not set (Packages/com.unity.services.core/Runtime/Configuration/Unity.Services.Core.Configuration.asmdef)
Required property 'name' not set (Packages/com.unity.services.core/Runtime/Core/Unity.Services.Core.asmdef)
Required property 'name' not set (Packages/com.unity.services.core/Editor/Core/Unity.Services.Core.Editor.asmdef)
Required property 'name' not set (Packages/com.unity.services.core/Editor/Core/Configuration/Unity.Services.Core.Configuration.Editor.asmdef)
Required property 'name' not set (Packages/com.unity.services.core/Runtime/Analytics/Unity.Services.Core.Analytics.asmdef)
Required property 'name' not set (Packages/com.unity.services.core/Runtime/Registration/Unity.Services.Core.Registration.asmdef)
Required property 'name' not set (Packages/com.unity.services.core/Runtime/Environments/Unity.Services.Core.Environments.asmdef)
Required property 'name' not set (Packages/com.unity.services.core/Runtime/Scheduler/Unity.Services.Core.Scheduler.asmdef)
Required property 'name' not set (Packages/com.unity.services.core/Runtime/Environments/Internal/Unity.Services.Core.Environments.Internal.asmdef)
Required property 'name' not set (Packages/com.unity.collab-proxy/Editor/Collaborate/Unity.CollabProxy.Editor.asmdef)
Required property 'name' not set (Packages/com.unity.collab-proxy/Tests/Editor/Collaborate/Unity.CollabProxy.EditorTests.asmdef)
Required property 'name' not set (Packages/com.unity.services.core/Runtime/Threading/Unity.Services.Core.Threading.asmdef)
Required property 'name' not set (Packages/com.unity.collab-proxy/Tests/Editor/PlasticSCM/Unity.PlasticSCM.EditorTests.asmdef)
Required property 'name' not set (Packages/com.unity.services.core/Runtime/Device/Unity.Services.Core.Device.asmdef)
Required property 'name' not set (Packages/com.unity.services.core/Runtime/Telemetry/Unity.Services.Core.Telemetry.asmdef)
Required property 'name' not set (Packages/com.unity.services.core/Runtime/Networking/Unity.Services.Core.Networking.asmdef)
Required property 'name' not set (Packages/com.unity.services.core/Runtime/Core.Internal/Unity.Services.Core.Internal.asmdef)
Required property 'name' not set (Packages/com.unity.services.core/Runtime/Configuration/Unity.Services.Core.Configuration.asmdef)
Required property 'name' not set (Packages/com.unity.services.core/Runtime/Core/Unity.Services.Core.asmdef)
Required property 'name' not set (Packages/com.unity.services.core/Editor/Core/Unity.Services.Core.Editor.asmdef)
Required property 'name' not set (Packages/com.unity.services.core/Editor/Core/Configuration/Unity.Services.Core.Configuration.Editor.asmdef)
Required property 'name' not set (Packages/com.unity.services.core/Runtime/Analytics/Unity.Services.Core.Analytics.asmdef)
Required property 'name' not set (Packages/com.unity.services.core/Runtime/Registration/Unity.Services.Core.Registration.asmdef)
Required property 'name' not set (Packages/com.unity.services.core/Runtime/Environments/Unity.Services.Core.Environments.asmdef)
Required property 'name' not set (Packages/com.unity.services.core/Runtime/Scheduler/Unity.Services.Core.Scheduler.asmdef)
Required property 'name' not set (Packages/com.unity.services.core/Runtime/Environments/Internal/Unity.Services.Core.Environments.Internal.asmdef)
Required property 'name' not set (Packages/com.unity.collab-proxy/Editor/Collaborate/Unity.CollabProxy.Editor.asmdef)
Required property 'name' not set (Packages/com.unity.collab-proxy/Tests/Editor/Collaborate/Unity.CollabProxy.EditorTests.asmdef)
Required property 'name' not set (Packages/com.unity.services.core/Runtime/Threading/Unity.Services.Core.Threading.asmdef)
Required property 'name' not set (Packages/com.unity.collab-proxy/Tests/Editor/PlasticSCM/Unity.PlasticSCM.EditorTests.asmdef)
Required property 'name' not set (Packages/com.unity.services.core/Runtime/Device/Unity.Services.Core.Device.asmdef)
Begin MonoManager ReloadAssembly
Symbol file LoadedFromMemory doesn't match image C:\Users\a0108\OneDrive\바탕 화면\sokovan\Library\PackageCache\com.unity.visualscripting@1.8.0\Editor\VisualScripting.Core\Dependencies\YamlDotNet\Unity.VisualScripting.YamlDotNet.dll
Symbol file LoadedFromMemory doesn't match image C:\Users\a0108\OneDrive\바탕 화면\sokovan\Library\PackageCache\com.unity.visualscripting@1.8.0\Editor\VisualScripting.Core\Dependencies\DotNetZip\Unity.VisualScripting.IonicZip.dll
Native extension for WindowsStandalone target not found
Native extension for WebGL target not found
Refreshing native plugins compatible for Editor in 0.57 ms, found 3 plugins.
Preloading 0 native plugins for Editor in 0.00 ms.
Required property 'name' not set (Packages/com.unity.services.core/Runtime/Telemetry/Unity.Services.Core.Telemetry.asmdef)
Required property 'name' not set (Packages/com.unity.services.core/Runtime/Networking/Unity.Services.Core.Networking.asmdef)
Required property 'name' not set (Packages/com.unity.services.core/Runtime/Core.Internal/Unity.Services.Core.Internal.asmdef)
Required property 'name' not set (Packages/com.unity.services.core/Runtime/Configuration/Unity.Services.Core.Configuration.asmdef)
Required property 'name' not set (Packages/com.unity.services.core/Runtime/Core/Unity.Services.Core.asmdef)
Required property 'name' not set (Packages/com.unity.services.core/Editor/Core/Unity.Services.Core.Editor.asmdef)
Required property 'name' not set (Packages/com.unity.services.core/Editor/Core/Configuration/Unity.Services.Core.Configuration.Editor.asmdef)
Required property 'name' not set (Packages/com.unity.services.core/Runtime/Analytics/Unity.Services.Core.Analytics.asmdef)
Required property 'name' not set (Packages/com.unity.services.core/Runtime/Registration/Unity.Services.Core.Registration.asmdef)
Required property 'name' not set (Packages/com.unity.services.core/Runtime/Environments/Unity.Services.Core.Environments.asmdef)
Required property 'name' not set (Packages/com.unity.services.core/Runtime/Scheduler/Unity.Services.Core.Scheduler.asmdef)
Required property 'name' not set (Packages/com.unity.services.core/Runtime/Environments/Internal/Unity.Services.Core.Environments.Internal.asmdef)
Required property 'name' not set (Packages/com.unity.collab-proxy/Editor/Collaborate/Unity.CollabProxy.Editor.asmdef)
Required property 'name' not set (Packages/com.unity.collab-proxy/Tests/Editor/Collaborate/Unity.CollabProxy.EditorTests.asmdef)
Required property 'name' not set (Packages/com.unity.services.core/Runtime/Threading/Unity.Services.Core.Threading.asmdef)
Required property 'name' not set (Packages/com.unity.collab-proxy/Tests/Editor/PlasticSCM/Unity.PlasticSCM.EditorTests.asmdef)
Required property 'name' not set (Packages/com.unity.services.core/Runtime/Device/Unity.Services.Core.Device.asmdef)
Mono: successfully reloaded assembly
- Completed reload, in  1.175 seconds
Domain Reload Profiling:
	ReloadAssembly (1177ms)
		BeginReloadAssembly (155ms)
			ExecutionOrderSort (0ms)
			DisableScriptedObjects (5ms)
			BackupInstance (0ms)
			ReleaseScriptingObjects (0ms)
			CreateAndSetChildDomain (41ms)
		EndReloadAssembly (908ms)
			LoadAssemblies (149ms)
			RebuildTransferFunctionScriptingTraits (0ms)
			SetupTypeCache (405ms)
			ReleaseScriptCaches (1ms)
			RebuildScriptCaches (30ms)
			SetupLoadedEditorAssemblies (285ms)
				LogAssemblyErrors (0ms)
				InitializePlatformSupportModulesInManaged (7ms)
				SetLoadedEditorAssemblies (1ms)
				RefreshPlugins (1ms)
				BeforeProcessingInitializeOnLoad (84ms)
				ProcessInitializeOnLoadAttributes (164ms)
				ProcessInitializeOnLoadMethodAttributes (13ms)
				AfterProcessingInitializeOnLoad (16ms)
				EditorAssembliesLoaded (0ms)
			ExecutionOrderSort2 (0ms)
			AwakeInstancesAfterBackupRestoration (9ms)
Platform modules already initialized, skipping
Refreshing native plugins compatible for Editor in 1.55 ms, found 3 plugins.
Preloading 0 native plugins for Editor in 0.00 ms.
Unloading 3044 Unused Serialized files (Serialized files now loaded: 0)
Unloading 15 unused Assets / (24.7 KB). Loaded Objects now: 3687.
Memory consumption went from 117.1 MB to 117.0 MB.
Total: 2.363700 ms (FindLiveObjects: 0.282400 ms CreateObjectMapping: 0.124100 ms MarkObjects: 1.934100 ms  DeleteObjects: 0.022400 ms)

AssetImportParameters requested are different than current active one (requested -> active):
  custom:video-decoder-ogg-theora: a1e56fd34408186e4bbccfd4996cb3dc -> 
  custom:container-muxer-webm: aa71ff27fc2769a1b78a27578f13a17b -> 
  custom:container-demuxer-webm: 4f35f7cbe854078d1ac9338744f61a02 -> 
  custom:video-encoder-webm-vp8: eb34c28f22e8b96e1ab97ce403110664 -> 
  custom:video-codec-MediaFoundation-h265: 746d11721c4dcdbdad8f713fa42b33f4 -> 
  custom:audio-encoder-webm-vorbis: bf7c407c2cedff20999df2af8eb42d56 -> 
  custom:framework-win-MediaFoundation: 216162199b28c13a410421893ffa2e32 -> 
  custom:container-demuxer-ogg: 62fdf1f143b41e24485cea50d1cbac27 -> 
  custom:video-decoder-webm-vp8: 9c59270c3fd7afecdb556c50c9e8de78 -> 
  custom:audio-decoder-ogg-vorbis: bf7c407c2cedff20999df2af8eb42d56 -> 
========================================================================
Received Prepare
Registering precompiled user dll's ...
Registered in 0.009831 seconds.
Required property 'name' not set (Packages/com.unity.services.core/Runtime/Telemetry/Unity.Services.Core.Telemetry.asmdef)
Required property 'name' not set (Packages/com.unity.services.core/Runtime/Networking/Unity.Services.Core.Networking.asmdef)
Required property 'name' not set (Packages/com.unity.services.core/Runtime/Core.Internal/Unity.Services.Core.Internal.asmdef)
Required property 'name' not set (Packages/com.unity.services.core/Runtime/Configuration/Unity.Services.Core.Configuration.asmdef)
Required property 'name' not set (Packages/com.unity.services.core/Runtime/Core/Unity.Services.Core.asmdef)
Required property 'name' not set (Packages/com.unity.services.core/Editor/Core/Unity.Services.Core.Editor.asmdef)
Required property 'name' not set (Packages/com.unity.services.core/Editor/Core/Configuration/Unity.Services.Core.Configuration.Editor.asmdef)
Required property 'name' not set (Packages/com.unity.services.core/Runtime/Analytics/Unity.Services.Core.Analytics.asmdef)
Required property 'name' not set (Packages/com.unity.services.core/Runtime/Registration/Unity.Services.Core.Registration.asmdef)
Required property 'name' not set (Packages/com.unity.services.core/Runtime/Environments/Unity.Services.Core.Environments.asmdef)
Required property 'name' not set (Packages/com.unity.services.core/Runtime/Scheduler/Unity.Services.Core.Scheduler.asmdef)
Required property 'name' not set (Packages/com.unity.services.core/Runtime/Environments/Internal/Unity.Services.Core.Environments.Internal.asmdef)
Required property 'name' not set (Packages/com.unity.collab-proxy/Editor/Collaborate/Unity.CollabProxy.Editor.asmdef)
Required property 'name' not set (Packages/com.unity.collab-proxy/Tests/Editor/Collaborate/Unity.CollabProxy.EditorTests.asmdef)
Required property 'name' not set (Packages/com.unity.services.core/Runtime/Threading/Unity.Services.Core.Threading.asmdef)
Required property 'name' not set (Packages/com.unity.collab-proxy/Tests/Editor/PlasticSCM/Unity.PlasticSCM.EditorTests.asmdef)
Required property 'name' not set (Packages/com.unity.services.core/Runtime/Device/Unity.Services.Core.Device.asmdef)
Required property 'name' not set (Packages/com.unity.services.core/Runtime/Telemetry/Unity.Services.Core.Telemetry.asmdef)
Required property 'name' not set (Packages/com.unity.services.core/Runtime/Networking/Unity.Services.Core.Networking.asmdef)
Required property 'name' not set (Packages/com.unity.services.core/Runtime/Core.Internal/Unity.Services.Core.Internal.asmdef)
Required property 'name' not set (Packages/com.unity.services.core/Runtime/Configuration/Unity.Services.Core.Configuration.asmdef)
Required property 'name' not set (Packages/com.unity.services.core/Runtime/Core/Unity.Services.Core.asmdef)
Required property 'name' not set (Packages/com.unity.services.core/Editor/Core/Unity.Services.Core.Editor.asmdef)
Required property 'name' not set (Packages/com.unity.services.core/Editor/Core/Configuration/Unity.Services.Core.Configuration.Editor.asmdef)
Required property 'name' not set (Packages/com.unity.services.core/Runtime/Analytics/Unity.Services.Core.Analytics.asmdef)
Required property 'name' not set (Packages/com.unity.services.core/Runtime/Registration/Unity.Services.Core.Registration.asmdef)
Required property 'name' not set (Packages/com.unity.services.core/Runtime/Environments/Unity.Services.Core.Environments.asmdef)
Required property 'name' not set (Packages/com.unity.services.core/Runtime/Scheduler/Unity.Services.Core.Scheduler.asmdef)
Required property 'name' not set (Packages/com.unity.services.core/Runtime/Environments/Internal/Unity.Services.Core.Environments.Internal.asmdef)
Required property 'name' not set (Packages/com.unity.collab-proxy/Editor/Collaborate/Unity.CollabProxy.Editor.asmdef)
Required property 'name' not set (Packages/com.unity.collab-proxy/Tests/Editor/Collaborate/Unity.CollabProxy.EditorTests.asmdef)
Required property 'name' not set (Packages/com.unity.services.core/Runtime/Threading/Unity.Services.Core.Threading.asmdef)
Required property 'name' not set (Packages/com.unity.collab-proxy/Tests/Editor/PlasticSCM/Unity.PlasticSCM.EditorTests.asmdef)
Required property 'name' not set (Packages/com.unity.services.core/Runtime/Device/Unity.Services.Core.Device.asmdef)
Begin MonoManager ReloadAssembly
Symbol file LoadedFromMemory doesn't match image C:\Users\a0108\OneDrive\바탕 화면\sokovan\Library\PackageCache\com.unity.visualscripting@1.8.0\Editor\VisualScripting.Core\Dependencies\YamlDotNet\Unity.VisualScripting.YamlDotNet.dll
Symbol file LoadedFromMemory doesn't match image C:\Users\a0108\OneDrive\바탕 화면\sokovan\Library\PackageCache\com.unity.visualscripting@1.8.0\Editor\VisualScripting.Core\Dependencies\DotNetZip\Unity.VisualScripting.IonicZip.dll
Native extension for WindowsStandalone target not found
Native extension for WebGL target not found
Refreshing native plugins compatible for Editor in 0.71 ms, found 3 plugins.
Preloading 0 native plugins for Editor in 0.00 ms.
Required property 'name' not set (Packages/com.unity.services.core/Runtime/Telemetry/Unity.Services.Core.Telemetry.asmdef)
Required property 'name' not set (Packages/com.unity.services.core/Runtime/Networking/Unity.Services.Core.Networking.asmdef)
Required property 'name' not set (Packages/com.unity.services.core/Runtime/Core.Internal/Unity.Services.Core.Internal.asmdef)
Required property 'name' not set (Packages/com.unity.services.core/Runtime/Configuration/Unity.Services.Core.Configuration.asmdef)
Required property 'name' not set (Packages/com.unity.services.core/Runtime/Core/Unity.Services.Core.asmdef)
Required property 'name' not set (Packages/com.unity.services.core/Editor/Core/Unity.Services.Core.Editor.asmdef)
Required property 'name' not set (Packages/com.unity.services.core/Editor/Core/Configuration/Unity.Services.Core.Configuration.Editor.asmdef)
Required property 'name' not set (Packages/com.unity.services.core/Runtime/Analytics/Unity.Services.Core.Analytics.asmdef)
Required property 'name' not set (Packages/com.unity.services.core/Runtime/Registration/Unity.Services.Core.Registration.asmdef)
Required property 'name' not set (Packages/com.unity.services.core/Runtime/Environments/Unity.Services.Core.Environments.asmdef)
Required property 'name' not set (Packages/com.unity.services.core/Runtime/Scheduler/Unity.Services.Core.Scheduler.asmdef)
Required property 'name' not set (Packages/com.unity.services.core/Runtime/Environments/Internal/Unity.Services.Core.Environments.Internal.asmdef)
Required property 'name' not set (Packages/com.unity.collab-proxy/Editor/Collaborate/Unity.CollabProxy.Editor.asmdef)
Required property 'name' not set (Packages/com.unity.collab-proxy/Tests/Editor/Collaborate/Unity.CollabProxy.EditorTests.asmdef)
Required property 'name' not set (Packages/com.unity.services.core/Runtime/Threading/Unity.Services.Core.Threading.asmdef)
Required property 'name' not set (Packages/com.unity.collab-proxy/Tests/Editor/PlasticSCM/Unity.PlasticSCM.EditorTests.asmdef)
Required property 'name' not set (Packages/com.unity.services.core/Runtime/Device/Unity.Services.Core.Device.asmdef)
Mono: successfully reloaded assembly
- Completed reload, in  3.042 seconds
Domain Reload Profiling:
	ReloadAssembly (3043ms)
		BeginReloadAssembly (533ms)
			ExecutionOrderSort (0ms)
			DisableScriptedObjects (13ms)
			BackupInstance (0ms)
			ReleaseScriptingObjects (0ms)
			CreateAndSetChildDomain (108ms)
		EndReloadAssembly (2181ms)
			LoadAssemblies (418ms)
			RebuildTransferFunctionScriptingTraits (0ms)
			SetupTypeCache (765ms)
			ReleaseScriptCaches (2ms)
			RebuildScriptCaches (97ms)
			SetupLoadedEditorAssemblies (925ms)
				LogAssemblyErrors (0ms)
				InitializePlatformSupportModulesInManaged (20ms)
				SetLoadedEditorAssemblies (1ms)
				RefreshPlugins (1ms)
				BeforeProcessingInitializeOnLoad (261ms)
				ProcessInitializeOnLoadAttributes (556ms)
				ProcessInitializeOnLoadMethodAttributes (39ms)
				AfterProcessingInitializeOnLoad (47ms)
				EditorAssembliesLoaded (0ms)
			ExecutionOrderSort2 (0ms)
			AwakeInstancesAfterBackupRestoration (27ms)
Platform modules already initialized, skipping
Refreshing native plugins compatible for Editor in 5.55 ms, found 3 plugins.
Preloading 0 native plugins for Editor in 0.00 ms.
Unloading 3044 Unused Serialized files (Serialized files now loaded: 0)
Unloading 15 unused Assets / (24.7 KB). Loaded Objects now: 3690.
Memory consumption went from 117.1 MB to 117.0 MB.
Total: 5.119300 ms (FindLiveObjects: 0.241300 ms CreateObjectMapping: 0.103500 ms MarkObjects: 4.728900 ms  DeleteObjects: 0.043000 ms)

AssetImportParameters requested are different than current active one (requested -> active):
  custom:video-decoder-ogg-theora: a1e56fd34408186e4bbccfd4996cb3dc -> 
  custom:container-muxer-webm: aa71ff27fc2769a1b78a27578f13a17b -> 
  custom:container-demuxer-webm: 4f35f7cbe854078d1ac9338744f61a02 -> 
  custom:video-encoder-webm-vp8: eb34c28f22e8b96e1ab97ce403110664 -> 
  custom:video-codec-MediaFoundation-h265: 746d11721c4dcdbdad8f713fa42b33f4 -> 
  custom:audio-encoder-webm-vorbis: bf7c407c2cedff20999df2af8eb42d56 -> 
  custom:framework-win-MediaFoundation: 216162199b28c13a410421893ffa2e32 -> 
  custom:container-demuxer-ogg: 62fdf1f143b41e24485cea50d1cbac27 -> 
  custom:video-decoder-webm-vp8: 9c59270c3fd7afecdb556c50c9e8de78 -> 
  custom:audio-decoder-ogg-vorbis: bf7c407c2cedff20999df2af8eb42d56 -> 
========================================================================
Received Prepare
Registering precompiled user dll's ...
Registered in 0.008761 seconds.
Required property 'name' not set (Packages/com.unity.services.core/Runtime/Telemetry/Unity.Services.Core.Telemetry.asmdef)
Required property 'name' not set (Packages/com.unity.services.core/Runtime/Networking/Unity.Services.Core.Networking.asmdef)
Required property 'name' not set (Packages/com.unity.services.core/Runtime/Core.Internal/Unity.Services.Core.Internal.asmdef)
Required property 'name' not set (Packages/com.unity.services.core/Runtime/Configuration/Unity.Services.Core.Configuration.asmdef)
Required property 'name' not set (Packages/com.unity.services.core/Runtime/Core/Unity.Services.Core.asmdef)
Required property 'name' not set (Packages/com.unity.services.core/Editor/Core/Unity.Services.Core.Editor.asmdef)
Required property 'name' not set (Packages/com.unity.services.core/Editor/Core/Configuration/Unity.Services.Core.Configuration.Editor.asmdef)
Required property 'name' not set (Packages/com.unity.services.core/Runtime/Analytics/Unity.Services.Core.Analytics.asmdef)
Required property 'name' not set (Packages/com.unity.services.core/Runtime/Registration/Unity.Services.Core.Registration.asmdef)
Required property 'name' not set (Packages/com.unity.services.core/Runtime/Environments/Unity.Services.Core.Environments.asmdef)
Required property 'name' not set (Packages/com.unity.services.core/Runtime/Scheduler/Unity.Services.Core.Scheduler.asmdef)
Required property 'name' not set (Packages/com.unity.services.core/Runtime/Environments/Internal/Unity.Services.Core.Environments.Internal.asmdef)
Required property 'name' not set (Packages/com.unity.collab-proxy/Editor/Collaborate/Unity.CollabProxy.Editor.asmdef)
Required property 'name' not set (Packages/com.unity.collab-proxy/Tests/Editor/Collaborate/Unity.CollabProxy.EditorTests.asmdef)
Required property 'name' not set (Packages/com.unity.services.core/Runtime/Threading/Unity.Services.Core.Threading.asmdef)
Required property 'name' not set (Packages/com.unity.collab-proxy/Tests/Editor/PlasticSCM/Unity.PlasticSCM.EditorTests.asmdef)
Required property 'name' not set (Packages/com.unity.services.core/Runtime/Device/Unity.Services.Core.Device.asmdef)
Required property 'name' not set (Packages/com.unity.services.core/Runtime/Telemetry/Unity.Services.Core.Telemetry.asmdef)
Required property 'name' not set (Packages/com.unity.services.core/Runtime/Networking/Unity.Services.Core.Networking.asmdef)
Required property 'name' not set (Packages/com.unity.services.core/Runtime/Core.Internal/Unity.Services.Core.Internal.asmdef)
Required property 'name' not set (Packages/com.unity.services.core/Runtime/Configuration/Unity.Services.Core.Configuration.asmdef)
Required property 'name' not set (Packages/com.unity.services.core/Runtime/Core/Unity.Services.Core.asmdef)
Required property 'name' not set (Packages/com.unity.services.core/Editor/Core/Unity.Services.Core.Editor.asmdef)
Required property 'name' not set (Packages/com.unity.services.core/Editor/Core/Configuration/Unity.Services.Core.Configuration.Editor.asmdef)
Required property 'name' not set (Packages/com.unity.services.core/Runtime/Analytics/Unity.Services.Core.Analytics.asmdef)
Required property 'name' not set (Packages/com.unity.services.core/Runtime/Registration/Unity.Services.Core.Registration.asmdef)
Required property 'name' not set (Packages/com.unity.services.core/Runtime/Environments/Unity.Services.Core.Environments.asmdef)
Required property 'name' not set (Packages/com.unity.services.core/Runtime/Scheduler/Unity.Services.Core.Scheduler.asmdef)
Required property 'name' not set (Packages/com.unity.services.core/Runtime/Environments/Internal/Unity.Services.Core.Environments.Internal.asmdef)
Required property 'name' not set (Packages/com.unity.collab-proxy/Editor/Collaborate/Unity.CollabProxy.Editor.asmdef)
Required property 'name' not set (Packages/com.unity.collab-proxy/Tests/Editor/Collaborate/Unity.CollabProxy.EditorTests.asmdef)
Required property 'name' not set (Packages/com.unity.services.core/Runtime/Threading/Unity.Services.Core.Threading.asmdef)
Required property 'name' not set (Packages/com.unity.collab-proxy/Tests/Editor/PlasticSCM/Unity.PlasticSCM.EditorTests.asmdef)
Required property 'name' not set (Packages/com.unity.services.core/Runtime/Device/Unity.Services.Core.Device.asmdef)
Begin MonoManager ReloadAssembly
Symbol file LoadedFromMemory doesn't match image C:\Users\a0108\OneDrive\바탕 화면\sokovan\Library\PackageCache\com.unity.visualscripting@1.8.0\Editor\VisualScripting.Core\Dependencies\YamlDotNet\Unity.VisualScripting.YamlDotNet.dll
Symbol file LoadedFromMemory doesn't match image C:\Users\a0108\OneDrive\바탕 화면\sokovan\Library\PackageCache\com.unity.visualscripting@1.8.0\Editor\VisualScripting.Core\Dependencies\DotNetZip\Unity.VisualScripting.IonicZip.dll
Native extension for WindowsStandalone target not found
Native extension for WebGL target not found
Refreshing native plugins compatible for Editor in 0.75 ms, found 3 plugins.
Preloading 0 native plugins for Editor in 0.00 ms.
Required property 'name' not set (Packages/com.unity.services.core/Runtime/Telemetry/Unity.Services.Core.Telemetry.asmdef)
Required property 'name' not set (Packages/com.unity.services.core/Runtime/Networking/Unity.Services.Core.Networking.asmdef)
Required property 'name' not set (Packages/com.unity.services.core/Runtime/Core.Internal/Unity.Services.Core.Internal.asmdef)
Required property 'name' not set (Packages/com.unity.services.core/Runtime/Configuration/Unity.Services.Core.Configuration.asmdef)
Required property 'name' not set (Packages/com.unity.services.core/Runtime/Core/Unity.Services.Core.asmdef)
Required property 'name' not set (Packages/com.unity.services.core/Editor/Core/Unity.Services.Core.Editor.asmdef)
Required property 'name' not set (Packages/com.unity.services.core/Editor/Core/Configuration/Unity.Services.Core.Configuration.Editor.asmdef)
Required property 'name' not set (Packages/com.unity.services.core/Runtime/Analytics/Unity.Services.Core.Analytics.asmdef)
Required property 'name' not set (Packages/com.unity.services.core/Runtime/Registration/Unity.Services.Core.Registration.asmdef)
Required property 'name' not set (Packages/com.unity.services.core/Runtime/Environments/Unity.Services.Core.Environments.asmdef)
Required property 'name' not set (Packages/com.unity.services.core/Runtime/Scheduler/Unity.Services.Core.Scheduler.asmdef)
Required property 'name' not set (Packages/com.unity.services.core/Runtime/Environments/Internal/Unity.Services.Core.Environments.Internal.asmdef)
Required property 'name' not set (Packages/com.unity.collab-proxy/Editor/Collaborate/Unity.CollabProxy.Editor.asmdef)
Required property 'name' not set (Packages/com.unity.collab-proxy/Tests/Editor/Collaborate/Unity.CollabProxy.EditorTests.asmdef)
Required property 'name' not set (Packages/com.unity.services.core/Runtime/Threading/Unity.Services.Core.Threading.asmdef)
Required property 'name' not set (Packages/com.unity.collab-proxy/Tests/Editor/PlasticSCM/Unity.PlasticSCM.EditorTests.asmdef)
Required property 'name' not set (Packages/com.unity.services.core/Runtime/Device/Unity.Services.Core.Device.asmdef)
Mono: successfully reloaded assembly
- Completed reload, in  1.228 seconds
Domain Reload Profiling:
	ReloadAssembly (1228ms)
		BeginReloadAssembly (247ms)
			ExecutionOrderSort (0ms)
			DisableScriptedObjects (4ms)
			BackupInstance (0ms)
			ReleaseScriptingObjects (0ms)
			CreateAndSetChildDomain (31ms)
		EndReloadAssembly (728ms)
			LoadAssemblies (227ms)
			RebuildTransferFunctionScriptingTraits (0ms)
			SetupTypeCache (202ms)
			ReleaseScriptCaches (1ms)
			RebuildScriptCaches (31ms)
			SetupLoadedEditorAssemblies (304ms)
				LogAssemblyErrors (0ms)
				InitializePlatformSupportModulesInManaged (18ms)
				SetLoadedEditorAssemblies (1ms)
				RefreshPlugins (1ms)
				BeforeProcessingInitializeOnLoad (75ms)
				ProcessInitializeOnLoadAttributes (176ms)
				ProcessInitializeOnLoadMethodAttributes (18ms)
				AfterProcessingInitializeOnLoad (15ms)
				EditorAssembliesLoaded (0ms)
			ExecutionOrderSort2 (0ms)
			AwakeInstancesAfterBackupRestoration (11ms)
Platform modules already initialized, skipping
Refreshing native plugins compatible for Editor in 2.08 ms, found 3 plugins.
Preloading 0 native plugins for Editor in 0.00 ms.
Unloading 3044 Unused Serialized files (Serialized files now loaded: 0)
Unloading 15 unused Assets / (24.7 KB). Loaded Objects now: 3693.
Memory consumption went from 117.1 MB to 117.0 MB.
Total: 2.397500 ms (FindLiveObjects: 0.208000 ms CreateObjectMapping: 0.091200 ms MarkObjects: 2.075900 ms  DeleteObjects: 0.021500 ms)

AssetImportParameters requested are different than current active one (requested -> active):
  custom:video-decoder-ogg-theora: a1e56fd34408186e4bbccfd4996cb3dc -> 
  custom:container-muxer-webm: aa71ff27fc2769a1b78a27578f13a17b -> 
  custom:container-demuxer-webm: 4f35f7cbe854078d1ac9338744f61a02 -> 
  custom:video-encoder-webm-vp8: eb34c28f22e8b96e1ab97ce403110664 -> 
  custom:video-codec-MediaFoundation-h265: 746d11721c4dcdbdad8f713fa42b33f4 -> 
  custom:audio-encoder-webm-vorbis: bf7c407c2cedff20999df2af8eb42d56 -> 
  custom:framework-win-MediaFoundation: 216162199b28c13a410421893ffa2e32 -> 
  custom:container-demuxer-ogg: 62fdf1f143b41e24485cea50d1cbac27 -> 
  custom:video-decoder-webm-vp8: 9c59270c3fd7afecdb556c50c9e8de78 -> 
  custom:audio-decoder-ogg-vorbis: bf7c407c2cedff20999df2af8eb42d56 -> 
========================================================================
Received Prepare
Registering precompiled user dll's ...
Registered in 0.012334 seconds.
Required property 'name' not set (Packages/com.unity.services.core/Runtime/Telemetry/Unity.Services.Core.Telemetry.asmdef)
Required property 'name' not set (Packages/com.unity.services.core/Runtime/Networking/Unity.Services.Core.Networking.asmdef)
Required property 'name' not set (Packages/com.unity.services.core/Runtime/Core.Internal/Unity.Services.Core.Internal.asmdef)
Required property 'name' not set (Packages/com.unity.services.core/Runtime/Configuration/Unity.Services.Core.Configuration.asmdef)
Required property 'name' not set (Packages/com.unity.services.core/Runtime/Core/Unity.Services.Core.asmdef)
Required property 'name' not set (Packages/com.unity.services.core/Editor/Core/Unity.Services.Core.Editor.asmdef)
Required property 'name' not set (Packages/com.unity.services.core/Editor/Core/Configuration/Unity.Services.Core.Configuration.Editor.asmdef)
Required property 'name' not set (Packages/com.unity.services.core/Runtime/Analytics/Unity.Services.Core.Analytics.asmdef)
Required property 'name' not set (Packages/com.unity.services.core/Runtime/Registration/Unity.Services.Core.Registration.asmdef)
Required property 'name' not set (Packages/com.unity.services.core/Runtime/Environments/Unity.Services.Core.Environments.asmdef)
Required property 'name' not set (Packages/com.unity.services.core/Runtime/Scheduler/Unity.Services.Core.Scheduler.asmdef)
Required property 'name' not set (Packages/com.unity.services.core/Runtime/Environments/Internal/Unity.Services.Core.Environments.Internal.asmdef)
Required property 'name' not set (Packages/com.unity.collab-proxy/Editor/Collaborate/Unity.CollabProxy.Editor.asmdef)
Required property 'name' not set (Packages/com.unity.collab-proxy/Tests/Editor/Collaborate/Unity.CollabProxy.EditorTests.asmdef)
Required property 'name' not set (Packages/com.unity.services.core/Runtime/Threading/Unity.Services.Core.Threading.asmdef)
Required property 'name' not set (Packages/com.unity.collab-proxy/Tests/Editor/PlasticSCM/Unity.PlasticSCM.EditorTests.asmdef)
Required property 'name' not set (Packages/com.unity.services.core/Runtime/Device/Unity.Services.Core.Device.asmdef)
Required property 'name' not set (Packages/com.unity.services.core/Runtime/Telemetry/Unity.Services.Core.Telemetry.asmdef)
Required property 'name' not set (Packages/com.unity.services.core/Runtime/Networking/Unity.Services.Core.Networking.asmdef)
Required property 'name' not set (Packages/com.unity.services.core/Runtime/Core.Internal/Unity.Services.Core.Internal.asmdef)
Required property 'name' not set (Packages/com.unity.services.core/Runtime/Configuration/Unity.Services.Core.Configuration.asmdef)
Required property 'name' not set (Packages/com.unity.services.core/Runtime/Core/Unity.Services.Core.asmdef)
Required property 'name' not set (Packages/com.unity.services.core/Editor/Core/Unity.Services.Core.Editor.asmdef)
Required property 'name' not set (Packages/com.unity.services.core/Editor/Core/Configuration/Unity.Services.Core.Configuration.Editor.asmdef)
Required property 'name' not set (Packages/com.unity.services.core/Runtime/Analytics/Unity.Services.Core.Analytics.asmdef)
Required property 'name' not set (Packages/com.unity.services.core/Runtime/Registration/Unity.Services.Core.Registration.asmdef)
Required property 'name' not set (Packages/com.unity.services.core/Runtime/Environments/Unity.Services.Core.Environments.asmdef)
Required property 'name' not set (Packages/com.unity.services.core/Runtime/Scheduler/Unity.Services.Core.Scheduler.asmdef)
Required property 'name' not set (Packages/com.unity.services.core/Runtime/Environments/Internal/Unity.Services.Core.Environments.Internal.asmdef)
Required property 'name' not set (Packages/com.unity.collab-proxy/Editor/Collaborate/Unity.CollabProxy.Editor.asmdef)
Required property 'name' not set (Packages/com.unity.collab-proxy/Tests/Editor/Collaborate/Unity.CollabProxy.EditorTests.asmdef)
Required property 'name' not set (Packages/com.unity.services.core/Runtime/Threading/Unity.Services.Core.Threading.asmdef)
Required property 'name' not set (Packages/com.unity.collab-proxy/Tests/Editor/PlasticSCM/Unity.PlasticSCM.EditorTests.asmdef)
Required property 'name' not set (Packages/com.unity.services.core/Runtime/Device/Unity.Services.Core.Device.asmdef)
Begin MonoManager ReloadAssembly
Symbol file LoadedFromMemory doesn't match image C:\Users\a0108\OneDrive\바탕 화면\sokovan\Library\PackageCache\com.unity.visualscripting@1.8.0\Editor\VisualScripting.Core\Dependencies\YamlDotNet\Unity.VisualScripting.YamlDotNet.dll
Symbol file LoadedFromMemory doesn't match image C:\Users\a0108\OneDrive\바탕 화면\sokovan\Library\PackageCache\com.unity.visualscripting@1.8.0\Editor\VisualScripting.Core\Dependencies\DotNetZip\Unity.VisualScripting.IonicZip.dll
Native extension for WindowsStandalone target not found
Native extension for WebGL target not found
Refreshing native plugins compatible for Editor in 0.52 ms, found 3 plugins.
Preloading 0 native plugins for Editor in 0.00 ms.
Required property 'name' not set (Packages/com.unity.services.core/Runtime/Telemetry/Unity.Services.Core.Telemetry.asmdef)
Required property 'name' not set (Packages/com.unity.services.core/Runtime/Networking/Unity.Services.Core.Networking.asmdef)
Required property 'name' not set (Packages/com.unity.services.core/Runtime/Core.Internal/Unity.Services.Core.Internal.asmdef)
Required property 'name' not set (Packages/com.unity.services.core/Runtime/Configuration/Unity.Services.Core.Configuration.asmdef)
Required property 'name' not set (Packages/com.unity.services.core/Runtime/Core/Unity.Services.Core.asmdef)
Required property 'name' not set (Packages/com.unity.services.core/Editor/Core/Unity.Services.Core.Editor.asmdef)
Required property 'name' not set (Packages/com.unity.services.core/Editor/Core/Configuration/Unity.Services.Core.Configuration.Editor.asmdef)
Required property 'name' not set (Packages/com.unity.services.core/Runtime/Analytics/Unity.Services.Core.Analytics.asmdef)
Required property 'name' not set (Packages/com.unity.services.core/Runtime/Registration/Unity.Services.Core.Registration.asmdef)
Required property 'name' not set (Packages/com.unity.services.core/Runtime/Environments/Unity.Services.Core.Environments.asmdef)
Required property 'name' not set (Packages/com.unity.services.core/Runtime/Scheduler/Unity.Services.Core.Scheduler.asmdef)
Required property 'name' not set (Packages/com.unity.services.core/Runtime/Environments/Internal/Unity.Services.Core.Environments.Internal.asmdef)
Required property 'name' not set (Packages/com.unity.collab-proxy/Editor/Collaborate/Unity.CollabProxy.Editor.asmdef)
Required property 'name' not set (Packages/com.unity.collab-proxy/Tests/Editor/Collaborate/Unity.CollabProxy.EditorTests.asmdef)
Required property 'name' not set (Packages/com.unity.services.core/Runtime/Threading/Unity.Services.Core.Threading.asmdef)
Required property 'name' not set (Packages/com.unity.collab-proxy/Tests/Editor/PlasticSCM/Unity.PlasticSCM.EditorTests.asmdef)
Required property 'name' not set (Packages/com.unity.services.core/Runtime/Device/Unity.Services.Core.Device.asmdef)
Mono: successfully reloaded assembly
- Completed reload, in  2.174 seconds
Domain Reload Profiling:
	ReloadAssembly (2175ms)
		BeginReloadAssembly (168ms)
			ExecutionOrderSort (0ms)
			DisableScriptedObjects (6ms)
			BackupInstance (0ms)
			ReleaseScriptingObjects (0ms)
			CreateAndSetChildDomain (27ms)
		EndReloadAssembly (1890ms)
			LoadAssemblies (124ms)
			RebuildTransferFunctionScriptingTraits (0ms)
			SetupTypeCache (514ms)
			ReleaseScriptCaches (10ms)
			RebuildScriptCaches (95ms)
			SetupLoadedEditorAssemblies (943ms)
				LogAssemblyErrors (0ms)
				InitializePlatformSupportModulesInManaged (28ms)
				SetLoadedEditorAssemblies (1ms)
				RefreshPlugins (1ms)
				BeforeProcessingInitializeOnLoad (256ms)
				ProcessInitializeOnLoadAttributes (539ms)
				ProcessInitializeOnLoadMethodAttributes (50ms)
				AfterProcessingInitializeOnLoad (67ms)
				EditorAssembliesLoaded (1ms)
			ExecutionOrderSort2 (0ms)
			AwakeInstancesAfterBackupRestoration (13ms)
Platform modules already initialized, skipping
Refreshing native plugins compatible for Editor in 12.79 ms, found 3 plugins.
Preloading 0 native plugins for Editor in 0.00 ms.
Unloading 3044 Unused Serialized files (Serialized files now loaded: 0)
Unloading 15 unused Assets / (24.7 KB). Loaded Objects now: 3696.
Memory consumption went from 117.1 MB to 117.1 MB.
Total: 5.066800 ms (FindLiveObjects: 0.381800 ms CreateObjectMapping: 0.102400 ms MarkObjects: 4.536000 ms  DeleteObjects: 0.044100 ms)

AssetImportParameters requested are different than current active one (requested -> active):
  custom:video-decoder-ogg-theora: a1e56fd34408186e4bbccfd4996cb3dc -> 
  custom:container-muxer-webm: aa71ff27fc2769a1b78a27578f13a17b -> 
  custom:container-demuxer-webm: 4f35f7cbe854078d1ac9338744f61a02 -> 
  custom:video-encoder-webm-vp8: eb34c28f22e8b96e1ab97ce403110664 -> 
  custom:video-codec-MediaFoundation-h265: 746d11721c4dcdbdad8f713fa42b33f4 -> 
  custom:audio-encoder-webm-vorbis: bf7c407c2cedff20999df2af8eb42d56 -> 
  custom:framework-win-MediaFoundation: 216162199b28c13a410421893ffa2e32 -> 
  custom:container-demuxer-ogg: 62fdf1f143b41e24485cea50d1cbac27 -> 
  custom:video-decoder-webm-vp8: 9c59270c3fd7afecdb556c50c9e8de78 -> 
  custom:audio-decoder-ogg-vorbis: bf7c407c2cedff20999df2af8eb42d56 -> 
========================================================================
Received Prepare
Registering precompiled user dll's ...
Registered in 0.009596 seconds.
Required property 'name' not set (Packages/com.unity.services.core/Runtime/Telemetry/Unity.Services.Core.Telemetry.asmdef)
Required property 'name' not set (Packages/com.unity.services.core/Runtime/Networking/Unity.Services.Core.Networking.asmdef)
Required property 'name' not set (Packages/com.unity.services.core/Runtime/Core.Internal/Unity.Services.Core.Internal.asmdef)
Required property 'name' not set (Packages/com.unity.services.core/Runtime/Configuration/Unity.Services.Core.Configuration.asmdef)
Required property 'name' not set (Packages/com.unity.services.core/Runtime/Core/Unity.Services.Core.asmdef)
Required property 'name' not set (Packages/com.unity.services.core/Editor/Core/Unity.Services.Core.Editor.asmdef)
Required property 'name' not set (Packages/com.unity.services.core/Editor/Core/Configuration/Unity.Services.Core.Configuration.Editor.asmdef)
Required property 'name' not set (Packages/com.unity.services.core/Runtime/Analytics/Unity.Services.Core.Analytics.asmdef)
Required property 'name' not set (Packages/com.unity.services.core/Runtime/Registration/Unity.Services.Core.Registration.asmdef)
Required property 'name' not set (Packages/com.unity.services.core/Runtime/Environments/Unity.Services.Core.Environments.asmdef)
Required property 'name' not set (Packages/com.unity.services.core/Runtime/Scheduler/Unity.Services.Core.Scheduler.asmdef)
Required property 'name' not set (Packages/com.unity.services.core/Runtime/Environments/Internal/Unity.Services.Core.Environments.Internal.asmdef)
Required property 'name' not set (Packages/com.unity.collab-proxy/Editor/Collaborate/Unity.CollabProxy.Editor.asmdef)
Required property 'name' not set (Packages/com.unity.collab-proxy/Tests/Editor/Collaborate/Unity.CollabProxy.EditorTests.asmdef)
Required property 'name' not set (Packages/com.unity.services.core/Runtime/Threading/Unity.Services.Core.Threading.asmdef)
Required property 'name' not set (Packages/com.unity.collab-proxy/Tests/Editor/PlasticSCM/Unity.PlasticSCM.EditorTests.asmdef)
Required property 'name' not set (Packages/com.unity.services.core/Runtime/Device/Unity.Services.Core.Device.asmdef)
Required property 'name' not set (Packages/com.unity.services.core/Runtime/Telemetry/Unity.Services.Core.Telemetry.asmdef)
Required property 'name' not set (Packages/com.unity.services.core/Runtime/Networking/Unity.Services.Core.Networking.asmdef)
Required property 'name' not set (Packages/com.unity.services.core/Runtime/Core.Internal/Unity.Services.Core.Internal.asmdef)
Required property 'name' not set (Packages/com.unity.services.core/Runtime/Configuration/Unity.Services.Core.Configuration.asmdef)
Required property 'name' not set (Packages/com.unity.services.core/Runtime/Core/Unity.Services.Core.asmdef)
Required property 'name' not set (Packages/com.unity.services.core/Editor/Core/Unity.Services.Core.Editor.asmdef)
Required property 'name' not set (Packages/com.unity.services.core/Editor/Core/Configuration/Unity.Services.Core.Configuration.Editor.asmdef)
Required property 'name' not set (Packages/com.unity.services.core/Runtime/Analytics/Unity.Services.Core.Analytics.asmdef)
Required property 'name' not set (Packages/com.unity.services.core/Runtime/Registration/Unity.Services.Core.Registration.asmdef)
Required property 'name' not set (Packages/com.unity.services.core/Runtime/Environments/Unity.Services.Core.Environments.asmdef)
Required property 'name' not set (Packages/com.unity.services.core/Runtime/Scheduler/Unity.Services.Core.Scheduler.asmdef)
Required property 'name' not set (Packages/com.unity.services.core/Runtime/Environments/Internal/Unity.Services.Core.Environments.Internal.asmdef)
Required property 'name' not set (Packages/com.unity.collab-proxy/Editor/Collaborate/Unity.CollabProxy.Editor.asmdef)
Required property 'name' not set (Packages/com.unity.collab-proxy/Tests/Editor/Collaborate/Unity.CollabProxy.EditorTests.asmdef)
Required property 'name' not set (Packages/com.unity.services.core/Runtime/Threading/Unity.Services.Core.Threading.asmdef)
Required property 'name' not set (Packages/com.unity.collab-proxy/Tests/Editor/PlasticSCM/Unity.PlasticSCM.EditorTests.asmdef)
Required property 'name' not set (Packages/com.unity.services.core/Runtime/Device/Unity.Services.Core.Device.asmdef)
Begin MonoManager ReloadAssembly
Symbol file LoadedFromMemory doesn't match image C:\Users\a0108\OneDrive\바탕 화면\sokovan\Library\PackageCache\com.unity.visualscripting@1.8.0\Editor\VisualScripting.Core\Dependencies\YamlDotNet\Unity.VisualScripting.YamlDotNet.dll
Symbol file LoadedFromMemory doesn't match image C:\Users\a0108\OneDrive\바탕 화면\sokovan\Library\PackageCache\com.unity.visualscripting@1.8.0\Editor\VisualScripting.Core\Dependencies\DotNetZip\Unity.VisualScripting.IonicZip.dll
Native extension for WindowsStandalone target not found
Native extension for WebGL target not found
Refreshing native plugins compatible for Editor in 0.68 ms, found 3 plugins.
Preloading 0 native plugins for Editor in 0.00 ms.
Required property 'name' not set (Packages/com.unity.services.core/Runtime/Telemetry/Unity.Services.Core.Telemetry.asmdef)
Required property 'name' not set (Packages/com.unity.services.core/Runtime/Networking/Unity.Services.Core.Networking.asmdef)
Required property 'name' not set (Packages/com.unity.services.core/Runtime/Core.Internal/Unity.Services.Core.Internal.asmdef)
Required property 'name' not set (Packages/com.unity.services.core/Runtime/Configuration/Unity.Services.Core.Configuration.asmdef)
Required property 'name' not set (Packages/com.unity.services.core/Runtime/Core/Unity.Services.Core.asmdef)
Required property 'name' not set (Packages/com.unity.services.core/Editor/Core/Unity.Services.Core.Editor.asmdef)
Required property 'name' not set (Packages/com.unity.services.core/Editor/Core/Configuration/Unity.Services.Core.Configuration.Editor.asmdef)
Required property 'name' not set (Packages/com.unity.services.core/Runtime/Analytics/Unity.Services.Core.Analytics.asmdef)
Required property 'name' not set (Packages/com.unity.services.core/Runtime/Registration/Unity.Services.Core.Registration.asmdef)
Required property 'name' not set (Packages/com.unity.services.core/Runtime/Environments/Unity.Services.Core.Environments.asmdef)
Required property 'name' not set (Packages/com.unity.services.core/Runtime/Scheduler/Unity.Services.Core.Scheduler.asmdef)
Required property 'name' not set (Packages/com.unity.services.core/Runtime/Environments/Internal/Unity.Services.Core.Environments.Internal.asmdef)
Required property 'name' not set (Packages/com.unity.collab-proxy/Editor/Collaborate/Unity.CollabProxy.Editor.asmdef)
Required property 'name' not set (Packages/com.unity.collab-proxy/Tests/Editor/Collaborate/Unity.CollabProxy.EditorTests.asmdef)
Required property 'name' not set (Packages/com.unity.services.core/Runtime/Threading/Unity.Services.Core.Threading.asmdef)
Required property 'name' not set (Packages/com.unity.collab-proxy/Tests/Editor/PlasticSCM/Unity.PlasticSCM.EditorTests.asmdef)
Required property 'name' not set (Packages/com.unity.services.core/Runtime/Device/Unity.Services.Core.Device.asmdef)
Mono: successfully reloaded assembly
- Completed reload, in  4.062 seconds
Domain Reload Profiling:
	ReloadAssembly (4063ms)
		BeginReloadAssembly (219ms)
			ExecutionOrderSort (0ms)
			DisableScriptedObjects (5ms)
			BackupInstance (0ms)
			ReleaseScriptingObjects (0ms)
			CreateAndSetChildDomain (50ms)
		EndReloadAssembly (3414ms)
			LoadAssemblies (249ms)
			RebuildTransferFunctionScriptingTraits (0ms)
			SetupTypeCache (1088ms)
			ReleaseScriptCaches (1ms)
			RebuildScriptCaches (176ms)
			SetupLoadedEditorAssemblies (1536ms)
				LogAssemblyErrors (0ms)
				InitializePlatformSupportModulesInManaged (27ms)
				SetLoadedEditorAssemblies (1ms)
				RefreshPlugins (1ms)
				BeforeProcessingInitializeOnLoad (443ms)
				ProcessInitializeOnLoadAttributes (876ms)
				ProcessInitializeOnLoadMethodAttributes (112ms)
				AfterProcessingInitializeOnLoad (76ms)
				EditorAssembliesLoaded (0ms)
			ExecutionOrderSort2 (0ms)
			AwakeInstancesAfterBackupRestoration (63ms)
Platform modules already initialized, skipping
Refreshing native plugins compatible for Editor in 5.01 ms, found 3 plugins.
Preloading 0 native plugins for Editor in 0.00 ms.
Unloading 3044 Unused Serialized files (Serialized files now loaded: 0)
Unloading 15 unused Assets / (24.7 KB). Loaded Objects now: 3699.
Memory consumption went from 117.1 MB to 117.1 MB.
Total: 5.259000 ms (FindLiveObjects: 1.071300 ms CreateObjectMapping: 0.173600 ms MarkObjects: 3.970800 ms  DeleteObjects: 0.040600 ms)

AssetImportParameters requested are different than current active one (requested -> active):
  custom:video-decoder-ogg-theora: a1e56fd34408186e4bbccfd4996cb3dc -> 
  custom:container-muxer-webm: aa71ff27fc2769a1b78a27578f13a17b -> 
  custom:container-demuxer-webm: 4f35f7cbe854078d1ac9338744f61a02 -> 
  custom:video-encoder-webm-vp8: eb34c28f22e8b96e1ab97ce403110664 -> 
  custom:video-codec-MediaFoundation-h265: 746d11721c4dcdbdad8f713fa42b33f4 -> 
  custom:audio-encoder-webm-vorbis: bf7c407c2cedff20999df2af8eb42d56 -> 
  custom:framework-win-MediaFoundation: 216162199b28c13a410421893ffa2e32 -> 
  custom:container-demuxer-ogg: 62fdf1f143b41e24485cea50d1cbac27 -> 
  custom:video-decoder-webm-vp8: 9c59270c3fd7afecdb556c50c9e8de78 -> 
  custom:audio-decoder-ogg-vorbis: bf7c407c2cedff20999df2af8eb42d56 -> 
========================================================================
Received Prepare
Registering precompiled user dll's ...
Registered in 0.022035 seconds.
Required property 'name' not set (Packages/com.unity.services.core/Runtime/Telemetry/Unity.Services.Core.Telemetry.asmdef)
Required property 'name' not set (Packages/com.unity.services.core/Runtime/Networking/Unity.Services.Core.Networking.asmdef)
Required property 'name' not set (Packages/com.unity.services.core/Runtime/Core.Internal/Unity.Services.Core.Internal.asmdef)
Required property 'name' not set (Packages/com.unity.services.core/Runtime/Configuration/Unity.Services.Core.Configuration.asmdef)
Required property 'name' not set (Packages/com.unity.services.core/Runtime/Core/Unity.Services.Core.asmdef)
Required property 'name' not set (Packages/com.unity.services.core/Editor/Core/Unity.Services.Core.Editor.asmdef)
Required property 'name' not set (Packages/com.unity.services.core/Editor/Core/Configuration/Unity.Services.Core.Configuration.Editor.asmdef)
Required property 'name' not set (Packages/com.unity.services.core/Runtime/Analytics/Unity.Services.Core.Analytics.asmdef)
Required property 'name' not set (Packages/com.unity.services.core/Runtime/Registration/Unity.Services.Core.Registration.asmdef)
Required property 'name' not set (Packages/com.unity.services.core/Runtime/Environments/Unity.Services.Core.Environments.asmdef)
Required property 'name' not set (Packages/com.unity.services.core/Runtime/Scheduler/Unity.Services.Core.Scheduler.asmdef)
Required property 'name' not set (Packages/com.unity.services.core/Runtime/Environments/Internal/Unity.Services.Core.Environments.Internal.asmdef)
Required property 'name' not set (Packages/com.unity.collab-proxy/Editor/Collaborate/Unity.CollabProxy.Editor.asmdef)
Required property 'name' not set (Packages/com.unity.collab-proxy/Tests/Editor/Collaborate/Unity.CollabProxy.EditorTests.asmdef)
Required property 'name' not set (Packages/com.unity.services.core/Runtime/Threading/Unity.Services.Core.Threading.asmdef)
Required property 'name' not set (Packages/com.unity.collab-proxy/Tests/Editor/PlasticSCM/Unity.PlasticSCM.EditorTests.asmdef)
Required property 'name' not set (Packages/com.unity.services.core/Runtime/Device/Unity.Services.Core.Device.asmdef)
Required property 'name' not set (Packages/com.unity.services.core/Runtime/Telemetry/Unity.Services.Core.Telemetry.asmdef)
Required property 'name' not set (Packages/com.unity.services.core/Runtime/Networking/Unity.Services.Core.Networking.asmdef)
Required property 'name' not set (Packages/com.unity.services.core/Runtime/Core.Internal/Unity.Services.Core.Internal.asmdef)
Required property 'name' not set (Packages/com.unity.services.core/Runtime/Configuration/Unity.Services.Core.Configuration.asmdef)
Required property 'name' not set (Packages/com.unity.services.core/Runtime/Core/Unity.Services.Core.asmdef)
Required property 'name' not set (Packages/com.unity.services.core/Editor/Core/Unity.Services.Core.Editor.asmdef)
Required property 'name' not set (Packages/com.unity.services.core/Editor/Core/Configuration/Unity.Services.Core.Configuration.Editor.asmdef)
Required property 'name' not set (Packages/com.unity.services.core/Runtime/Analytics/Unity.Services.Core.Analytics.asmdef)
Required property 'name' not set (Packages/com.unity.services.core/Runtime/Registration/Unity.Services.Core.Registration.asmdef)
Required property 'name' not set (Packages/com.unity.services.core/Runtime/Environments/Unity.Services.Core.Environments.asmdef)
Required property 'name' not set (Packages/com.unity.services.core/Runtime/Scheduler/Unity.Services.Core.Scheduler.asmdef)
Required property 'name' not set (Packages/com.unity.services.core/Runtime/Environments/Internal/Unity.Services.Core.Environments.Internal.asmdef)
Required property 'name' not set (Packages/com.unity.collab-proxy/Editor/Collaborate/Unity.CollabProxy.Editor.asmdef)
Required property 'name' not set (Packages/com.unity.collab-proxy/Tests/Editor/Collaborate/Unity.CollabProxy.EditorTests.asmdef)
Required property 'name' not set (Packages/com.unity.services.core/Runtime/Threading/Unity.Services.Core.Threading.asmdef)
Required property 'name' not set (Packages/com.unity.collab-proxy/Tests/Editor/PlasticSCM/Unity.PlasticSCM.EditorTests.asmdef)
Required property 'name' not set (Packages/com.unity.services.core/Runtime/Device/Unity.Services.Core.Device.asmdef)
Begin MonoManager ReloadAssembly
Symbol file LoadedFromMemory doesn't match image C:\Users\a0108\OneDrive\바탕 화면\sokovan\Library\PackageCache\com.unity.visualscripting@1.8.0\Editor\VisualScripting.Core\Dependencies\YamlDotNet\Unity.VisualScripting.YamlDotNet.dll
Symbol file LoadedFromMemory doesn't match image C:\Users\a0108\OneDrive\바탕 화면\sokovan\Library\PackageCache\com.unity.visualscripting@1.8.0\Editor\VisualScripting.Core\Dependencies\DotNetZip\Unity.VisualScripting.IonicZip.dll
Native extension for WindowsStandalone target not found
Native extension for WebGL target not found
Refreshing native plugins compatible for Editor in 0.64 ms, found 3 plugins.
Preloading 0 native plugins for Editor in 0.00 ms.
Required property 'name' not set (Packages/com.unity.services.core/Runtime/Telemetry/Unity.Services.Core.Telemetry.asmdef)
Required property 'name' not set (Packages/com.unity.services.core/Runtime/Networking/Unity.Services.Core.Networking.asmdef)
Required property 'name' not set (Packages/com.unity.services.core/Runtime/Core.Internal/Unity.Services.Core.Internal.asmdef)
Required property 'name' not set (Packages/com.unity.services.core/Runtime/Configuration/Unity.Services.Core.Configuration.asmdef)
Required property 'name' not set (Packages/com.unity.services.core/Runtime/Core/Unity.Services.Core.asmdef)
Required property 'name' not set (Packages/com.unity.services.core/Editor/Core/Unity.Services.Core.Editor.asmdef)
Required property 'name' not set (Packages/com.unity.services.core/Editor/Core/Configuration/Unity.Services.Core.Configuration.Editor.asmdef)
Required property 'name' not set (Packages/com.unity.services.core/Runtime/Analytics/Unity.Services.Core.Analytics.asmdef)
Required property 'name' not set (Packages/com.unity.services.core/Runtime/Registration/Unity.Services.Core.Registration.asmdef)
Required property 'name' not set (Packages/com.unity.services.core/Runtime/Environments/Unity.Services.Core.Environments.asmdef)
Required property 'name' not set (Packages/com.unity.services.core/Runtime/Scheduler/Unity.Services.Core.Scheduler.asmdef)
Required property 'name' not set (Packages/com.unity.services.core/Runtime/Environments/Internal/Unity.Services.Core.Environments.Internal.asmdef)
Required property 'name' not set (Packages/com.unity.collab-proxy/Editor/Collaborate/Unity.CollabProxy.Editor.asmdef)
Required property 'name' not set (Packages/com.unity.collab-proxy/Tests/Editor/Collaborate/Unity.CollabProxy.EditorTests.asmdef)
Required property 'name' not set (Packages/com.unity.services.core/Runtime/Threading/Unity.Services.Core.Threading.asmdef)
Required property 'name' not set (Packages/com.unity.collab-proxy/Tests/Editor/PlasticSCM/Unity.PlasticSCM.EditorTests.asmdef)
Required property 'name' not set (Packages/com.unity.services.core/Runtime/Device/Unity.Services.Core.Device.asmdef)
Mono: successfully reloaded assembly
- Completed reload, in  0.838 seconds
Domain Reload Profiling:
	ReloadAssembly (839ms)
		BeginReloadAssembly (148ms)
			ExecutionOrderSort (0ms)
			DisableScriptedObjects (5ms)
			BackupInstance (0ms)
			ReleaseScriptingObjects (0ms)
			CreateAndSetChildDomain (28ms)
		EndReloadAssembly (600ms)
			LoadAssemblies (113ms)
			RebuildTransferFunctionScriptingTraits (0ms)
			SetupTypeCache (188ms)
			ReleaseScriptCaches (1ms)
			RebuildScriptCaches (29ms)
			SetupLoadedEditorAssemblies (267ms)
				LogAssemblyErrors (0ms)
				InitializePlatformSupportModulesInManaged (6ms)
				SetLoadedEditorAssemblies (0ms)
				RefreshPlugins (1ms)
				BeforeProcessingInitializeOnLoad (75ms)
				ProcessInitializeOnLoadAttributes (161ms)
				ProcessInitializeOnLoadMethodAttributes (13ms)
				AfterProcessingInitializeOnLoad (12ms)
				EditorAssembliesLoaded (0ms)
			ExecutionOrderSort2 (0ms)
			AwakeInstancesAfterBackupRestoration (7ms)
Platform modules already initialized, skipping
Refreshing native plugins compatible for Editor in 2.59 ms, found 3 plugins.
Preloading 0 native plugins for Editor in 0.00 ms.
Unloading 3044 Unused Serialized files (Serialized files now loaded: 0)
Unloading 15 unused Assets / (24.7 KB). Loaded Objects now: 3702.
Memory consumption went from 117.1 MB to 117.1 MB.
Total: 2.832400 ms (FindLiveObjects: 0.189800 ms CreateObjectMapping: 0.081900 ms MarkObjects: 2.523600 ms  DeleteObjects: 0.035900 ms)

AssetImportParameters requested are different than current active one (requested -> active):
  custom:video-decoder-ogg-theora: a1e56fd34408186e4bbccfd4996cb3dc -> 
  custom:container-muxer-webm: aa71ff27fc2769a1b78a27578f13a17b -> 
  custom:container-demuxer-webm: 4f35f7cbe854078d1ac9338744f61a02 -> 
  custom:video-encoder-webm-vp8: eb34c28f22e8b96e1ab97ce403110664 -> 
  custom:video-codec-MediaFoundation-h265: 746d11721c4dcdbdad8f713fa42b33f4 -> 
  custom:audio-encoder-webm-vorbis: bf7c407c2cedff20999df2af8eb42d56 -> 
  custom:framework-win-MediaFoundation: 216162199b28c13a410421893ffa2e32 -> 
  custom:container-demuxer-ogg: 62fdf1f143b41e24485cea50d1cbac27 -> 
  custom:video-decoder-webm-vp8: 9c59270c3fd7afecdb556c50c9e8de78 -> 
  custom:audio-decoder-ogg-vorbis: bf7c407c2cedff20999df2af8eb42d56 -> 
========================================================================
Received Prepare
Registering precompiled user dll's ...
Registered in 0.009872 seconds.
Required property 'name' not set (Packages/com.unity.services.core/Runtime/Telemetry/Unity.Services.Core.Telemetry.asmdef)
Required property 'name' not set (Packages/com.unity.services.core/Runtime/Networking/Unity.Services.Core.Networking.asmdef)
Required property 'name' not set (Packages/com.unity.services.core/Runtime/Core.Internal/Unity.Services.Core.Internal.asmdef)
Required property 'name' not set (Packages/com.unity.services.core/Runtime/Configuration/Unity.Services.Core.Configuration.asmdef)
Required property 'name' not set (Packages/com.unity.services.core/Runtime/Core/Unity.Services.Core.asmdef)
Required property 'name' not set (Packages/com.unity.services.core/Editor/Core/Unity.Services.Core.Editor.asmdef)
Required property 'name' not set (Packages/com.unity.services.core/Editor/Core/Configuration/Unity.Services.Core.Configuration.Editor.asmdef)
Required property 'name' not set (Packages/com.unity.services.core/Runtime/Analytics/Unity.Services.Core.Analytics.asmdef)
Required property 'name' not set (Packages/com.unity.services.core/Runtime/Registration/Unity.Services.Core.Registration.asmdef)
Required property 'name' not set (Packages/com.unity.services.core/Runtime/Environments/Unity.Services.Core.Environments.asmdef)
Required property 'name' not set (Packages/com.unity.services.core/Runtime/Scheduler/Unity.Services.Core.Scheduler.asmdef)
Required property 'name' not set (Packages/com.unity.services.core/Runtime/Environments/Internal/Unity.Services.Core.Environments.Internal.asmdef)
Required property 'name' not set (Packages/com.unity.collab-proxy/Editor/Collaborate/Unity.CollabProxy.Editor.asmdef)
Required property 'name' not set (Packages/com.unity.collab-proxy/Tests/Editor/Collaborate/Unity.CollabProxy.EditorTests.asmdef)
Required property 'name' not set (Packages/com.unity.services.core/Runtime/Threading/Unity.Services.Core.Threading.asmdef)
Required property 'name' not set (Packages/com.unity.collab-proxy/Tests/Editor/PlasticSCM/Unity.PlasticSCM.EditorTests.asmdef)
Required property 'name' not set (Packages/com.unity.services.core/Runtime/Device/Unity.Services.Core.Device.asmdef)
Required property 'name' not set (Packages/com.unity.services.core/Runtime/Telemetry/Unity.Services.Core.Telemetry.asmdef)
Required property 'name' not set (Packages/com.unity.services.core/Runtime/Networking/Unity.Services.Core.Networking.asmdef)
Required property 'name' not set (Packages/com.unity.services.core/Runtime/Core.Internal/Unity.Services.Core.Internal.asmdef)
Required property 'name' not set (Packages/com.unity.services.core/Runtime/Configuration/Unity.Services.Core.Configuration.asmdef)
Required property 'name' not set (Packages/com.unity.services.core/Runtime/Core/Unity.Services.Core.asmdef)
Required property 'name' not set (Packages/com.unity.services.core/Editor/Core/Unity.Services.Core.Editor.asmdef)
Required property 'name' not set (Packages/com.unity.services.core/Editor/Core/Configuration/Unity.Services.Core.Configuration.Editor.asmdef)
Required property 'name' not set (Packages/com.unity.services.core/Runtime/Analytics/Unity.Services.Core.Analytics.asmdef)
Required property 'name' not set (Packages/com.unity.services.core/Runtime/Registration/Unity.Services.Core.Registration.asmdef)
Required property 'name' not set (Packages/com.unity.services.core/Runtime/Environments/Unity.Services.Core.Environments.asmdef)
Required property 'name' not set (Packages/com.unity.services.core/Runtime/Scheduler/Unity.Services.Core.Scheduler.asmdef)
Required property 'name' not set (Packages/com.unity.services.core/Runtime/Environments/Internal/Unity.Services.Core.Environments.Internal.asmdef)
Required property 'name' not set (Packages/com.unity.collab-proxy/Editor/Collaborate/Unity.CollabProxy.Editor.asmdef)
Required property 'name' not set (Packages/com.unity.collab-proxy/Tests/Editor/Collaborate/Unity.CollabProxy.EditorTests.asmdef)
Required property 'name' not set (Packages/com.unity.services.core/Runtime/Threading/Unity.Services.Core.Threading.asmdef)
Required property 'name' not set (Packages/com.unity.collab-proxy/Tests/Editor/PlasticSCM/Unity.PlasticSCM.EditorTests.asmdef)
Required property 'name' not set (Packages/com.unity.services.core/Runtime/Device/Unity.Services.Core.Device.asmdef)
Begin MonoManager ReloadAssembly
Symbol file LoadedFromMemory doesn't match image C:\Users\a0108\OneDrive\바탕 화면\sokovan\Library\PackageCache\com.unity.visualscripting@1.8.0\Editor\VisualScripting.Core\Dependencies\YamlDotNet\Unity.VisualScripting.YamlDotNet.dll
Symbol file LoadedFromMemory doesn't match image C:\Users\a0108\OneDrive\바탕 화면\sokovan\Library\PackageCache\com.unity.visualscripting@1.8.0\Editor\VisualScripting.Core\Dependencies\DotNetZip\Unity.VisualScripting.IonicZip.dll
Native extension for WindowsStandalone target not found
Native extension for WebGL target not found
Refreshing native plugins compatible for Editor in 1.64 ms, found 3 plugins.
Preloading 0 native plugins for Editor in 0.00 ms.
Required property 'name' not set (Packages/com.unity.services.core/Runtime/Telemetry/Unity.Services.Core.Telemetry.asmdef)
Required property 'name' not set (Packages/com.unity.services.core/Runtime/Networking/Unity.Services.Core.Networking.asmdef)
Required property 'name' not set (Packages/com.unity.services.core/Runtime/Core.Internal/Unity.Services.Core.Internal.asmdef)
Required property 'name' not set (Packages/com.unity.services.core/Runtime/Configuration/Unity.Services.Core.Configuration.asmdef)
Required property 'name' not set (Packages/com.unity.services.core/Runtime/Core/Unity.Services.Core.asmdef)
Required property 'name' not set (Packages/com.unity.services.core/Editor/Core/Unity.Services.Core.Editor.asmdef)
Required property 'name' not set (Packages/com.unity.services.core/Editor/Core/Configuration/Unity.Services.Core.Configuration.Editor.asmdef)
Required property 'name' not set (Packages/com.unity.services.core/Runtime/Analytics/Unity.Services.Core.Analytics.asmdef)
Required property 'name' not set (Packages/com.unity.services.core/Runtime/Registration/Unity.Services.Core.Registration.asmdef)
Required property 'name' not set (Packages/com.unity.services.core/Runtime/Environments/Unity.Services.Core.Environments.asmdef)
Required property 'name' not set (Packages/com.unity.services.core/Runtime/Scheduler/Unity.Services.Core.Scheduler.asmdef)
Required property 'name' not set (Packages/com.unity.services.core/Runtime/Environments/Internal/Unity.Services.Core.Environments.Internal.asmdef)
Required property 'name' not set (Packages/com.unity.collab-proxy/Editor/Collaborate/Unity.CollabProxy.Editor.asmdef)
Required property 'name' not set (Packages/com.unity.collab-proxy/Tests/Editor/Collaborate/Unity.CollabProxy.EditorTests.asmdef)
Required property 'name' not set (Packages/com.unity.services.core/Runtime/Threading/Unity.Services.Core.Threading.asmdef)
Required property 'name' not set (Packages/com.unity.collab-proxy/Tests/Editor/PlasticSCM/Unity.PlasticSCM.EditorTests.asmdef)
Required property 'name' not set (Packages/com.unity.services.core/Runtime/Device/Unity.Services.Core.Device.asmdef)
Mono: successfully reloaded assembly
- Completed reload, in  2.171 seconds
Domain Reload Profiling:
	ReloadAssembly (2179ms)
		BeginReloadAssembly (174ms)
			ExecutionOrderSort (0ms)
			DisableScriptedObjects (5ms)
			BackupInstance (0ms)
			ReleaseScriptingObjects (0ms)
			CreateAndSetChildDomain (28ms)
		EndReloadAssembly (1893ms)
			LoadAssemblies (136ms)
			RebuildTransferFunctionScriptingTraits (0ms)
			SetupTypeCache (585ms)
			ReleaseScriptCaches (2ms)
			RebuildScriptCaches (93ms)
			SetupLoadedEditorAssemblies (906ms)
				LogAssemblyErrors (0ms)
				InitializePlatformSupportModulesInManaged (22ms)
				SetLoadedEditorAssemblies (0ms)
				RefreshPlugins (2ms)
				BeforeProcessingInitializeOnLoad (268ms)
				ProcessInitializeOnLoadAttributes (524ms)
				ProcessInitializeOnLoadMethodAttributes (50ms)
				AfterProcessingInitializeOnLoad (37ms)
				EditorAssembliesLoaded (2ms)
			ExecutionOrderSort2 (0ms)
			AwakeInstancesAfterBackupRestoration (22ms)
Platform modules already initialized, skipping
Refreshing native plugins compatible for Editor in 7.88 ms, found 3 plugins.
Preloading 0 native plugins for Editor in 0.00 ms.
Unloading 3044 Unused Serialized files (Serialized files now loaded: 0)
Unloading 15 unused Assets / (24.7 KB). Loaded Objects now: 3705.
Memory consumption went from 117.1 MB to 117.1 MB.
Total: 4.243300 ms (FindLiveObjects: 0.633200 ms CreateObjectMapping: 0.581900 ms MarkObjects: 2.996100 ms  DeleteObjects: 0.030500 ms)

AssetImportParameters requested are different than current active one (requested -> active):
  custom:video-decoder-ogg-theora: a1e56fd34408186e4bbccfd4996cb3dc -> 
  custom:container-muxer-webm: aa71ff27fc2769a1b78a27578f13a17b -> 
  custom:container-demuxer-webm: 4f35f7cbe854078d1ac9338744f61a02 -> 
  custom:video-encoder-webm-vp8: eb34c28f22e8b96e1ab97ce403110664 -> 
  custom:video-codec-MediaFoundation-h265: 746d11721c4dcdbdad8f713fa42b33f4 -> 
  custom:audio-encoder-webm-vorbis: bf7c407c2cedff20999df2af8eb42d56 -> 
  custom:framework-win-MediaFoundation: 216162199b28c13a410421893ffa2e32 -> 
  custom:container-demuxer-ogg: 62fdf1f143b41e24485cea50d1cbac27 -> 
  custom:video-decoder-webm-vp8: 9c59270c3fd7afecdb556c50c9e8de78 -> 
  custom:audio-decoder-ogg-vorbis: bf7c407c2cedff20999df2af8eb42d56 -> 
========================================================================
Received Prepare
Registering precompiled user dll's ...
Registered in 0.009689 seconds.
Required property 'name' not set (Packages/com.unity.services.core/Runtime/Telemetry/Unity.Services.Core.Telemetry.asmdef)
Required property 'name' not set (Packages/com.unity.services.core/Runtime/Networking/Unity.Services.Core.Networking.asmdef)
Required property 'name' not set (Packages/com.unity.services.core/Runtime/Core.Internal/Unity.Services.Core.Internal.asmdef)
Required property 'name' not set (Packages/com.unity.services.core/Runtime/Configuration/Unity.Services.Core.Configuration.asmdef)
Required property 'name' not set (Packages/com.unity.services.core/Runtime/Core/Unity.Services.Core.asmdef)
Required property 'name' not set (Packages/com.unity.services.core/Editor/Core/Unity.Services.Core.Editor.asmdef)
Required property 'name' not set (Packages/com.unity.services.core/Editor/Core/Configuration/Unity.Services.Core.Configuration.Editor.asmdef)
Required property 'name' not set (Packages/com.unity.services.core/Runtime/Analytics/Unity.Services.Core.Analytics.asmdef)
Required property 'name' not set (Packages/com.unity.services.core/Runtime/Registration/Unity.Services.Core.Registration.asmdef)
Required property 'name' not set (Packages/com.unity.services.core/Runtime/Environments/Unity.Services.Core.Environments.asmdef)
Required property 'name' not set (Packages/com.unity.services.core/Runtime/Scheduler/Unity.Services.Core.Scheduler.asmdef)
Required property 'name' not set (Packages/com.unity.services.core/Runtime/Environments/Internal/Unity.Services.Core.Environments.Internal.asmdef)
Required property 'name' not set (Packages/com.unity.collab-proxy/Editor/Collaborate/Unity.CollabProxy.Editor.asmdef)
Required property 'name' not set (Packages/com.unity.collab-proxy/Tests/Editor/Collaborate/Unity.CollabProxy.EditorTests.asmdef)
Required property 'name' not set (Packages/com.unity.services.core/Runtime/Threading/Unity.Services.Core.Threading.asmdef)
Required property 'name' not set (Packages/com.unity.collab-proxy/Tests/Editor/PlasticSCM/Unity.PlasticSCM.EditorTests.asmdef)
Required property 'name' not set (Packages/com.unity.services.core/Runtime/Device/Unity.Services.Core.Device.asmdef)
Required property 'name' not set (Packages/com.unity.services.core/Runtime/Telemetry/Unity.Services.Core.Telemetry.asmdef)
Required property 'name' not set (Packages/com.unity.services.core/Runtime/Networking/Unity.Services.Core.Networking.asmdef)
Required property 'name' not set (Packages/com.unity.services.core/Runtime/Core.Internal/Unity.Services.Core.Internal.asmdef)
Required property 'name' not set (Packages/com.unity.services.core/Runtime/Configuration/Unity.Services.Core.Configuration.asmdef)
Required property 'name' not set (Packages/com.unity.services.core/Runtime/Core/Unity.Services.Core.asmdef)
Required property 'name' not set (Packages/com.unity.services.core/Editor/Core/Unity.Services.Core.Editor.asmdef)
Required property 'name' not set (Packages/com.unity.services.core/Editor/Core/Configuration/Unity.Services.Core.Configuration.Editor.asmdef)
Required property 'name' not set (Packages/com.unity.services.core/Runtime/Analytics/Unity.Services.Core.Analytics.asmdef)
Required property 'name' not set (Packages/com.unity.services.core/Runtime/Registration/Unity.Services.Core.Registration.asmdef)
Required property 'name' not set (Packages/com.unity.services.core/Runtime/Environments/Unity.Services.Core.Environments.asmdef)
Required property 'name' not set (Packages/com.unity.services.core/Runtime/Scheduler/Unity.Services.Core.Scheduler.asmdef)
Required property 'name' not set (Packages/com.unity.services.core/Runtime/Environments/Internal/Unity.Services.Core.Environments.Internal.asmdef)
Required property 'name' not set (Packages/com.unity.collab-proxy/Editor/Collaborate/Unity.CollabProxy.Editor.asmdef)
Required property 'name' not set (Packages/com.unity.collab-proxy/Tests/Editor/Collaborate/Unity.CollabProxy.EditorTests.asmdef)
Required property 'name' not set (Packages/com.unity.services.core/Runtime/Threading/Unity.Services.Core.Threading.asmdef)
Required property 'name' not set (Packages/com.unity.collab-proxy/Tests/Editor/PlasticSCM/Unity.PlasticSCM.EditorTests.asmdef)
Required property 'name' not set (Packages/com.unity.services.core/Runtime/Device/Unity.Services.Core.Device.asmdef)
Begin MonoManager ReloadAssembly
Symbol file LoadedFromMemory doesn't match image C:\Users\a0108\OneDrive\바탕 화면\sokovan\Library\PackageCache\com.unity.visualscripting@1.8.0\Editor\VisualScripting.Core\Dependencies\YamlDotNet\Unity.VisualScripting.YamlDotNet.dll
Symbol file LoadedFromMemory doesn't match image C:\Users\a0108\OneDrive\바탕 화면\sokovan\Library\PackageCache\com.unity.visualscripting@1.8.0\Editor\VisualScripting.Core\Dependencies\DotNetZip\Unity.VisualScripting.IonicZip.dll
Native extension for WindowsStandalone target not found
Native extension for WebGL target not found
Refreshing native plugins compatible for Editor in 0.46 ms, found 3 plugins.
Preloading 0 native plugins for Editor in 0.00 ms.
Required property 'name' not set (Packages/com.unity.services.core/Runtime/Telemetry/Unity.Services.Core.Telemetry.asmdef)
Required property 'name' not set (Packages/com.unity.services.core/Runtime/Networking/Unity.Services.Core.Networking.asmdef)
Required property 'name' not set (Packages/com.unity.services.core/Runtime/Core.Internal/Unity.Services.Core.Internal.asmdef)
Required property 'name' not set (Packages/com.unity.services.core/Runtime/Configuration/Unity.Services.Core.Configuration.asmdef)
Required property 'name' not set (Packages/com.unity.services.core/Runtime/Core/Unity.Services.Core.asmdef)
Required property 'name' not set (Packages/com.unity.services.core/Editor/Core/Unity.Services.Core.Editor.asmdef)
Required property 'name' not set (Packages/com.unity.services.core/Editor/Core/Configuration/Unity.Services.Core.Configuration.Editor.asmdef)
Required property 'name' not set (Packages/com.unity.services.core/Runtime/Analytics/Unity.Services.Core.Analytics.asmdef)
Required property 'name' not set (Packages/com.unity.services.core/Runtime/Registration/Unity.Services.Core.Registration.asmdef)
Required property 'name' not set (Packages/com.unity.services.core/Runtime/Environments/Unity.Services.Core.Environments.asmdef)
Required property 'name' not set (Packages/com.unity.services.core/Runtime/Scheduler/Unity.Services.Core.Scheduler.asmdef)
Required property 'name' not set (Packages/com.unity.services.core/Runtime/Environments/Internal/Unity.Services.Core.Environments.Internal.asmdef)
Required property 'name' not set (Packages/com.unity.collab-proxy/Editor/Collaborate/Unity.CollabProxy.Editor.asmdef)
Required property 'name' not set (Packages/com.unity.collab-proxy/Tests/Editor/Collaborate/Unity.CollabProxy.EditorTests.asmdef)
Required property 'name' not set (Packages/com.unity.services.core/Runtime/Threading/Unity.Services.Core.Threading.asmdef)
Required property 'name' not set (Packages/com.unity.collab-proxy/Tests/Editor/PlasticSCM/Unity.PlasticSCM.EditorTests.asmdef)
Required property 'name' not set (Packages/com.unity.services.core/Runtime/Device/Unity.Services.Core.Device.asmdef)
Mono: successfully reloaded assembly
- Completed reload, in  1.237 seconds
Domain Reload Profiling:
	ReloadAssembly (1238ms)
		BeginReloadAssembly (172ms)
			ExecutionOrderSort (0ms)
			DisableScriptedObjects (6ms)
			BackupInstance (0ms)
			ReleaseScriptingObjects (0ms)
			CreateAndSetChildDomain (39ms)
		EndReloadAssembly (853ms)
			LoadAssemblies (188ms)
			RebuildTransferFunctionScriptingTraits (0ms)
			SetupTypeCache (354ms)
			ReleaseScriptCaches (1ms)
			RebuildScriptCaches (28ms)
			SetupLoadedEditorAssemblies (257ms)
				LogAssemblyErrors (0ms)
				InitializePlatformSupportModulesInManaged (6ms)
				SetLoadedEditorAssemblies (0ms)
				RefreshPlugins (1ms)
				BeforeProcessingInitializeOnLoad (79ms)
				ProcessInitializeOnLoadAttributes (147ms)
				ProcessInitializeOnLoadMethodAttributes (14ms)
				AfterProcessingInitializeOnLoad (10ms)
				EditorAssembliesLoaded (0ms)
			ExecutionOrderSort2 (0ms)
			AwakeInstancesAfterBackupRestoration (6ms)
Platform modules already initialized, skipping
Refreshing native plugins compatible for Editor in 4.87 ms, found 3 plugins.
Preloading 0 native plugins for Editor in 0.00 ms.
Unloading 3044 Unused Serialized files (Serialized files now loaded: 0)
Unloading 15 unused Assets / (24.7 KB). Loaded Objects now: 3708.
Memory consumption went from 117.1 MB to 117.1 MB.
Total: 5.922800 ms (FindLiveObjects: 0.332900 ms CreateObjectMapping: 0.175200 ms MarkObjects: 5.350900 ms  DeleteObjects: 0.061800 ms)

AssetImportParameters requested are different than current active one (requested -> active):
  custom:video-decoder-ogg-theora: a1e56fd34408186e4bbccfd4996cb3dc -> 
  custom:container-muxer-webm: aa71ff27fc2769a1b78a27578f13a17b -> 
  custom:container-demuxer-webm: 4f35f7cbe854078d1ac9338744f61a02 -> 
  custom:video-encoder-webm-vp8: eb34c28f22e8b96e1ab97ce403110664 -> 
  custom:video-codec-MediaFoundation-h265: 746d11721c4dcdbdad8f713fa42b33f4 -> 
  custom:audio-encoder-webm-vorbis: bf7c407c2cedff20999df2af8eb42d56 -> 
  custom:framework-win-MediaFoundation: 216162199b28c13a410421893ffa2e32 -> 
  custom:container-demuxer-ogg: 62fdf1f143b41e24485cea50d1cbac27 -> 
  custom:video-decoder-webm-vp8: 9c59270c3fd7afecdb556c50c9e8de78 -> 
  custom:audio-decoder-ogg-vorbis: bf7c407c2cedff20999df2af8eb42d56 -> 
========================================================================
Received Prepare
Registering precompiled user dll's ...
Registered in 0.009553 seconds.
Required property 'name' not set (Packages/com.unity.services.core/Runtime/Telemetry/Unity.Services.Core.Telemetry.asmdef)
Required property 'name' not set (Packages/com.unity.services.core/Runtime/Networking/Unity.Services.Core.Networking.asmdef)
Required property 'name' not set (Packages/com.unity.services.core/Runtime/Core.Internal/Unity.Services.Core.Internal.asmdef)
Required property 'name' not set (Packages/com.unity.services.core/Runtime/Configuration/Unity.Services.Core.Configuration.asmdef)
Required property 'name' not set (Packages/com.unity.services.core/Runtime/Core/Unity.Services.Core.asmdef)
Required property 'name' not set (Packages/com.unity.services.core/Editor/Core/Unity.Services.Core.Editor.asmdef)
Required property 'name' not set (Packages/com.unity.services.core/Editor/Core/Configuration/Unity.Services.Core.Configuration.Editor.asmdef)
Required property 'name' not set (Packages/com.unity.services.core/Runtime/Analytics/Unity.Services.Core.Analytics.asmdef)
Required property 'name' not set (Packages/com.unity.services.core/Runtime/Registration/Unity.Services.Core.Registration.asmdef)
Required property 'name' not set (Packages/com.unity.services.core/Runtime/Environments/Unity.Services.Core.Environments.asmdef)
Required property 'name' not set (Packages/com.unity.services.core/Runtime/Scheduler/Unity.Services.Core.Scheduler.asmdef)
Required property 'name' not set (Packages/com.unity.services.core/Runtime/Environments/Internal/Unity.Services.Core.Environments.Internal.asmdef)
Required property 'name' not set (Packages/com.unity.collab-proxy/Editor/Collaborate/Unity.CollabProxy.Editor.asmdef)
Required property 'name' not set (Packages/com.unity.collab-proxy/Tests/Editor/Collaborate/Unity.CollabProxy.EditorTests.asmdef)
Required property 'name' not set (Packages/com.unity.services.core/Runtime/Threading/Unity.Services.Core.Threading.asmdef)
Required property 'name' not set (Packages/com.unity.collab-proxy/Tests/Editor/PlasticSCM/Unity.PlasticSCM.EditorTests.asmdef)
Required property 'name' not set (Packages/com.unity.services.core/Runtime/Device/Unity.Services.Core.Device.asmdef)
Required property 'name' not set (Packages/com.unity.services.core/Runtime/Telemetry/Unity.Services.Core.Telemetry.asmdef)
Required property 'name' not set (Packages/com.unity.services.core/Runtime/Networking/Unity.Services.Core.Networking.asmdef)
Required property 'name' not set (Packages/com.unity.services.core/Runtime/Core.Internal/Unity.Services.Core.Internal.asmdef)
Required property 'name' not set (Packages/com.unity.services.core/Runtime/Configuration/Unity.Services.Core.Configuration.asmdef)
Required property 'name' not set (Packages/com.unity.services.core/Runtime/Core/Unity.Services.Core.asmdef)
Required property 'name' not set (Packages/com.unity.services.core/Editor/Core/Unity.Services.Core.Editor.asmdef)
Required property 'name' not set (Packages/com.unity.services.core/Editor/Core/Configuration/Unity.Services.Core.Configuration.Editor.asmdef)
Required property 'name' not set (Packages/com.unity.services.core/Runtime/Analytics/Unity.Services.Core.Analytics.asmdef)
Required property 'name' not set (Packages/com.unity.services.core/Runtime/Registration/Unity.Services.Core.Registration.asmdef)
Required property 'name' not set (Packages/com.unity.services.core/Runtime/Environments/Unity.Services.Core.Environments.asmdef)
Required property 'name' not set (Packages/com.unity.services.core/Runtime/Scheduler/Unity.Services.Core.Scheduler.asmdef)
Required property 'name' not set (Packages/com.unity.services.core/Runtime/Environments/Internal/Unity.Services.Core.Environments.Internal.asmdef)
Required property 'name' not set (Packages/com.unity.collab-proxy/Editor/Collaborate/Unity.CollabProxy.Editor.asmdef)
Required property 'name' not set (Packages/com.unity.collab-proxy/Tests/Editor/Collaborate/Unity.CollabProxy.EditorTests.asmdef)
Required property 'name' not set (Packages/com.unity.services.core/Runtime/Threading/Unity.Services.Core.Threading.asmdef)
Required property 'name' not set (Packages/com.unity.collab-proxy/Tests/Editor/PlasticSCM/Unity.PlasticSCM.EditorTests.asmdef)
Required property 'name' not set (Packages/com.unity.services.core/Runtime/Device/Unity.Services.Core.Device.asmdef)
Begin MonoManager ReloadAssembly
Symbol file LoadedFromMemory doesn't match image C:\Users\a0108\OneDrive\바탕 화면\sokovan\Library\PackageCache\com.unity.visualscripting@1.8.0\Editor\VisualScripting.Core\Dependencies\YamlDotNet\Unity.VisualScripting.YamlDotNet.dll
Symbol file LoadedFromMemory doesn't match image C:\Users\a0108\OneDrive\바탕 화면\sokovan\Library\PackageCache\com.unity.visualscripting@1.8.0\Editor\VisualScripting.Core\Dependencies\DotNetZip\Unity.VisualScripting.IonicZip.dll
Native extension for WindowsStandalone target not found
Native extension for WebGL target not found
Refreshing native plugins compatible for Editor in 0.68 ms, found 3 plugins.
Preloading 0 native plugins for Editor in 0.00 ms.
Required property 'name' not set (Packages/com.unity.services.core/Runtime/Telemetry/Unity.Services.Core.Telemetry.asmdef)
Required property 'name' not set (Packages/com.unity.services.core/Runtime/Networking/Unity.Services.Core.Networking.asmdef)
Required property 'name' not set (Packages/com.unity.services.core/Runtime/Core.Internal/Unity.Services.Core.Internal.asmdef)
Required property 'name' not set (Packages/com.unity.services.core/Runtime/Configuration/Unity.Services.Core.Configuration.asmdef)
Required property 'name' not set (Packages/com.unity.services.core/Runtime/Core/Unity.Services.Core.asmdef)
Required property 'name' not set (Packages/com.unity.services.core/Editor/Core/Unity.Services.Core.Editor.asmdef)
Required property 'name' not set (Packages/com.unity.services.core/Editor/Core/Configuration/Unity.Services.Core.Configuration.Editor.asmdef)
Required property 'name' not set (Packages/com.unity.services.core/Runtime/Analytics/Unity.Services.Core.Analytics.asmdef)
Required property 'name' not set (Packages/com.unity.services.core/Runtime/Registration/Unity.Services.Core.Registration.asmdef)
Required property 'name' not set (Packages/com.unity.services.core/Runtime/Environments/Unity.Services.Core.Environments.asmdef)
Required property 'name' not set (Packages/com.unity.services.core/Runtime/Scheduler/Unity.Services.Core.Scheduler.asmdef)
Required property 'name' not set (Packages/com.unity.services.core/Runtime/Environments/Internal/Unity.Services.Core.Environments.Internal.asmdef)
Required property 'name' not set (Packages/com.unity.collab-proxy/Editor/Collaborate/Unity.CollabProxy.Editor.asmdef)
Required property 'name' not set (Packages/com.unity.collab-proxy/Tests/Editor/Collaborate/Unity.CollabProxy.EditorTests.asmdef)
Required property 'name' not set (Packages/com.unity.services.core/Runtime/Threading/Unity.Services.Core.Threading.asmdef)
Required property 'name' not set (Packages/com.unity.collab-proxy/Tests/Editor/PlasticSCM/Unity.PlasticSCM.EditorTests.asmdef)
Required property 'name' not set (Packages/com.unity.services.core/Runtime/Device/Unity.Services.Core.Device.asmdef)
Mono: successfully reloaded assembly
- Completed reload, in  2.525 seconds
Domain Reload Profiling:
	ReloadAssembly (2526ms)
		BeginReloadAssembly (207ms)
			ExecutionOrderSort (0ms)
			DisableScriptedObjects (4ms)
			BackupInstance (0ms)
			ReleaseScriptingObjects (0ms)
			CreateAndSetChildDomain (30ms)
		EndReloadAssembly (2039ms)
			LoadAssemblies (238ms)
			RebuildTransferFunctionScriptingTraits (0ms)
			SetupTypeCache (661ms)
			ReleaseScriptCaches (2ms)
			RebuildScriptCaches (112ms)
			SetupLoadedEditorAssemblies (853ms)
				LogAssemblyErrors (0ms)
				InitializePlatformSupportModulesInManaged (20ms)
				SetLoadedEditorAssemblies (1ms)
				RefreshPlugins (1ms)
				BeforeProcessingInitializeOnLoad (271ms)
				ProcessInitializeOnLoadAttributes (462ms)
				ProcessInitializeOnLoadMethodAttributes (48ms)
				AfterProcessingInitializeOnLoad (51ms)
				EditorAssembliesLoaded (0ms)
			ExecutionOrderSort2 (0ms)
			AwakeInstancesAfterBackupRestoration (22ms)
Platform modules already initialized, skipping
Refreshing native plugins compatible for Editor in 17.76 ms, found 3 plugins.
Preloading 0 native plugins for Editor in 0.00 ms.
Unloading 3044 Unused Serialized files (Serialized files now loaded: 0)
Unloading 15 unused Assets / (24.7 KB). Loaded Objects now: 3711.
Memory consumption went from 117.1 MB to 117.1 MB.
Total: 3.487800 ms (FindLiveObjects: 0.270000 ms CreateObjectMapping: 0.115200 ms MarkObjects: 3.065100 ms  DeleteObjects: 0.035600 ms)

AssetImportParameters requested are different than current active one (requested -> active):
  custom:video-decoder-ogg-theora: a1e56fd34408186e4bbccfd4996cb3dc -> 
  custom:container-muxer-webm: aa71ff27fc2769a1b78a27578f13a17b -> 
  custom:container-demuxer-webm: 4f35f7cbe854078d1ac9338744f61a02 -> 
  custom:video-encoder-webm-vp8: eb34c28f22e8b96e1ab97ce403110664 -> 
  custom:video-codec-MediaFoundation-h265: 746d11721c4dcdbdad8f713fa42b33f4 -> 
  custom:audio-encoder-webm-vorbis: bf7c407c2cedff20999df2af8eb42d56 -> 
  custom:framework-win-MediaFoundation: 216162199b28c13a410421893ffa2e32 -> 
  custom:container-demuxer-ogg: 62fdf1f143b41e24485cea50d1cbac27 -> 
  custom:video-decoder-webm-vp8: 9c59270c3fd7afecdb556c50c9e8de78 -> 
  custom:audio-decoder-ogg-vorbis: bf7c407c2cedff20999df2af8eb42d56 -> 
========================================================================
Received Prepare
Registering precompiled user dll's ...
Registered in 0.010678 seconds.
Required property 'name' not set (Packages/com.unity.services.core/Runtime/Telemetry/Unity.Services.Core.Telemetry.asmdef)
Required property 'name' not set (Packages/com.unity.services.core/Runtime/Networking/Unity.Services.Core.Networking.asmdef)
Required property 'name' not set (Packages/com.unity.services.core/Runtime/Core.Internal/Unity.Services.Core.Internal.asmdef)
Required property 'name' not set (Packages/com.unity.services.core/Runtime/Configuration/Unity.Services.Core.Configuration.asmdef)
Required property 'name' not set (Packages/com.unity.services.core/Runtime/Core/Unity.Services.Core.asmdef)
Required property 'name' not set (Packages/com.unity.services.core/Editor/Core/Unity.Services.Core.Editor.asmdef)
Required property 'name' not set (Packages/com.unity.services.core/Editor/Core/Configuration/Unity.Services.Core.Configuration.Editor.asmdef)
Required property 'name' not set (Packages/com.unity.services.core/Runtime/Analytics/Unity.Services.Core.Analytics.asmdef)
Required property 'name' not set (Packages/com.unity.services.core/Runtime/Registration/Unity.Services.Core.Registration.asmdef)
Required property 'name' not set (Packages/com.unity.services.core/Runtime/Environments/Unity.Services.Core.Environments.asmdef)
Required property 'name' not set (Packages/com.unity.services.core/Runtime/Scheduler/Unity.Services.Core.Scheduler.asmdef)
Required property 'name' not set (Packages/com.unity.services.core/Runtime/Environments/Internal/Unity.Services.Core.Environments.Internal.asmdef)
Required property 'name' not set (Packages/com.unity.collab-proxy/Editor/Collaborate/Unity.CollabProxy.Editor.asmdef)
Required property 'name' not set (Packages/com.unity.collab-proxy/Tests/Editor/Collaborate/Unity.CollabProxy.EditorTests.asmdef)
Required property 'name' not set (Packages/com.unity.services.core/Runtime/Threading/Unity.Services.Core.Threading.asmdef)
Required property 'name' not set (Packages/com.unity.collab-proxy/Tests/Editor/PlasticSCM/Unity.PlasticSCM.EditorTests.asmdef)
Required property 'name' not set (Packages/com.unity.services.core/Runtime/Device/Unity.Services.Core.Device.asmdef)
Required property 'name' not set (Packages/com.unity.services.core/Runtime/Telemetry/Unity.Services.Core.Telemetry.asmdef)
Required property 'name' not set (Packages/com.unity.services.core/Runtime/Networking/Unity.Services.Core.Networking.asmdef)
Required property 'name' not set (Packages/com.unity.services.core/Runtime/Core.Internal/Unity.Services.Core.Internal.asmdef)
Required property 'name' not set (Packages/com.unity.services.core/Runtime/Configuration/Unity.Services.Core.Configuration.asmdef)
Required property 'name' not set (Packages/com.unity.services.core/Runtime/Core/Unity.Services.Core.asmdef)
Required property 'name' not set (Packages/com.unity.services.core/Editor/Core/Unity.Services.Core.Editor.asmdef)
Required property 'name' not set (Packages/com.unity.services.core/Editor/Core/Configuration/Unity.Services.Core.Configuration.Editor.asmdef)
Required property 'name' not set (Packages/com.unity.services.core/Runtime/Analytics/Unity.Services.Core.Analytics.asmdef)
Required property 'name' not set (Packages/com.unity.services.core/Runtime/Registration/Unity.Services.Core.Registration.asmdef)
Required property 'name' not set (Packages/com.unity.services.core/Runtime/Environments/Unity.Services.Core.Environments.asmdef)
Required property 'name' not set (Packages/com.unity.services.core/Runtime/Scheduler/Unity.Services.Core.Scheduler.asmdef)
Required property 'name' not set (Packages/com.unity.services.core/Runtime/Environments/Internal/Unity.Services.Core.Environments.Internal.asmdef)
Required property 'name' not set (Packages/com.unity.collab-proxy/Editor/Collaborate/Unity.CollabProxy.Editor.asmdef)
Required property 'name' not set (Packages/com.unity.collab-proxy/Tests/Editor/Collaborate/Unity.CollabProxy.EditorTests.asmdef)
Required property 'name' not set (Packages/com.unity.services.core/Runtime/Threading/Unity.Services.Core.Threading.asmdef)
Required property 'name' not set (Packages/com.unity.collab-proxy/Tests/Editor/PlasticSCM/Unity.PlasticSCM.EditorTests.asmdef)
Required property 'name' not set (Packages/com.unity.services.core/Runtime/Device/Unity.Services.Core.Device.asmdef)
Begin MonoManager ReloadAssembly
Symbol file LoadedFromMemory doesn't match image C:\Users\a0108\OneDrive\바탕 화면\sokovan\Library\PackageCache\com.unity.visualscripting@1.8.0\Editor\VisualScripting.Core\Dependencies\YamlDotNet\Unity.VisualScripting.YamlDotNet.dll
Symbol file LoadedFromMemory doesn't match image C:\Users\a0108\OneDrive\바탕 화면\sokovan\Library\PackageCache\com.unity.visualscripting@1.8.0\Editor\VisualScripting.Core\Dependencies\DotNetZip\Unity.VisualScripting.IonicZip.dll
Native extension for WindowsStandalone target not found
Native extension for WebGL target not found
Refreshing native plugins compatible for Editor in 0.46 ms, found 3 plugins.
Preloading 0 native plugins for Editor in 0.00 ms.
Required property 'name' not set (Packages/com.unity.services.core/Runtime/Telemetry/Unity.Services.Core.Telemetry.asmdef)
Required property 'name' not set (Packages/com.unity.services.core/Runtime/Networking/Unity.Services.Core.Networking.asmdef)
Required property 'name' not set (Packages/com.unity.services.core/Runtime/Core.Internal/Unity.Services.Core.Internal.asmdef)
Required property 'name' not set (Packages/com.unity.services.core/Runtime/Configuration/Unity.Services.Core.Configuration.asmdef)
Required property 'name' not set (Packages/com.unity.services.core/Runtime/Core/Unity.Services.Core.asmdef)
Required property 'name' not set (Packages/com.unity.services.core/Editor/Core/Unity.Services.Core.Editor.asmdef)
Required property 'name' not set (Packages/com.unity.services.core/Editor/Core/Configuration/Unity.Services.Core.Configuration.Editor.asmdef)
Required property 'name' not set (Packages/com.unity.services.core/Runtime/Analytics/Unity.Services.Core.Analytics.asmdef)
Required property 'name' not set (Packages/com.unity.services.core/Runtime/Registration/Unity.Services.Core.Registration.asmdef)
Required property 'name' not set (Packages/com.unity.services.core/Runtime/Environments/Unity.Services.Core.Environments.asmdef)
Required property 'name' not set (Packages/com.unity.services.core/Runtime/Scheduler/Unity.Services.Core.Scheduler.asmdef)
Required property 'name' not set (Packages/com.unity.services.core/Runtime/Environments/Internal/Unity.Services.Core.Environments.Internal.asmdef)
Required property 'name' not set (Packages/com.unity.collab-proxy/Editor/Collaborate/Unity.CollabProxy.Editor.asmdef)
Required property 'name' not set (Packages/com.unity.collab-proxy/Tests/Editor/Collaborate/Unity.CollabProxy.EditorTests.asmdef)
Required property 'name' not set (Packages/com.unity.services.core/Runtime/Threading/Unity.Services.Core.Threading.asmdef)
Required property 'name' not set (Packages/com.unity.collab-proxy/Tests/Editor/PlasticSCM/Unity.PlasticSCM.EditorTests.asmdef)
Required property 'name' not set (Packages/com.unity.services.core/Runtime/Device/Unity.Services.Core.Device.asmdef)
Mono: successfully reloaded assembly
- Completed reload, in  1.252 seconds
Domain Reload Profiling:
	ReloadAssembly (1253ms)
		BeginReloadAssembly (185ms)
			ExecutionOrderSort (0ms)
			DisableScriptedObjects (5ms)
			BackupInstance (0ms)
			ReleaseScriptingObjects (0ms)
			CreateAndSetChildDomain (34ms)
		EndReloadAssembly (952ms)
			LoadAssemblies (150ms)
			RebuildTransferFunctionScriptingTraits (0ms)
			SetupTypeCache (455ms)
			ReleaseScriptCaches (1ms)
			RebuildScriptCaches (41ms)
			SetupLoadedEditorAssemblies (291ms)
				LogAssemblyErrors (0ms)
				InitializePlatformSupportModulesInManaged (7ms)
				SetLoadedEditorAssemblies (0ms)
				RefreshPlugins (1ms)
				BeforeProcessingInitializeOnLoad (83ms)
				ProcessInitializeOnLoadAttributes (168ms)
				ProcessInitializeOnLoadMethodAttributes (17ms)
				AfterProcessingInitializeOnLoad (15ms)
				EditorAssembliesLoaded (0ms)
			ExecutionOrderSort2 (0ms)
			AwakeInstancesAfterBackupRestoration (8ms)
Platform modules already initialized, skipping
Refreshing native plugins compatible for Editor in 2.08 ms, found 3 plugins.
Preloading 0 native plugins for Editor in 0.00 ms.
Unloading 3091 Unused Serialized files (Serialized files now loaded: 0)
Unloading 28 unused Assets / (0.7 MB). Loaded Objects now: 3748.
Memory consumption went from 120.3 MB to 119.6 MB.
Total: 3.073500 ms (FindLiveObjects: 0.213000 ms CreateObjectMapping: 0.081700 ms MarkObjects: 2.477000 ms  DeleteObjects: 0.300600 ms)

AssetImportParameters requested are different than current active one (requested -> active):
  custom:video-decoder-ogg-theora: a1e56fd34408186e4bbccfd4996cb3dc -> 
  custom:container-muxer-webm: aa71ff27fc2769a1b78a27578f13a17b -> 
  custom:container-demuxer-webm: 4f35f7cbe854078d1ac9338744f61a02 -> 
  custom:video-encoder-webm-vp8: eb34c28f22e8b96e1ab97ce403110664 -> 
  custom:video-codec-MediaFoundation-h265: 746d11721c4dcdbdad8f713fa42b33f4 -> 
  custom:audio-encoder-webm-vorbis: bf7c407c2cedff20999df2af8eb42d56 -> 
  custom:framework-win-MediaFoundation: 216162199b28c13a410421893ffa2e32 -> 
  custom:container-demuxer-ogg: 62fdf1f143b41e24485cea50d1cbac27 -> 
  custom:video-decoder-webm-vp8: 9c59270c3fd7afecdb556c50c9e8de78 -> 
  custom:audio-decoder-ogg-vorbis: bf7c407c2cedff20999df2af8eb42d56 -> 
